"crash_unit_id","rd_no","crash_date","unit_no","unit_type","num_passengers","vehicle_id","cmrc_veh_i","make","model","lic_plate_state","vehicle_year","vehicle_defect","vehicle_type","vehicle_use","travel_direction","maneuver","towed_i","fire_i","occupant_cnt","exceed_speed_limit_i","towed_by","towed_to","area_00_i","area_01_i","area_02_i","area_03_i","area_04_i","area_05_i","area_06_i","area_07_i","area_08_i","area_09_i","area_10_i","area_11_i","area_12_i","area_99_i","first_contact_point","cmv_id","usdot_no","ccmc_no","ilcc_no","commercial_src","gvwr","carrier_name","carrier_state","carrier_city","hazmat_placards_i","hazmat_name","un_no","hazmat_present_i","hazmat_report_i","hazmat_report_no","mcs_report_i","mcs_report_no","hazmat_vio_cause_crash_i","mcs_vio_cause_crash_i","idot_permit_no","wide_load_i","trailer1_width","trailer2_width","trailer1_length","trailer2_length","total_vehicle_length","axle_cnt","vehicle_config","cargo_body_type","load_type","hazmat_out_of_service_i","mcs_out_of_service_i","hazmat_class"
"757759","JC468693","2019-10-11T10:30:00","1","DRIVER",,"719811",,"PETERBILT MOTORS CO., DIVISION PACCAR, INC.","UNKNOWN","IL","2012","NONE","TRUCK - SINGLE UNIT","COMMERCIAL - SINGLE UNIT","S","CHANGING LANES",,,"1",,,,"true",,,,,,,,,,,,,,"FRONT",,,,,,,,,,,,,,,,,,,,,,,,,,,,,,,,,
"757760","JC468693","2019-10-11T10:30:00","2","DRIVER",,"719822",,"KIA MOTORS CORP","UNKNOWN",,"9999","NONE","TRUCK - SINGLE UNIT","COMMERCIAL - SINGLE UNIT","S","STRAIGHT AHEAD",,,"1",,,,,,,,,,,"true",,,,,,,"SIDE-LEFT",,,,,,,,,,,,,,,,,,,,,,,,,,,,,,,,,
"757688","JC468568","2019-10-11T10:30:00","1","DRIVER",,"719718",,"TOYOTA MOTOR COMPANY, LTD.","RAV4 (sport utility)","IL","2019","NONE","SPORT UTILITY VEHICLE (SUV)","PERSONAL","N","TURNING RIGHT",,,"1",,,,,"true","true",,,,,,,,,,,,"FRONT",,,,,,,,,,,,,,,,,,,,,,,,,,,,,,,,,
"757689","JC468568","2019-10-11T10:30:00","2","PARKED",,"719727",,"INFINITI","QX56","IL","2015","NONE","SPORT UTILITY VEHICLE (SUV)","PERSONAL","N","PARKED",,,"0",,,,,,,,,,,,,,"true","true",,,"TOTAL (ALL AREAS)",,,,,,,,,,,,,,,,,,,,,,,,,,,,,,,,,
"757707","JC468590","2019-10-11T10:20:00","2","DRIVER",,"719743",,"TOYOTA MOTOR COMPANY, LTD.","RAV4 (sport utility)","IL","2017","NONE","SPORT UTILITY VEHICLE (SUV)","PERSONAL","S","TURNING LEFT",,,"1",,,,,"true","true","true",,,,,,,,,,,"FRONT",,,,,,,,,,,,,,,,,,,,,,,,,,,,,,,,,
"757642","JC468467","2019-10-11T10:20:00","1","DRIVER",,"719702",,"MAZDA","6 (Six)","IL","2016","NONE","PASSENGER","PERSONAL","S","STRAIGHT AHEAD","true",,"1",,"CITY OF CHICAGO","300 EAST LOWER WACKER",,"true","true",,,,,,,,"true","true","true",,"OTHER",,,,,,,,,,,,,,,,,,,,,,,,,,,,,,,,,
"757643","JC468467","2019-10-11T10:20:00","2","DRIVER",,"719712",,"CHRYSLER","200","IL","2015","NONE","PASSENGER","PERSONAL","S","STRAIGHT AHEAD",,,"1",,,,,,,,,"true","true","true",,,,,,,"REAR-LEFT",,,,,,,,,,,,,,,,,,,,,,,,,,,,,,,,,
"757686","JC468461","2019-10-11T10:20:00","1","DRIVER",,"719716",,"DODGE","RAM 2500 VAN","IL","2018","NONE","VAN/MINI-VAN","OTHER","N","STRAIGHT AHEAD",,,"1",,,,,,,,,,,,,,,,"true",,"OTHER",,,,,,,,,,,,,,,,,,,,,,,,,,,,,,,,,
"757687","JC468461","2019-10-11T10:20:00","2","DRIVER","1","719721",,"LINCOLN-CONTINENTAL","MARK II","IL","2006","NONE","PICKUP","PERSONAL","E","STRAIGHT AHEAD","true",,"2",,"365 TOWING AND RECOVERY","2405 W. DIVISION ST",,,,"true",,,,,,,,,,,"SIDE-RIGHT",,,,,,,,,,,,,,,,,,,,,,,,,,,,,,,,,
"757633","JC468463","2019-10-11T10:00:00","1","DRIVER",,"719673",,"FORD","UNKNOWN","IL","2013","NONE","TRUCK - SINGLE UNIT","OTHER","W","OTHER",,,"1",,,,,,,"true",,,,,,,,,,,"SIDE-RIGHT",,,,,,,,,,,,,,,,,,,,,,,,,,,,,,,,,
"757634","JC468463","2019-10-11T10:00:00","2","PARKED",,"719679",,"VOLKSWAGEN","PASSAT",,"2013","UNKNOWN","PASSENGER","UNKNOWN/NA","W","PARKED",,,"0",,,,,,,,,,,"true",,,,,,,"FRONT-LEFT",,,,,,,,,,,,,,,,,,,,,,,,,,,,,,,,,
"757616","JC468432","2019-10-11T10:00:00","1","DRIVER",,"719650",,"CHEVROLET","IMPALA","IL","2007","NONE","PASSENGER","PERSONAL","E","STRAIGHT AHEAD",,,"1",,,,,"true",,,,,,,,,,,"true",,"OTHER",,,,,,,,,,,,,,,,,,,,,,,,,,,,,,,,,
"757617","JC468432","2019-10-11T10:00:00","2","DRIVER",,"719656",,"DODGE","DURANGO","IL","2012","NONE","SPORT UTILITY VEHICLE (SUV)","PERSONAL","S","OTHER",,,"1",,,,,"true","true","true","true","true",,,,,,,,,"SIDE-RIGHT",,,,,,,,,,,,,,,,,,,,,,,,,,,,,,,,,
"757691","JC468456","2019-10-11T09:59:00","2","DRIVER",,"719755","true","MACK TRAILER MFG. CO., INC., DETRIOT, MI","MACK TRAILER MFG. CO., INC., DETRIOT, MI","IL","2014","UNKNOWN","TRACTOR W/O SEMI-TRAILER","COMMERCIAL - SINGLE UNIT","E","STRAIGHT AHEAD",,,"1",,,,,"true",,,,,,,,,,,,,"FRONT",,,,,,,,,,,,,,,,,,,,,,,,,,,,,,,,,
"757609","JC468414","2019-10-11T09:50:00","1","DRIVER",,"719657",,"HONDA","CRV","IL","2016","NONE","PASSENGER","PERSONAL","N","ENTERING TRAFFIC LANE FROM PARKING","true",,"1",,"unk","unk",,,,,,,,,,"true","true","true",,,"ROOF",,,,,,,,,,,,,,,,,,,,,,,,,,,,,,,,,
"757701","JC468477","2019-10-11T09:48:00","1","DRIVER",,"719736","true","MOTOR COACH INDUSTRIES, INC.","MOTOR COACH INDUSTRIES, INC.","IL","2007","NONE","BUS OVER 15 PASS.","OTHER","NW","TURNING RIGHT",,,"1",,,,,,,"true","true",,,,,,,,,,"REAR-RIGHT","8404","1875397",,,"DRIVER","1","IDEAL CHARTER LLC","IL","CHICAGO RIDGE",,,"5614",,,,,,,,,,,,,,,,,,,,,
"757758","JC468442","2019-10-11T09:45:00","1","DRIVER",,"719792",,"TOYOTA MOTOR COMPANY, LTD.","CAMRY","IL","2008","NONE","PASSENGER","PERSONAL","W","STRAIGHT AHEAD","true",,"1",,"citywide recovery","8607 s. vincennes",,"true",,,,,,,,,,"true","true",,"TOTAL (ALL AREAS)",,,,,,,,,,,,,,,,,,,,,,,,,,,,,,,,,
"757626","JC468454","2019-10-11T09:40:00","1","DRIVER",,"719669",,"JEEP","Grand Cherokee (for vehicle years 1989 to present)","IL","2018","NONE","SPORT UTILITY VEHICLE (SUV)","PERSONAL","W","STRAIGHT AHEAD",,,"1",,,,,,,,,,,,,,,,"true",,"OTHER",,,,,,,,,,,,,,,,,,,,,,,,,,,,,,,,,
"757627","JC468454","2019-10-11T09:40:00","2","DRIVER",,"719674",,"JEEP","PATRIOT","IL","2015","NONE","SPORT UTILITY VEHICLE (SUV)","PERSONAL","W","SLOW/STOP IN TRAFFIC",,,"1",,,,,,,,,,"true",,,,,,"true",,"REAR-LEFT",,,,,,,,,,,,,,,,,,,,,,,,,,,,,,,,,
"757628","JC468454","2019-10-11T09:40:00","3","DRIVER",,"719677",,"MAZDA","6 (Six)","IL","2016","NONE","PASSENGER","PERSONAL","W","SLOW/STOP IN TRAFFIC",,,"1",,,,,,,,,,"true",,,,,,,,"REAR-LEFT",,,,,,,,,,,,,,,,,,,,,,,,,,,,,,,,,
"757593","JC468383","2019-10-11T09:40:00","1","DRIVER",,"719635",,"NISSAN","NISSAN ALTIMA","IL","2015","NONE","PASSENGER","PERSONAL","E","TURNING RIGHT","true",,"1",,"private",,,,,,,,,,,,"true","true",,,"FRONT",,,,,,,,,,,,,,,,,,,,,,,,,,,,,,,,,
"757594","JC468383","2019-10-11T09:40:00","2","DRIVER",,"719630",,"HYUNDAI","Accent","IL","2015","NONE","PASSENGER","PERSONAL","E","STRAIGHT AHEAD","false",,"1",,,,,"true",,,,,,,,,,,,,"FRONT",,,,,,,,,,,,,,,,,,,,,,,,,,,,,,,,,
"757713","JC468412","2019-10-11T09:38:00","2","DRIVER",,"719757","true","FORD","UNKNOWN","IL","2009","NONE","VAN/MINI-VAN","COMMERCIAL - SINGLE UNIT","W","STRAIGHT AHEAD",,,"1",,,,,,,,,,,,,,"true","false",,,"ROOF",,,,,,,,,,,,,,,,,,,,,,,,,,,,,,,,,
"757615","JC468423","2019-10-11T09:30:00","2","PARKED",,"719649",,"DODGE","CHARGER","IL","2011","UNKNOWN","PASSENGER","NOT IN USE","S","PARKED",,,"0",,,,,,,,,"true","true","true",,,,,,,"REAR-LEFT",,,,,,,,,,,,,,,,,,,,,,,,,,,,,,,,,
"757598","JC468400","2019-10-11T09:30:00","2","DRIVER","2","719645",,"NISSAN","Murano","IL","2007","NONE","PASSENGER","PERSONAL","W","STRAIGHT AHEAD",,,"3",,,,,,,,,"true","true","true",,,,,,,"REAR-LEFT",,,,,,,,,,,,,,,,,,,,,,,,,,,,,,,,,
"757916","JC468914","2019-10-11T09:25:00","1","DRIVER",,"719958",,"DODGE","UNKNOWN","IL","2019","UNKNOWN","PASSENGER","PERSONAL","W","STRAIGHT AHEAD",,,"1",,,,,,,,,,,,,,,,"true",,"OTHER",,,,,,,,,,,,,,,,,,,,,,,,,,,,,,,,,
"757917","JC468914","2019-10-11T09:25:00","2","DRIVER",,"719929",,"BMW","X3","IL","2015","NONE","PASSENGER","PERSONAL","W","SLOW/STOP IN TRAFFIC",,,"1",,,,,,,,,,"true",,,,,,,,"REAR-LEFT",,,,,,,,,,,,,,,,,,,,,,,,,,,,,,,,,
"757621","JC468426","2019-10-11T09:25:00","2","DRIVER",,"719667",,"FORD","Focus","IL","2014","NONE","PASSENGER","PERSONAL","E","STRAIGHT AHEAD",,,"1",,,,,,,"true","true",,,,,,,,,,"REAR-RIGHT",,,,,,,,,,,,,,,,,,,,,,,,,,,,,,,,,
"757651","JC468394","2019-10-11T09:10:00","2","DRIVER",,"719691","true","NEW FLYER","NEW FLYER","IL","2008","NONE","BUS OVER 15 PASS.","CTA","W","MERGING",,,"1",,,,,,,,,,,,,,"true",,,,"UNDER CARRIAGE","8402",,,,,,"CTA","IL","CHICAGO",,,,"N","N",,"N",,"N","N",,,,,,,,,"BUS","BUS","OTHER","false","false",
"758104","JC469146","2019-10-11T09:00:00","2","DRIVER",,"720121",,"CHRYSLER","300","IL","2010","NONE","PASSENGER","PERSONAL","W","SLOW/STOP IN TRAFFIC",,,"1",,,,,,,,,"true","true","true",,,,,,,"REAR-LEFT",,,,,,,,,,,,,,,,,,,,,,,,,,,,,,,,,
"757856","JC468828","2019-10-11T09:00:00","2","PARKED",,"719882",,"CHEVROLET","Express (full-size van)","MD","2019","UNKNOWN","VAN/MINI-VAN","OTHER","E","PARKED",,,"0",,,,,,,,,,,,,,,,"true",,"OTHER",,,,,,,,,,,,,,,,,,,,,,,,,,,,,,,,,
"757584","JC468377","2019-10-11T09:00:00","2","DRIVER",,"719621",,"LINCOLN-CONTINENTAL","NAVIGATOR","IL","2017","NONE","SPORT UTILITY VEHICLE (SUV)","RIDESHARE SERVICE","W","STRAIGHT AHEAD",,,"1",,,,,,,,,,,,,,,"true",,,"TOTAL (ALL AREAS)",,,,,,,,,,,,,,,,,,,,,,,,,,,,,,,,,
"757622","JC468366","2019-10-11T08:55:00","1","DRIVER",,"719663",,"NISSAN","Frontier","IL","2019","UNKNOWN","PICKUP","PERSONAL","E","STRAIGHT AHEAD",,,"1",,,,,,,,,,,,,,,,"true",,"OTHER",,,,,,,,,,,,,,,,,,,,,,,,,,,,,,,,,
"757624","JC468364","2019-10-11T08:55:00","1","DRIVER",,"719662",,"TOYOTA MOTOR COMPANY, LTD.","Prius","IL","2007","NONE","PASSENGER","PERSONAL","W","U-TURN","true",,"1",,"private","n/a",,"true",,,,,,,,,,"true","true",,"OTHER",,,,,,,,,,,,,,,,,,,,,,,,,,,,,,,,,
"757625","JC468364","2019-10-11T08:55:00","2","DRIVER",,"719670",,"HONDA","Odyssey (minivan)","IL","2016","NONE","VAN/MINI-VAN","PERSONAL","S","TURNING RIGHT","false",,"1",,,,,"true",,,,,,,,,,"true","true",,"OTHER",,,,,,,,,,,,,,,,,,,,,,,,,,,,,,,,,
"757569","JC468335","2019-10-11T08:43:00","2","DRIVER","4","719613","true","AMTRAN CORP, GENSIS BUSES","AMTRAN CORP, GENSIS BUSES","IL","2010","UNKNOWN","BUS OVER 15 PASS.","UNKNOWN/NA","N","STRAIGHT AHEAD",,,"5",,,,"true",,,,,,,"true",,,,,,,"SIDE-LEFT","8401",,,,,,"SUNRISE TRANSPORTATION, LLC","IL","LISLE",,,"2005",,,,,,,,,,,,,,,,"BUS","BUS","OTHER",,,
"757577","JC468345","2019-10-11T08:40:00","1","DRIVER",,"719617",,"FORD","EDGE","IL","2010","NONE","SPORT UTILITY VEHICLE (SUV)","PERSONAL","N","LEAVING TRAFFIC LANE TO PARK",,,"1",,,,,,,,,,,,,,,,"true",,"OTHER",,,,,,,,,,,,,,,,,,,,,,,,,,,,,,,,,
"757578","JC468345","2019-10-11T08:40:00","2","PARKED",,"719620",,"FORD","EXPLORER","IL","2006","NONE","SPORT UTILITY VEHICLE (SUV)","PERSONAL","E","PARKED",,,"0",,,,,,"true",,,,,,,,,,,,"FRONT",,,,,,,,,,,,,,,,,,,,,,,,,,,,,,,,,
"757601","JC468358","2019-10-11T08:35:00","1","DRIVER","2","719637",,"FORD","FUSION","OH","2013","UNKNOWN","PASSENGER","PERSONAL","W","U-TURN",,,"3",,,,,"true",,,,,,,,,,"true","true","true","FRONT",,,,,,,,,,,,,,,,,,,,,,,,,,,,,,,,,
"757602","JC468358","2019-10-11T08:35:00","2","DRIVER","1","719653",,"TOYOTA MOTOR COMPANY, LTD.","COROLLA","IL","2015","NONE","PASSENGER","TAXI/FOR HIRE","E","STRAIGHT AHEAD","true",,"2",,"PRIVATE TOW","UNKNOWN",,"true",,,,,,,,"true","true","true","true",,"UNDER CARRIAGE",,,,,,,,,,,,,,,,,,,,,,,,,,,,,,,,,
"757570","JC468349","2019-10-11T08:30:00","1","DRIVER",,"719611",,"HONDA","CIVIC","IL","2017","UNKNOWN","PASSENGER","PERSONAL","NW","STRAIGHT AHEAD",,,"1",,,,,"true",,,,,,,,,,"true","true",,"OTHER",,,,,,,,,,,,,,,,,,,,,,,,,,,,,,,,,
"757599","JC468324","2019-10-11T08:30:00","1","DRIVER","1","719638",,"CHRYSLER","200","IL","2013","UNKNOWN","PASSENGER","PERSONAL","SE","TURNING LEFT","true",,"2",,"unknown",,,"true",,,,,,,,,,"true","true",,"UNKNOWN",,,,,,,,,,,,,,,,,,,,,,,,,,,,,,,,,
"757600","JC468324","2019-10-11T08:30:00","2","DRIVER",,"719651",,"GENERAL MOTORS CORP.","TERRAIN","IL","2012","UNKNOWN","PASSENGER","PERSONAL","N","STRAIGHT AHEAD","true",,"1",,"UNKNOWN",,,,,,,,,,,,,"true","true",,"UNKNOWN",,,,,,,,,,,,,,,,,,,,,,,,,,,,,,,,,
"757649","JC468470","2019-10-11T08:15:00","2","DRIVER",,"719695",,"LINCOLN-CONTINENTAL","UNKNOWN","IL","2015","NONE","SPORT UTILITY VEHICLE (SUV)","PERSONAL","NW","SLOW/STOP IN TRAFFIC",,,"1",,,,,,,,,,"true",,,,,,,,"REAR-LEFT",,,,,,,,,,,,,,,,,,,,,,,,,,,,,,,,,
"757607","JC468356","2019-10-11T08:15:00","1","DRIVER",,"719643",,"FORD","FIESTA","IL","2012","NONE","PASSENGER","PERSONAL","N","PASSING/OVERTAKING",,,"1",,,,,,,,,,,"true","true","true","true","true",,,"ROOF",,,,,,,,,,,,,,,,,,,,,,,,,,,,,,,,,
"757608","JC468356","2019-10-11T08:15:00","2","DRIVER",,"719658",,"MACK TRUCKS, INC.","MACK TRUCKS, INC.","IL","2016","NONE","TRACTOR W/ SEMI-TRAILER","COMMERCIAL - MULTI-UNIT","N","STRAIGHT AHEAD",,,"1",,,,,,,,,,,,,,,,"true",,"OTHER",,,,,,,,,,,,,,,,,,,,,,,,,,,,,,,,,
"757565","JC468314","2019-10-11T08:05:00","2","DRIVER",,"719610",,"NISSAN","NISSAN","IL","2016","NONE","PASSENGER","PERSONAL","S","SLOW/STOP IN TRAFFIC",,,"1",,,,,,,,,,,,,"true",,,,,"ROOF",,,,,,,,,,,,,,,,,,,,,,,,,,,,,,,,,
"757889","JC468747","2019-10-11T08:00:00","1","DRIVER",,"719934",,"GENERAL MOTORS CORP.","ACADIA","IL","2014","NONE","SPORT UTILITY VEHICLE (SUV)","PERSONAL","N","STRAIGHT AHEAD",,,"1",,,,,,,,,,,,,,,,"true",,"OTHER",,,,,,,,,,,,,,,,,,,,,,,,,,,,,,,,,
"757890","JC468747","2019-10-11T08:00:00","2","DRIVER",,"720007",,"FORD","UNKNOWN","IL","2017","NONE","PASSENGER","PERSONAL","N","STRAIGHT AHEAD",,,"1",,,,,,,,,"false","true","false",,,,,,,"REAR-LEFT",,,,,,,,,,,,,,,,,,,,,,,,,,,,,,,,,
"757562","JC468331","2019-10-11T07:55:00","1","DRIVER",,"719603",,"CADILLAC","UNKNOWN","MI","2007","NONE","SPORT UTILITY VEHICLE (SUV)","UNKNOWN/NA","SE","STRAIGHT AHEAD",,,"1",,,,,,,,,,,,,,,,,"true","UNKNOWN",,,,,,,,,,,,,,,,,,,,,,,,,,,,,,,,,
"757582","JC468329","2019-10-11T07:50:00","2","DRIVER",,"719622",,"CHEVROLET","TRAVERSE","IL","2019","NONE","PASSENGER","PERSONAL","N","STRAIGHT AHEAD",,,"1",,,,,,,,,,"true",,,,,,,,"REAR-LEFT",,,,,,,,,,,,,,,,,,,,,,,,,,,,,,,,,
"757540","JC468295","2019-10-11T07:50:00","1","DRIVER",,"719592",,"PONTIAC","UNKNOWN","IL","2006","NONE","PASSENGER","PERSONAL","E","STRAIGHT AHEAD",,,"1",,,,,"true",,,,,,,,,,,,,"SIDE-RIGHT",,,,,,,,,,,,,,,,,,,,,,,,,,,,,,,,,
"757541","JC468295","2019-10-11T07:50:00","2","DRIVER",,"719581",,"HYUNDAI","ELANTRA","IL","2012","NONE","PASSENGER","PERSONAL","E","STRAIGHT AHEAD",,,"1",,,,,,,,,,,,,,,"true",,,"UNDER CARRIAGE",,,,,,,,,,,,,,,,,,,,,,,,,,,,,,,,,
"758141","JC469119","2019-10-11T07:48:00","1","DRIVER",,"720171",,"DODGE","JOURNEY","IL","2019","NONE","SPORT UTILITY VEHICLE (SUV)","PERSONAL","N","STRAIGHT AHEAD","true",,"1",,"UNKNOWN","UNKNOWN",,"true","true",,,,,,,,,,"false",,"FRONT",,,,,,,,,,,,,,,,,,,,,,,,,,,,,,,,,
"757573","JC468337","2019-10-11T07:45:00","1","DRIVER",,"719612",,"CHEVROLET","SUBURBAN","IL","2017","UNKNOWN","PASSENGER","PERSONAL","E","STRAIGHT AHEAD",,,"1",,,,,,,,,,,,,,"true","true",,,"TOTAL (ALL AREAS)",,,,,,,,,,,,,,,,,,,,,,,,,,,,,,,,,
"757574","JC468337","2019-10-11T07:45:00","2","DRIVER",,"719616",,"DODGE","CHARGER","IL","2010","UNKNOWN","PASSENGER","PERSONAL","E","STRAIGHT AHEAD",,,"1",,,,,"true",,,,,,,,,,,,,"FRONT",,,,,,,,,,,,,,,,,,,,,,,,,,,,,,,,,
"758102","JC469144","2019-10-11T07:40:00","2","DRIVER",,"720117",,"HONDA","ACCORD","IL","2013","NONE","PASSENGER","PERSONAL","S","STRAIGHT AHEAD",,,"1",,,,,,,,,,,,,"true","true",,,,"ROOF",,,,,,,,,,,,,,,,,,,,,,,,,,,,,,,,,
"757550","JC468307","2019-10-11T07:35:00","2","DRIVER",,"719590",,"LAND ROVER","LAND ROVER","IL","2011","UNKNOWN","SPORT UTILITY VEHICLE (SUV)","PERSONAL","S","TURNING LEFT",,,"1",,,,,,,,"true",,,,,,,,,,"REAR-RIGHT",,,,,,,,,,,,,,,,,,,,,,,,,,,,,,,,,
"757527","JC468283","2019-10-11T07:35:00","1","DRIVER",,"719567",,"KIA MOTORS CORP","Optima","IL","2014","NONE","PASSENGER","PERSONAL","S","STRAIGHT AHEAD",,,"1",,,,,,"true","true","true","true",,,,,,,,,"SIDE-RIGHT",,,,,,,,,,,,,,,,,,,,,,,,,,,,,,,,,
"757528","JC468283","2019-10-11T07:35:00","2","DRIVER",,"719574",,"NISSAN","Pathfinder","IL","2015","NONE","PASSENGER","PERSONAL","E","STRAIGHT AHEAD",,,"1",,,,,"true",,,,,,,,,,"true","true",,"OTHER",,,,,,,,,,,,,,,,,,,,,,,,,,,,,,,,,
"757537","JC468280","2019-10-11T07:33:00","2","DRIVER",,"719577",,"JEEP","LAREDO","IL","2015","NONE","SPORT UTILITY VEHICLE (SUV)","PERSONAL","N","STRAIGHT AHEAD","true",,"1",,"PRIVATE TOW","UNK",,,,,,,,"true","true","true",,,,,"ROOF",,,,,,,,,,,,,,,,,,,,,,,,,,,,,,,,,
"757557","JC468300","2019-10-11T07:30:00","1","DRIVER",,"719593",,"DODGE","RAM 1500 PU","IL","2007","UNKNOWN","PICKUP","PERSONAL","S","BACKING",,,"1",,,,,,,,,,"true",,,,,,,,"REAR-LEFT",,,,,,,,,,,,,,,,,,,,,,,,,,,,,,,,,
"757558","JC468300","2019-10-11T07:30:00","2","DRIVER","2","719600",,"CHEVROLET","COBALT","IL","2007","UNKNOWN","PASSENGER","PERSONAL","W","STRAIGHT AHEAD","true",,"3",,"OWNER",,,"true","true","true",,,,,,,,,,,"FRONT-RIGHT",,,,,,,,,,,,,,,,,,,,,,,,,,,,,,,,,
"757559","JC468313","2019-10-11T07:26:00","1","DRIVER",,"719591",,"KIA MOTORS CORP","Sportage (sport utility)","IL","2016","NONE","SPORT UTILITY VEHICLE (SUV)","PERSONAL","N","STRAIGHT AHEAD",,,"1",,,,,"true",,,,,,,,,,,"true","false","FRONT",,,,,,,,,,,,,,,,,,,,,,,,,,,,,,,,,
"757560","JC468313","2019-10-11T07:26:00","2","DRIVER",,"719597",,"ISUZU","ISUZU","IL","2019","NONE","TRUCK - SINGLE UNIT","PERSONAL","N","STRAIGHT AHEAD",,,"1",,,,"true",,,,,,"true",,,,,,,,"REAR-LEFT",,,,,,,,,,,,,,,,,,,,,,,,,,,,,,,,,
"757529","JC468270","2019-10-11T07:22:00","1","DRIVER","3","719569",,"BLUE BIRD BODY CO.","BLUE BIRD BODY CO.","IL","2008","NONE","BUS UP TO 15 PASS.","SCHOOL BUS","E","STRAIGHT AHEAD",,,"4",,,,,,,,,,,,,,,,"true",,"OTHER",,,,,,,,,,,,,,,,,,,,,,,,,,,,,,,,,
"757530","JC468270","2019-10-11T07:22:00","2","DRIVER",,"719576",,"NISSAN","NISSAN ALTIMA","IL","2017","NONE","PASSENGER","PERSONAL","N","STRAIGHT AHEAD",,,"1",,,,,,,,,"true",,,,,,"true",,,"REAR",,,,,,,,,,,,,,,,,,,,,,,,,,,,,,,,,
"757554","JC468281","2019-10-11T07:17:00","2","DRIVER","4","719601","false","UNKNOWN","UNKNOWN","IL","2016","NONE","BUS OVER 15 PASS.","OTHER","W","SLOW/STOP IN TRAFFIC",,,"5",,,,,,,,,,,,,,"true",,,,,,,,,,,,,,,,,,,,,,,,,,,,,,,,,,,,,
"757522","JC468268","2019-10-11T07:16:00","1","DRIVER",,"719563",,"MERCURY","GRAND MARQUIS","IL","2008","NONE","PASSENGER","PERSONAL","S","STRAIGHT AHEAD","true",,"1",,,,,,,,,,,,"true","true","true","true",,,"TOTAL (ALL AREAS)",,,,,,,,,,,,,,,,,,,,,,,,,,,,,,,,,
"757556","JC468317","2019-10-11T07:15:00","2","DRIVER","1","719594",,"FORD","EXPLORER","IL","2015","NONE","PICKUP","PERSONAL","N","SLOW/STOP IN TRAFFIC",,,"2",,,,,,,,,,"true",,,,,,,,"REAR-LEFT",,,,,,,,,,,,,,,,,,,,,,,,,,,,,,,,,
"758097","JC469142","2019-10-11T07:05:00","1","DRIVER",,"720111",,"DODGE","RAM 1500 PU","IL","2014","NONE","PICKUP","PERSONAL","N","STRAIGHT AHEAD",,,"1",,,,"true",,,,,,,,,,,,,"false","OTHER",,,,,,,,,,,,,,,,,,,,,,,,,,,,,,,,,
"758098","JC469142","2019-10-11T07:05:00","2","DRIVER",,"720119",,"HONDA","RIDGELINE","IL","2007","NONE","PICKUP","PERSONAL","N","STRAIGHT AHEAD",,,"1",,,,,,,,,"true","true","true",,,,,,,"REAR-LEFT",,,,,,,,,,,,,,,,,,,,,,,,,,,,,,,,,
"757535","JC468264","2019-10-11T07:05:00","2","DRIVER",,"719584",,"NISSAN","VERSA","IL","2010","NONE","PASSENGER","PERSONAL","N","STRAIGHT AHEAD","true",,"1",,"SELF",,,"true",,,,,,,,,,,,,"FRONT",,,,,,,,,,,,,,,,,,,,,,,,,,,,,,,,,
"757587","JC468259","2019-10-11T07:00:00","1","DRIVER",,"719623",,"TOYOTA MOTOR COMPANY, LTD.","COROLLA","IL","2009","UNKNOWN","PASSENGER","PERSONAL","N","SKIDDING/CONTROL LOSS","true",,"1",,"PRIVATE TOW","PRIVATE TOW",,,,,,"true",,,,,,,"true",,"OTHER",,,,,,,,,,,,,,,,,,,,,,,,,,,,,,,,,
"757588","JC468259","2019-10-11T07:00:00","2","DRIVER",,"719626",,"DODGE","Avenger","IN","2012","UNKNOWN","PASSENGER","PERSONAL","N","STRAIGHT AHEAD",,,"1",,,,,,,,"true","true",,,,,,,,,"REAR",,,,,,,,,,,,,,,,,,,,,,,,,,,,,,,,,
"757533","JC468276","2019-10-11T06:55:00","2","DRIVER",,"719585",,"FORD","Explorer","IL","2018","NONE","PASSENGER","PERSONAL","N","STRAIGHT AHEAD","true",,"1",,"CITY OF CHICAGO","NORTH AVE BEACH TURN-AROUND",,,,,,,,"true","true",,,,,,"FRONT-LEFT",,,,,,,,,,,,,,,,,,,,,,,,,,,,,,,,,
"757525","JC468271","2019-10-11T06:50:00","1","DRIVER",,"719568",,"BUICK","UNKNOWN","IL","2016","NONE","PASSENGER","PERSONAL","SW","TURNING LEFT","true",,"1",,"PRIVATE COMPANY",,,,,,,,,"true","true",,,,,,"SIDE-LEFT",,,,,,,,,,,,,,,,,,,,,,,,,,,,,,,,,
"757526","JC468271","2019-10-11T06:50:00","2","DRIVER",,"719572",,"KIA MOTORS CORP","SOUL","IL","2013","NONE","PASSENGER","PERSONAL","NW","STRAIGHT AHEAD","true",,"1",,"PRIVATE COMPANY",,,"true",,,,,,,,,,"true","true",,"OTHER",,,,,,,,,,,,,,,,,,,,,,,,,,,,,,,,,
"757518","JC468262","2019-10-11T06:45:00","1","DRIVER",,"719561",,"JEEP","UNKNOWN","IL","2006","UNKNOWN","SPORT UTILITY VEHICLE (SUV)","PERSONAL","N","STRAIGHT AHEAD",,,"1",,,,,,,,,,,,,"true","true","true",,,"TOTAL (ALL AREAS)",,,,,,,,,,,,,,,,,,,,,,,,,,,,,,,,,