"crash_unit_id","rd_no","crash_date","unit_no","unit_type","num_passengers","vehicle_id","cmrc_veh_i","make","model","lic_plate_state","vehicle_year","vehicle_defect","vehicle_type","vehicle_use","travel_direction","maneuver","towed_i","fire_i","occupant_cnt","exceed_speed_limit_i","towed_by","towed_to","area_00_i","area_01_i","area_02_i","area_03_i","area_04_i","area_05_i","area_06_i","area_07_i","area_08_i","area_09_i","area_10_i","area_11_i","area_12_i","area_99_i","first_contact_point","cmv_id","usdot_no","ccmc_no","ilcc_no","commercial_src","gvwr","carrier_name","carrier_state","carrier_city","hazmat_placards_i","hazmat_name","un_no","hazmat_present_i","hazmat_report_i","hazmat_report_no","mcs_report_i","mcs_report_no","hazmat_vio_cause_crash_i","mcs_vio_cause_crash_i","idot_permit_no","wide_load_i","trailer1_width","trailer2_width","trailer1_length","trailer2_length","total_vehicle_length","axle_cnt","vehicle_config","cargo_body_type","load_type","hazmat_out_of_service_i","mcs_out_of_service_i","hazmat_class"
"757367","JC467905","2019-10-10T19:30:00","1","DRIVER",,"719416",,"TOYOTA MOTOR COMPANY, LTD.","Sienna (van)",,"2015","UNKNOWN","PASSENGER","UNKNOWN/NA","N","STRAIGHT AHEAD",,,"1",,,,"true",,,,,,,,,,,"true",,,"OTHER",,,,,,,,,,,,,,,,,,,,,,,,,,,,,,,,,
"757368","JC467905","2019-10-10T19:30:00","2","DRIVER",,"719415",,"FORD","EXPEDITION","IL","2018","NONE","PASSENGER","TAXI/FOR HIRE","S","STRAIGHT AHEAD",,,"1",,,,"true","true",,,,,,,,,,,,,"OTHER",,,,,,,,,,,,,,,,,,,,,,,,,,,,,,,,,
"757373","JC467903","2019-10-10T19:21:00","1","DRIVER",,"719417","true","FORD","UNKNOWN","IL","2013","UNKNOWN","BUS OVER 15 PASS.","COMMERCIAL - SINGLE UNIT","E","STRAIGHT AHEAD",,,"1",,,,,,,,,,,,,,,,"true",,"OTHER","8398","1740457",,,"DRIVER","2","ABC TRANSPOTATION","IL","PARK RIDGE",,,,"N","N",,"N",,"N","N",,,,,,,,,"BUS","BUS","UNKNOWN","false","false",
"757374","JC467903","2019-10-10T19:21:00","2","DRIVER",,"719419",,"HONDA","CIVIC","IL","2006","UNKNOWN","PASSENGER","PERSONAL","S","STRAIGHT AHEAD","true",,"1",,"owner private tow","owner private lot",,"true","true","true",,,,,,,,,,,"FRONT-RIGHT",,,,,,,,,,,,,,,,,,,,,,,,,,,,,,,,,
"757375","JC467903","2019-10-10T19:21:00","3","DRIVER",,"719421",,"TOYOTA MOTOR COMPANY, LTD.","COROLLA","IL","2014","NONE","PASSENGER","PERSONAL","S","STRAIGHT AHEAD","true",,"1",,"chicago auto hauls","2321 n wolcott ave",,"true","true",,,,,,,,,,,,"FRONT-RIGHT",,,,,,,,,,,,,,,,,,,,,,,,,,,,,,,,,
"757376","JC467903","2019-10-10T19:21:00","4","DRIVER","1","719424",,"KIA MOTORS CORP","Sportage (sport utility)","IN","2009","NONE","PASSENGER","PERSONAL","S","STRAIGHT AHEAD","true",,"2",,"prestige","1227 w jackson blvd",,,,"true","true","true",,,,,,,,,"REAR-RIGHT",,,,,,,,,,,,,,,,,,,,,,,,,,,,,,,,,
"757358","JC467907","2019-10-10T19:20:00","1","DRIVER",,"719398",,"HYUNDAI","ELANTRA","IL","2017","NONE","PASSENGER","PERSONAL","S","UNKNOWN/NA",,,"1",,,,,,,"true","true","true",,,,,,,,,"SIDE-RIGHT",,,,,,,,,,,,,,,,,,,,,,,,,,,,,,,,,
"757359","JC467907","2019-10-10T19:20:00","2","DRIVER",,"719404",,"CHRYSLER","TOWN & COUNTRY","IL","2011","NONE","VAN/MINI-VAN","PERSONAL","S","SLOW/STOP IN TRAFFIC",,,"1",,,,,,,,,,,,,,,"true",,,"TOTAL (ALL AREAS)",,,,,,,,,,,,,,,,,,,,,,,,,,,,,,,,,
"757346","JC467889","2019-10-10T19:20:00","2","PARKED",,"719397",,"JEEP","CHEROKEE","GA","2019","NONE","PASSENGER","OTHER","W","PARKED",,,"0",,,,,,,,,,,,,,,,"true",,"OTHER",,,,,,,,,,,,,,,,,,,,,,,,,,,,,,,,,
"757350","JC467971","2019-10-10T19:03:00","1","DRIVER","2","719393",,"CADILLAC","CADILLAC","IL","2006","NONE","PASSENGER","PERSONAL","S","STRAIGHT AHEAD",,,"3",,,,"true",,,,,,,,,,,,,,"OTHER",,,,,,,,,,,,,,,,,,,,,,,,,,,,,,,,,
"757595","JC468401","2019-10-10T19:00:00","1","DRIVER",,"719633",,"JEEP","Liberty","IL","2011","UNKNOWN","PASSENGER","PERSONAL","S","PASSING/OVERTAKING",,,"1",,,,,,,"true","true",,,,,,,,,,"REAR-RIGHT",,,,,,,,,,,,,,,,,,,,,,,,,,,,,,,,,
"757596","JC468401","2019-10-10T19:00:00","2","DRIVER",,"719642",,"FORD","UNKNOWN",,"2014","NONE","VAN/MINI-VAN","PERSONAL","S","STRAIGHT AHEAD",,,"1",,,,,,,,,,,,,,"true","true",,,"ROOF",,,,,,,,,,,,,,,,,,,,,,,,,,,,,,,,,
"757378","JC467991","2019-10-10T19:00:00","2","DRIVER","2","719418",,"HONDA","RIDGELINE","IL","2006","NONE","PASSENGER","PERSONAL","S","SLOW/STOP IN TRAFFIC",,,"3",,,,,,,,,,"true",,,,,,,,"REAR-LEFT",,,,,,,,,,,,,,,,,,,,,,,,,,,,,,,,,
"757352","JC467866","2019-10-10T18:50:00","1","DRIVER","1","719396",,"NISSAN","ROGUE","IL","2015","NONE","PASSENGER","PERSONAL","E","STRAIGHT AHEAD",,,"2",,,,"true",,,,,,,,,,,,,,"SIDE-RIGHT",,,,,,,,,,,,,,,,,,,,,,,,,,,,,,,,,
"757360","JC467836","2019-10-10T18:45:00","1","DRIVER","2","719405",,"TOYOTA MOTOR COMPANY, LTD.","COROLLA","IL","2014","UNKNOWN","PASSENGER","PERSONAL","W","ENTER FROM DRIVE/ALLEY","true",,"3",,"private","unk",,"true","true",,,,,,,,"true","true","true",,"OTHER",,,,,,,,,,,,,,,,,,,,,,,,,,,,,,,,,
"757317","JC467839","2019-10-10T18:40:00","2","PARKED",,"719361",,"NISSAN","Murano","IL","2009","NONE","PASSENGER","PERSONAL","E","PARKED",,,"0",,,,,,,,,,,,,,"true","true",,,"UNDER CARRIAGE",,,,,,,,,,,,,,,,,,,,,,,,,,,,,,,,,
"757324","JC467835","2019-10-10T18:40:00","1","DRIVER",,"719374",,"LINCOLN-CONTINENTAL","UNKNOWN","FL","2016","UNKNOWN","PASSENGER","PERSONAL","W","STRAIGHT AHEAD",,,"1",,,,"true",,,,,,,,,,,,,,"OTHER",,,,,,,,,,,,,,,,,,,,,,,,,,,,,,,,,
"757551","JC468309","2019-10-10T18:30:00","1","DRIVER",,"719583",,"TOYOTA MOTOR COMPANY, LTD.","UNKNOWN","IL","2018","UNKNOWN","PASSENGER","UNKNOWN/NA","W","PASSING/OVERTAKING",,,"1",,,,,,,,,,,,,"true","true",,,,"ROOF",,,,,,,,,,,,,,,,,,,,,,,,,,,,,,,,,
"757552","JC468309","2019-10-10T18:30:00","2","DRIVER",,"719588",,"TOYOTA MOTOR COMPANY, LTD.","COROLLA","IL","2013","NONE","PASSENGER","UNKNOWN/NA","W","OTHER",,,"1",,,,,"true",,,,,,,,,,,"true",,"FRONT",,,,,,,,,,,,,,,,,,,,,,,,,,,,,,,,,
"757336","JC467880","2019-10-10T18:30:00","1","DRIVER",,"719379",,"TOYOTA MOTOR COMPANY, LTD.","Sienna (van)","IL","2019","NONE","VAN/MINI-VAN","TAXI/FOR HIRE","N","STRAIGHT AHEAD",,,"1",,,,,,,,,,,,,,,,,,,,,,,,,,,,,,,,,,,,,,,,,,,,,,,,,,,
"757308","JC467799","2019-10-10T18:26:00","1","DRIVER",,"719426",,"NISSAN","UNKNOWN","IL","2016","NONE","PASSENGER","PERSONAL","UNKNOWN","BACKING",,,"1",,,,,,,,,"true",,,,,,,,,"REAR",,,,,,,,,,,,,,,,,,,,,,,,,,,,,,,,,
"757309","JC467799","2019-10-10T18:26:00","2","PARKED",,"719430",,"CHEVROLET","UNKNOWN","IL","2007","NONE","PASSENGER","PERSONAL","UNKNOWN","PARKED",,,"0",,,,,,,,,,,"true",,"true",,,,,"ROOF",,,,,,,,,,,,,,,,,,,,,,,,,,,,,,,,,
"757347","JC467893","2019-10-10T18:25:00","1","DRIVER",,"719391",,"FORD","UNKNOWN","IL","2017","NONE","VAN/MINI-VAN","PERSONAL","W","CHANGING LANES",,,"1",,,,,"true",,,,,,,,,,,"true",,"FRONT",,,,,,,,,,,,,,,,,,,,,,,,,,,,,,,,,
"757348","JC467893","2019-10-10T18:25:00","2","DRIVER",,"719394",,"TOYOTA MOTOR COMPANY, LTD.","Sienna (van)","IL","2006","NONE","VAN/MINI-VAN","PERSONAL","W","STRAIGHT AHEAD",,,"1",,,,,,,,,,,,,"true","true",,,,"ROOF",,,,,,,,,,,,,,,,,,,,,,,,,,,,,,,,,
"757349","JC467893","2019-10-10T18:25:00","3","DRIVER",,"719400",,"FORD","FUSION","IL","2018","NONE","PASSENGER","PERSONAL","W","SLOW/STOP IN TRAFFIC",,,"1",,,,,,,,,,"true",,,,,,,,"REAR-LEFT",,,,,,,,,,,,,,,,,,,,,,,,,,,,,,,,,
"757327","JC467820","2019-10-10T18:25:00","2","DRIVER",,"719375",,"CHRYSLER","Pacifica (Sport Wagon)","IN","2017","NONE","VAN/MINI-VAN","PERSONAL","N","SLOW/STOP IN TRAFFIC",,,"1",,,,,,"true",,,,,,,,,,,,"SIDE-RIGHT",,,,,,,,,,,,,,,,,,,,,,,,,,,,,,,,,
"757365","JC467797","2019-10-10T18:20:00","1","DRIVER",,"719407",,"NISSAN","UNKNOWN","IL","2018","NONE","PASSENGER","PERSONAL","W","CHANGING LANES","true",,"1",,"PRIVATE TOW","UNKNOWN",,,,,,,,,,,"true","true","true",,"TOTAL (ALL AREAS)",,,,,,,,,,,,,,,,,,,,,,,,,,,,,,,,,
"757366","JC467797","2019-10-10T18:20:00","2","DRIVER",,"719413",,"HONDA","ACCORD","IL","2006","NONE","PASSENGER","PERSONAL","E","TURNING LEFT","true",,"1",,"PRIVATE TOW","UNKNOWN",,"true",,,,,,,,,,,"true",,"OTHER",,,,,,,,,,,,,,,,,,,,,,,,,,,,,,,,,
"757315","JC467790","2019-10-10T18:15:00","2","DRIVER",,"719372","true","GILL MFG. CO.","GILL MFG. CO.","IL","2019","UNKNOWN","BUS OVER 15 PASS.","SCHOOL BUS","S","STRAIGHT AHEAD",,,"1",,,,,,,,,,"true",,,,,,,,"REAR-LEFT","8397",,,,"PAPERS","2","MV PUBLIC TRANSPORTATION FIRM OWNED","IL","CHICAGO",,,,,,,,,,"N",,,,,,,"42","2","BUS","BUS","OTHER",,"false",
"757338","JC467831","2019-10-10T18:05:00","2","PARKED","1","719388",,"CHEVROLET","CAMARO","IL","2010","NONE","PASSENGER","NOT IN USE","E","PARKED",,,"1",,,,,,,,,,,"true",,,,,,,"SIDE-LEFT",,,,,,,,,,,,,,,,,,,,,,,,,,,,,,,,,
"757357","JC467793","2019-10-10T18:05:00","2","PARKED",,"719409",,"HYUNDAI","SONATA","IL","2013","UNKNOWN","PASSENGER","NOT IN USE","UNKNOWN","PARKED","true",,"0",,"private","unk",,,,,,,,,,"true","true",,,,"ROOF",,,,,,,,,,,,,,,,,,,,,,,,,,,,,,,,,
"757330","JC467792","2019-10-10T18:05:00","1","DRIVER",,"719377",,"FORD","ESCAPE (SUV)","IL","2012","NONE","PASSENGER","PERSONAL","E","STRAIGHT AHEAD",,,"1",,,,,,,,,,,,,,,,"true",,"OTHER",,,,,,,,,,,,,,,,,,,,,,,,,,,,,,,,,
"757895","JC468886","2019-10-10T18:00:00","2","DRIVER",,"719913",,"CHRYSLER","200","IN","2015","UNKNOWN","PASSENGER","PERSONAL","E","SLOW/STOP IN TRAFFIC",,,"1",,,,,,,,,,"true",,,,,,,,"REAR-LEFT",,,,,,,,,,,,,,,,,,,,,,,,,,,,,,,,,
"757603","JC468408","2019-10-10T18:00:00","1","DRIVER",,"719639","false","INTERNATIONAL HARVESTER","INTERNATIONAL HARVESTER","IL","2012","UNKNOWN","OTHER VEHICLE WITH TRAILER","CONSTRUCTION/MAINTENANCE","N","TURNING RIGHT",,,"1",,,,"true",,,,,,,,,,,,,,"SIDE-LEFT",,,,,,,,,,,,,,,,,,,,,,,,,,,,,,,,,
"757604","JC468408","2019-10-10T18:00:00","2","DRIVER",,"719655",,"CHEVROLET","TAHOE","IL","2017","UNKNOWN","SPORT UTILITY VEHICLE (SUV)","TAXI/FOR HIRE","N","TURNING RIGHT",,,"1",,,,,,,"true","true","true",,,,,,,,,"REAR",,,,,,,,,,,,,,,,,,,,,,,,,,,,,,,,,
"757720","JC468617","2019-10-10T17:45:00","1","DRIVER",,"719753",,"BMW","328i","IL","2015","UNKNOWN","PASSENGER","UNKNOWN/NA","S","LEAVING TRAFFIC LANE TO PARK",,,"1",,,,,,,,,,,,,,,"true",,,"TOTAL (ALL AREAS)",,,,,,,,,,,,,,,,,,,,,,,,,,,,,,,,,
"757721","JC468617","2019-10-10T17:45:00","2","DRIVER","1","719759",,"ACURA (DIV. OF AMERICAN HONDA MOTOR CO.)","RDX","IL","2020","UNKNOWN","PASSENGER","PERSONAL","N","STRAIGHT AHEAD",,,"2",,,,,,,,,"true",,,,,,,,,"REAR",,,,,,,,,,,,,,,,,,,,,,,,,,,,,,,,,
"757306","JC467763","2019-10-10T17:45:00","1","DRIVER","2","719355",,"DODGE","DURANGO","IL","2012","NONE","PASSENGER","PERSONAL","N","TURNING LEFT",,,"3",,,,,"true","true",,,,,,,,,,"true",,"FRONT",,,,,,,,,,,,,,,,,,,,,,,,,,,,,,,,,
"757302","JC467768","2019-10-10T17:40:00","1","DRIVER",,"719354",,"DODGE","Avenger","IL","2014","NONE","PASSENGER","UNKNOWN/NA","E","MERGING",,,"1",,,,"false",,,"true","true",,,,,,,,,,"FRONT-LEFT",,,,,,,,,,,,,,,,,,,,,,,,,,,,,,,,,
"757303","JC467768","2019-10-10T17:40:00","2","DRIVER",,"719360",,"INTERNATIONAL COACH MFG.","INTERNATIONAL COACH MFG.","IL","2006","NONE","BUS OVER 15 PASS.","OTHER","E","STRAIGHT AHEAD",,,"1",,,,,,,,,,,,,,,"true",,,"OTHER",,,,,,,,,,,,,,,,,,,,,,,,,,,,,,,,,
"757321","JC467844","2019-10-10T17:35:00","2","PARKED",,"719364",,"TOYOTA MOTOR COMPANY, LTD.","Sienna (van)","IL","2012","NONE","VAN/MINI-VAN","NOT IN USE","UNKNOWN","PARKED",,,"0",,,,,,,,,,"true","true","true","true",,,,,"SIDE-LEFT",,,,,,,,,,,,,,,,,,,,,,,,,,,,,,,,,
"757312","JC467724","2019-10-10T17:30:00","1","DRIVER",,"719363",,"MAZDA","MX3","IL","2012","NONE","PASSENGER","PERSONAL","W","STRAIGHT AHEAD",,,"1",,,,,,,,,,,,,,,,"true",,"OTHER",,,,,,,,,,,,,,,,,,,,,,,,,,,,,,,,,
"757278","JC467726","2019-10-10T17:21:00","1","DRIVER",,"719327",,"FORD","F150","IL","2013","UNKNOWN","PICKUP","PERSONAL","W","CHANGING LANES",,,"1",,,,"true",,,,,,,,,,,,,,"FRONT",,,,,,,,,,,,,,,,,,,,,,,,,,,,,,,,,
"757279","JC467726","2019-10-10T17:21:00","2","DRIVER",,"719336",,"CHEVROLET","MALIBU (CHEVELLE)","IL","2017","UNKNOWN","PASSENGER","PERSONAL","W","STRAIGHT AHEAD",,,"1",,,,,,,,,,,,"true",,,,,,"FRONT-LEFT",,,,,,,,,,,,,,,,,,,,,,,,,,,,,,,,,
"757284","JC467722","2019-10-10T17:21:00","1","DRIVER",,"719330",,"NISSAN","NISSAN MAXIMA","IL","2014","UNKNOWN","PASSENGER","PERSONAL","E","STRAIGHT AHEAD",,,"1",,,,,,,,,,,,,,,"true",,,"TOTAL (ALL AREAS)",,,,,,,,,,,,,,,,,,,,,,,,,,,,,,,,,
"757285","JC467722","2019-10-10T17:21:00","2","DRIVER",,"719347",,"FORD","F150","IL","2006","UNKNOWN","PICKUP","PERSONAL","S","STRAIGHT AHEAD",,,"1",,,,,,,,,,,,,,,,,,"FRONT",,,,,,,,,,,,,,,,,,,,,,,,,,,,,,,,,
"757290","JC467811","2019-10-10T17:20:00","1","DRIVER",,"719333",,"FORD","Focus","IL","2018","NONE","PASSENGER","PERSONAL","W","STRAIGHT AHEAD",,,"1",,,,,"true",,,,,,,,,,,,,"OTHER",,,,,,,,,,,,,,,,,,,,,,,,,,,,,,,,,
"757291","JC467811","2019-10-10T17:20:00","2","DRIVER",,"719345",,"HONDA","CIVIC","IL","2011","NONE","PASSENGER","PERSONAL","W","SLOW/STOP IN TRAFFIC",,,"1",,,,,,,,,,"true",,,,,,,,"REAR-LEFT",,,,,,,,,,,,,,,,,,,,,,,,,,,,,,,,,
"757262","JC467745","2019-10-10T17:20:00","2","DRIVER",,"719311",,"AUDI","UNKNOWN","IL","2019","NONE","PASSENGER","PERSONAL","W","STRAIGHT AHEAD",,,"1",,,,,"true",,,,,,,,,,,,,"FRONT",,,,,,,,,,,,,,,,,,,,,,,,,,,,,,,,,
"757243","JC467727","2019-10-10T17:20:00","1","DRIVER",,"719289",,"TOYOTA MOTOR COMPANY, LTD.","COROLLA","IL","2011","UNKNOWN","PASSENGER","PERSONAL","N","TURNING RIGHT",,,"1",,,,,,,,,,,,,,,,"true",,"OTHER",,,,,,,,,,,,,,,,,,,,,,,,,,,,,,,,,
"757244","JC467727","2019-10-10T17:20:00","2","DRIVER",,"719301",,"TOYOTA MOTOR COMPANY, LTD.","CAMRY","IL","2018","NONE","PASSENGER","PERSONAL","N","SLOW/STOP IN TRAFFIC",,,"1",,,,,,,,,,"true",,,,,,,,"REAR-LEFT",,,,,,,,,,,,,,,,,,,,,,,,,,,,,,,,,
"757258","JC467736","2019-10-10T17:14:00","1","DRIVER",,"719310",,"HONDA","CRV","IL","2014","NONE","SPORT UTILITY VEHICLE (SUV)","PERSONAL","S","STRAIGHT AHEAD",,,"1",,,,,"true","true",,,,,,,,,,,,"FRONT",,,,,,,,,,,,,,,,,,,,,,,,,,,,,,,,,
"757241","JC467717","2019-10-10T17:10:00","1","DRIVER",,"719290",,"MERCEDES-BENZ","C300","IL","2014","NONE","PASSENGER","PERSONAL","SW","TURNING LEFT",,,"1",,,,,"true",,,,,,,,,,,,,"FRONT",,,,,,,,,,,,,,,,,,,,,,,,,,,,,,,,,
"757242","JC467717","2019-10-10T17:10:00","2","DRIVER",,"719302",,"CHEVROLET","IMPALA","IL","2008","NONE","PASSENGER","PERSONAL","S","STRAIGHT AHEAD",,,"1",,,,,,,,,,,"true","true",,,,,,"ROOF",,,,,,,,,,,,,,,,,,,,,,,,,,,,,,,,,
"757252","JC467752","2019-10-10T17:07:00","2","DRIVER","1","719318",,"AUDI","Q7","IL","2009","UNKNOWN","SPORT UTILITY VEHICLE (SUV)","PERSONAL","W","STRAIGHT AHEAD",,,"2",,,,,,,,,,,,,,,,,,,,,,,,,,,,,,,,,,,,,,,,,,,,,,,,,,,
"757270","JC467738","2019-10-10T17:00:00","1","DRIVER",,"719319",,"GENERAL MOTORS CORP.","SIERRA","IL","2019","UNKNOWN","SPORT UTILITY VEHICLE (SUV)","UNKNOWN/NA","E","UNKNOWN/NA",,,"1",,,,,,,,,,,,"true","true",,,,,"ROOF",,,,,,,,,,,,,,,,,,,,,,,,,,,,,,,,,
"757271","JC467738","2019-10-10T17:00:00","2","DRIVER",,"719346",,"DODGE","UNKNOWN","IN","2017","NONE","SPORT UTILITY VEHICLE (SUV)","UNKNOWN/NA","E","STRAIGHT AHEAD",,,"1",,,,,,,,,,,,,,,,,,"SIDE-LEFT",,,,,,,,,,,,,,,,,,,,,,,,,,,,,,,,,
"757259","JC467734","2019-10-10T16:42:00","1","DRIVER","2","719299",,"UNKNOWN","UNKNOWN","IL","2006","UNKNOWN","UNKNOWN/NA","UNKNOWN/NA","W","STRAIGHT AHEAD",,,"3",,,,,,,,,,,,,,,,,"true","UNKNOWN",,,,,,,,,,,,,,,,,,,,,,,,,,,,,,,,,
"757260","JC467734","2019-10-10T16:42:00","2","DRIVER","1","719307",,"TOYOTA MOTOR COMPANY, LTD.","Avalon","IL","2013","UNKNOWN","PASSENGER","PERSONAL","W","ENTERING TRAFFIC LANE FROM PARKING",,,"2",,,,,,,,,,,"true","true",,,,,,"ROOF",,,,,,,,,,,,,,,,,,,,,,,,,,,,,,,,,
"757405","JC468029","2019-10-10T16:40:00","1","DRIVER",,"719447",,"CHEVROLET","TRAVERSE","IL","2012","NONE","PASSENGER","PERSONAL","E","STRAIGHT AHEAD",,,"1",,,,,,,,,"true",,,,,,,,,"REAR",,,,,,,,,,,,,,,,,,,,,,,,,,,,,,,,,
"757406","JC468029","2019-10-10T16:40:00","2","PARKED",,"719451",,"HONDA","CRV","IL","2015","NONE","PASSENGER","NOT IN USE","W","PARKED",,,"0",,,,,,,,,,,,,,"true","true","true",,"TOTAL (ALL AREAS)",,,,,,,,,,,,,,,,,,,,,,,,,,,,,,,,,
"757196","JC467665","2019-10-10T16:40:00","1","DRIVER",,"719243",,"DODGE","CHARGER","IL","2010","UNKNOWN","PASSENGER","PERSONAL","E","STRAIGHT AHEAD",,,"1",,,,,"true",,,,,,,,,,"true","true",,"OTHER",,,,,,,,,,,,,,,,,,,,,,,,,,,,,,,,,
"757197","JC467665","2019-10-10T16:40:00","2","DRIVER",,"719263",,"TOYOTA MOTOR COMPANY, LTD.","COROLLA","IL","2015","UNKNOWN","PASSENGER","PERSONAL","N","STRAIGHT AHEAD",,,"1",,,,,,,,,,,,,,,"true","true",,"OTHER",,,,,,,,,,,,,,,,,,,,,,,,,,,,,,,,,
"757239","JC467687","2019-10-10T16:37:00","1","DRIVER",,"719293",,"FORD","ESCAPE (SUV)","IL","2008","UNKNOWN","SPORT UTILITY VEHICLE (SUV)","PERSONAL","W","STRAIGHT AHEAD",,,"1",,,,,,,,,,,"true","true",,,,,,"SIDE-LEFT",,,,,,,,,,,,,,,,,,,,,,,,,,,,,,,,,
"757240","JC467687","2019-10-10T16:37:00","2","DRIVER",,"719314",,"LINCOLN-CONTINENTAL","MKZ","IL","2013","NONE","PASSENGER","PERSONAL","S","STRAIGHT AHEAD",,,"1",,,,,,,,,,,,,,,"true","true",,"TOTAL (ALL AREAS)",,,,,,,,,,,,,,,,,,,,,,,,,,,,,,,,,
"758068","JC469080","2019-10-10T16:30:00","2","DRIVER",,"720143",,"NISSAN","SENTRA (DATSUN AND NISSAN HAVE MERGED)","IL","2016","NONE","PASSENGER","PERSONAL","N","SLOW/STOP IN TRAFFIC",,,"1",,,,,,,,,,"true",,,,,,,,"REAR-LEFT",,,,,,,,,,,,,,,,,,,,,,,,,,,,,,,,,
"757234","JC467714","2019-10-10T16:30:00","2","DRIVER",,"719283",,"HONDA","Odyssey (minivan)","IL","2019","NONE","VAN/MINI-VAN","PERSONAL","N","SLOW/STOP IN TRAFFIC",,,"1",,,,,"true","true","true","true","true",,,,,,,,,"FRONT",,,,,,,,,,,,,,,,,,,,,,,,,,,,,,,,,
"757268","JC467705","2019-10-10T16:30:00","2","DRIVER","3","719323",,"LEXUS","LS460","IL","2008","UNKNOWN","PASSENGER","PERSONAL","S","STRAIGHT AHEAD","true",,"4",,"A&E","6804 S. SOUTH CHICAGO",,"true",,,,"true",,,,,,"true","true",,"REAR-RIGHT",,,,,,,,,,,,,,,,,,,,,,,,,,,,,,,,,
"757269","JC467705","2019-10-10T16:30:00","3","DRIVER",,"719343",,"CHEVROLET","EQUINOX","IL","2017","UNKNOWN","PASSENGER","PERSONAL","S","STRAIGHT AHEAD",,,"1",,,,,,,,,,,,,,,,,,"REAR-LEFT",,,,,,,,,,,,,,,,,,,,,,,,,,,,,,,,,
"757203","JC467677","2019-10-10T16:30:00","2","DRIVER","1","719267",,"HYUNDAI","ELANTRA","IL","2017","NONE","PASSENGER","PERSONAL","S","STRAIGHT AHEAD",,,"2",,,,,,,,,,"true",,,,,,"true",,"OTHER",,,,,,,,,,,,,,,,,,,,,,,,,,,,,,,,,
"757194","JC467672","2019-10-10T16:30:00","1","DRIVER",,"719246",,"KIA MOTORS CORP","Sportage (sport utility)","IL","2013","UNKNOWN","SPORT UTILITY VEHICLE (SUV)","UNKNOWN/NA","N","BACKING",,,"1",,,,,,,,"true","true",,,,,,,,,"REAR",,,,,,,,,,,,,,,,,,,,,,,,,,,,,,,,,
"757195","JC467672","2019-10-10T16:30:00","2","PARKED",,"719253",,"CHEVROLET","Express (full-size van)","IL","2019","NONE","VAN/MINI-VAN","NOT IN USE","S","PARKED",,,"0",,,,,,,,"true","true",,,,,,,,,"REAR",,,,,,,,,,,,,,,,,,,,,,,,,,,,,,,,,
"757219","JC467670","2019-10-10T16:30:00","1","DRIVER",,"719259",,"CHRYSLER","TOWN & COUNTRY","IL","2007","UNKNOWN","VAN/MINI-VAN","PERSONAL","N","CHANGING LANES",,,"1",,,,,,,,,,,,"true","true","true",,,,"ROOF",,,,,,,,,,,,,,,,,,,,,,,,,,,,,,,,,
"757220","JC467670","2019-10-10T16:30:00","2","DRIVER",,"719269",,"JEEP","Wrangler (for vehicle years 1989 to present)","IL","2018","UNKNOWN","SPORT UTILITY VEHICLE (SUV)","PERSONAL","N","STRAIGHT AHEAD",,,"1",,,,,,,,"true","true",,,,,,,,,"REAR",,,,,,,,,,,,,,,,,,,,,,,,,,,,,,,,,
"757181","JC467657","2019-10-10T16:30:00","1","DRIVER",,"719232",,"SCION","XB","IL","2008","NONE","VAN/MINI-VAN","PERSONAL","E","STRAIGHT AHEAD",,,"1",,,,,,,,,,,,,,,,"true",,"OTHER",,,,,,,,,,,,,,,,,,,,,,,,,,,,,,,,,
"757182","JC467657","2019-10-10T16:30:00","2","DRIVER","2","719224",,"DODGE","JOURNEY","IL","2018","NONE","SPORT UTILITY VEHICLE (SUV)","PERSONAL","E","SLOW/STOP IN TRAFFIC",,,"3",,,,,,,,,,"true",,,,,,,,"REAR-LEFT",,,,,,,,,,,,,,,,,,,,,,,,,,,,,,,,,
"757208","JC467646","2019-10-10T16:30:00","2","PARKED",,"719255",,"HONDA","ACCORD","IL","2010","UNKNOWN","PASSENGER","PERSONAL","UNKNOWN","PARKED",,,"0",,,,,,,,,,,"true",,,,,,,"SIDE-LEFT",,,,,,,,,,,,,,,,,,,,,,,,,,,,,,,,,
"757174","JC467631","2019-10-10T16:30:00","1","DRIVER",,"719234",,"FORD","FUSION","IL","2016","NONE","PASSENGER","PERSONAL","S","STRAIGHT AHEAD","true",,"1",,"owner",,,"true",,,,,,,,,,"true","true",,"OTHER",,,,,,,,,,,,,,,,,,,,,,,,,,,,,,,,,
"757175","JC467631","2019-10-10T16:30:00","2","DRIVER",,"719223",,"MAZDA","CS-9","IL","2012","NONE","SPORT UTILITY VEHICLE (SUV)","PERSONAL","S","SLOW/STOP IN TRAFFIC",,,"1",,,,,"true",,,,"true","true","true",,,,"true","true",,"REAR-LEFT",,,,,,,,,,,,,,,,,,,,,,,,,,,,,,,,,
"757176","JC467631","2019-10-10T16:30:00","3","DRIVER","1","719225",,"JEEP","JEEP - YEAR GREATER 1988","IL","2007","NONE","PASSENGER","PERSONAL","S","SLOW/STOP IN TRAFFIC",,,"2",,,,,,,,,"true","true","true",,,,,,,"REAR-LEFT",,,,,,,,,,,,,,,,,,,,,,,,,,,,,,,,,