"crash_unit_id","rd_no","crash_date","unit_no","unit_type","num_passengers","vehicle_id","cmrc_veh_i","make","model","lic_plate_state","vehicle_year","vehicle_defect","vehicle_type","vehicle_use","travel_direction","maneuver","towed_i","fire_i","occupant_cnt","exceed_speed_limit_i","towed_by","towed_to","area_00_i","area_01_i","area_02_i","area_03_i","area_04_i","area_05_i","area_06_i","area_07_i","area_08_i","area_09_i","area_10_i","area_11_i","area_12_i","area_99_i","first_contact_point","cmv_id","usdot_no","ccmc_no","ilcc_no","commercial_src","gvwr","carrier_name","carrier_state","carrier_city","hazmat_placards_i","hazmat_name","un_no","hazmat_present_i","hazmat_report_i","hazmat_report_no","mcs_report_i","mcs_report_no","hazmat_vio_cause_crash_i","mcs_vio_cause_crash_i","idot_permit_no","wide_load_i","trailer1_width","trailer2_width","trailer1_length","trailer2_length","total_vehicle_length","axle_cnt","vehicle_config","cargo_body_type","load_type","hazmat_out_of_service_i","mcs_out_of_service_i","hazmat_class"
"757044","JC467431","2019-10-10T13:45:00","1","DRIVER",,"719104",,"TOYOTA MOTOR COMPANY, LTD.","COROLLA","IL","2006","NONE","PASSENGER","PERSONAL","W","MERGING",,,"1",,,,,,,,,,,,,,,"true",,,"TOTAL (ALL AREAS)",,,,,,,,,,,,,,,,,,,,,,,,,,,,,,,,,
"757045","JC467431","2019-10-10T13:45:00","2","DRIVER",,"719106",,"FORD","FUSION","IL","2013","NONE","PASSENGER","TAXI/FOR HIRE","W","STRAIGHT AHEAD",,,"1",,,,,"true","true","true","true","true",,,,,,,,,"SIDE-RIGHT",,,,,,,,,,,,,,,,,,,,,,,,,,,,,,,,,
"757105","JC467498","2019-10-10T13:42:00","1","DRIVER","1","719157",,"FORD","UNKNOWN","IL","2016","UNKNOWN","VAN/MINI-VAN","COMMERCIAL - SINGLE UNIT","S","STRAIGHT AHEAD",,,"2",,,,,,"true",,,,,,,,,,,,"SIDE-RIGHT",,,,,,,,,,,,,,,,,,,,,,,,,,,,,,,,,
"757106","JC467498","2019-10-10T13:42:00","2","PARKED",,"719168",,"CHEVROLET","MALIBU (CHEVELLE)","IL","2015","UNKNOWN","PASSENGER","NOT IN USE","S","PARKED",,,"0",,,,,,,,,,,,,,"true",,,,"ROOF",,,,,,,,,,,,,,,,,,,,,,,,,,,,,,,,,
"757081","JC467464","2019-10-10T13:37:00","1","DRIVER",,"719134",,"TOYOTA MOTOR COMPANY, LTD.","CAMRY","IL","2019","NONE","PASSENGER","OTHER","N","TURNING RIGHT","true",,"4",,"City of Chicago","Pound 6",,"true","true",,"true","true",,,,,,"false","true",,"FRONT",,,,,,,,,,,,,,,,,,,,,,,,,,,,,,,,,
"757054","JC467424","2019-10-10T13:30:00","2","DRIVER","1","719120",,"HYUNDAI","HYUNDAI","IL","2019","UNKNOWN","PASSENGER","PERSONAL","W","TURNING LEFT",,,"2",,,,,,,,,,,,"true","true","true",,,,"UNDER CARRIAGE",,,,,,,,,,,,,,,,,,,,,,,,,,,,,,,,,
"757088","JC467506","2019-10-10T13:20:00","1","DRIVER",,"719147","true","NAVISTAR","NAVISTAR","OK","2016","NONE","TRACTOR W/O SEMI-TRAILER","COMMERCIAL - SINGLE UNIT","N","STRAIGHT AHEAD",,,"1",,,,"true",,,,,,,,,,,,,,"REAR","8392","80806",,,,"3","J B HUNT TRANSPORT","OK","OKLAHOMA CITY",,,,,,,,,,,,,,,,,"20","3","TRUCK/TRACTOR",,,,,
"757089","JC467506","2019-10-10T13:20:00","2","DRIVER",,"719138",,"NISSAN","NISSAN","IL","2016","NONE","PASSENGER","PERSONAL","N","STRAIGHT AHEAD",,,"1",,,,,,,,,,,,,"true",,,,,"ROOF",,,,,,,,,,,,,,,,,,,,,,,,,,,,,,,,,
"757311","JC467828","2019-10-10T13:15:00","2","DRIVER",,"719362",,"CHEVROLET","UNKNOWN","IL","2015","NONE","PASSENGER","PERSONAL","W","STRAIGHT AHEAD",,,"1",,,,,"true","true",,,,,,,,"true","true",,,,,,,,,,,,,,,,,,,,,,,,,,,,,,,,,,,,
"757038","JC467401","2019-10-10T13:15:00","2","PARKED",,"719098",,"NISSAN","X-Terra","IL","2008","UNKNOWN","SPORT UTILITY VEHICLE (SUV)","NOT IN USE","S","PARKED",,,"0",,,,,,,,,,,,,,,"true",,,"TOTAL (ALL AREAS)",,,,,,,,,,,,,,,,,,,,,,,,,,,,,,,,,
"757082","JC467425","2019-10-10T13:07:00","1","DRIVER",,"719132",,"NISSAN","VERSA","IL","2012","BRAKES","PASSENGER","PERSONAL","SW","TURNING RIGHT","true",,"2",,,,,"true",,,,,,,,,,"true","true",,"OTHER",,,,,,,,,,,,,,,,,,,,,,,,,,,,,,,,,
"757083","JC467425","2019-10-10T13:07:00","2","DRIVER","1","719153",,"JEEP","CHEROKEE","IL","2008","NONE","SPORT UTILITY VEHICLE (SUV)","PERSONAL","E","SLOW/STOP IN TRAFFIC","true",,"2",,,,,"true",,,,,,,,,,"true","true",,"TOTAL (ALL AREAS)",,,,,,,,,,,,,,,,,,,,,,,,,,,,,,,,,
"757047","JC467384","2019-10-10T13:02:00","1","DRIVER",,"719169",,"FORD","EXPLORER","IL","2017","NONE","SPORT UTILITY VEHICLE (SUV)","POLICE","N","STRAIGHT AHEAD","true",,"2",,"CITY TOW",,,"true",,,,,,,,,,,"true",,"OTHER",,,,,,,,,,,,,,,,,,,,,,,,,,,,,,,,,
"757046","JC467378","2019-10-10T13:00:00","1","DRIVER","2","719107",,"NISSAN","ROGUE","IL","2014","NONE","PASSENGER","PERSONAL","N","TURNING LEFT",,,"3",,,,,,,,,,,,,,,,"true",,"OTHER",,,,,,,,,,,,,,,,,,,,,,,,,,,,,,,,,
"757073","JC467382","2019-10-10T12:55:00","1","DRIVER","1","719122",,"CHEVROLET","UPLANDER","IL","2006","NONE","VAN/MINI-VAN","PERSONAL","E","MERGING",,,"2",,,,,,,,,,,,,,,,,,"NONE",,,,,,,,,,,,,,,,,,,,,,,,,,,,,,,,,
"757074","JC467382","2019-10-10T12:55:00","2","DRIVER",,"719139","true","FORD","FORD-TRUCK,VAN,SUV, ETC","IL","2006","NONE","TRUCK - SINGLE UNIT","COMMERCIAL - SINGLE UNIT","E","STRAIGHT AHEAD",,,"1",,,,,,,,,,,,,,,,,,"NONE","8390","1295391",,,,"2","SEBERT LEASING COMPANY","IL","BARTLETT RD",,,,,,,,,,,,,,,,,,,"UNKNOWN HEAVY TRUCK","OTHER","OTHER",,,
"757007","JC467379","2019-10-10T12:54:00","2","DRIVER",,"719091",,"CHEVROLET","MALIBU (CHEVELLE)","IL","2016","NONE","PASSENGER","PERSONAL","E","STRAIGHT AHEAD",,,"1",,,,,,"true",,,,,,,,,,,,"SIDE-RIGHT",,,,,,,,,,,,,,,,,,,,,,,,,,,,,,,,,
"757028","JC467420","2019-10-10T12:53:00","2","PARKED",,"719089",,"FORD","FUSION","IL","2013","UNKNOWN","PASSENGER","PERSONAL","E","PARKED",,,"0",,,,,,,,,,,,,,,,"true",,"OTHER",,,,,,,,,,,,,,,,,,,,,,,,,,,,,,,,,
"757127","JC467365","2019-10-10T12:50:00","1","DRIVER","2","719207",,"NISSAN","CUBE","IL","2009","UNKNOWN","UNKNOWN/NA","PERSONAL","S","TURNING LEFT","true",,"3",,"city of chicago","chicago",,"true","false",,,,,,,,,"true","true",,"OTHER",,,,,,,,,,,,,,,,,,,,,,,,,,,,,,,,,
"757128","JC467365","2019-10-10T12:50:00","2","DRIVER",,"719197",,"FORD","CROWN VICTORIA","IL","2011","NONE","PASSENGER","POLICE","E","STRAIGHT AHEAD",,,"1",,,,,,,,,,,,,,"true","true",,,"TOTAL (ALL AREAS)",,,,,,,,,,,,,,,,,,,,,,,,,,,,,,,,,
"756990","JC467347","2019-10-10T12:50:00","1","DRIVER",,"719059",,"KIA MOTORS CORP","Sportage (sport utility)","IL","2012","NONE","PASSENGER","PERSONAL","E","TURNING LEFT",,,"1",,,,,,,"true","true",,,,,,,,,,"FRONT-RIGHT",,,,,,,,,,,,,,,,,,,,,,,,,,,,,,,,,
"756991","JC467347","2019-10-10T12:50:00","2","DRIVER",,"719070","true","FREIGHTLINER CORP.","FREIGHTLINER CORP.","IL","2007","NONE","TRACTOR W/ SEMI-TRAILER","COMMERCIAL - MULTI-UNIT","S","STRAIGHT AHEAD",,,"1",,,,,,,,,,,,,,"true","true",,,"TOTAL (ALL AREAS)","8387","540837",,"269258","DRIVER","3","HAMMER EXPRESS","IL","BROOKFIELD",,,,"N","N",,"N",,"N","N",,,,,"40",,,,"TRACTOR/SEMI-TRAILER","VAN/ENCLOSED BOX","OTHER","false","false","EXPLOSIVES"
"757010","JC467367","2019-10-10T12:45:00","1","DRIVER",,"719542",,"INTERNATIONAL TRAILER CORP.","INTERNATIONAL TRAILER CORP.","IL","2012","NONE","TRUCK - SINGLE UNIT","COMMERCIAL - SINGLE UNIT","SE","TURNING LEFT",,,"1",,,,,,,,,,,"true",,,,,,,"SIDE-LEFT",,,,,,,,,,,,,,,,,,,,,,,,,,,,,,,,,
"757011","JC467367","2019-10-10T12:45:00","2","DRIVER",,"719540",,"FORD","UNKNOWN","IL","2008","NONE","VAN/MINI-VAN","OTHER","N","STRAIGHT AHEAD",,,"1",,,,,,,,,,,"true",,,,,,,"SIDE-LEFT",,,,,,,,,,,,,,,,,,,,,,,,,,,,,,,,,
"757505","JC467345","2019-10-10T12:41:00","1","DRIVER",,"719547",,"UNKNOWN","UNKNOWN","IL","2016","NONE","TRACTOR W/ SEMI-TRAILER","OTHER","N","STRAIGHT AHEAD",,,"1",,,,"true",,,,,,,,,,,,,,"OTHER",,,,,,,,,,,,,,,,,,,,,,,,,,,,,,,,,
"757506","JC467345","2019-10-10T12:41:00","2","DRIVER","3","719548",,"CHRYSLER","TOWN & COUNTRY","IL","2006","NONE","VAN/MINI-VAN","PERSONAL","N","STRAIGHT AHEAD",,,"4",,,,,,,,,,"true",,,,,,,,"REAR-LEFT",,,,,,,,,,,,,,,,,,,,,,,,,,,,,,,,,
"756992","JC467366","2019-10-10T12:35:00","1","DRIVER",,"719056",,"LEXUS","UNKNOWN","IL","2010","NONE","PASSENGER","PERSONAL","S","MERGING",,,"1",,,,,"true",,,,,,,,,,,,,"FRONT",,,,,,,,,,,,,,,,,,,,,,,,,,,,,,,,,
"756993","JC467366","2019-10-10T12:35:00","2","DRIVER",,"719061",,"FREIGHTLINER CORP.","FREIGHTLINER CORP.","IL","2018","NONE","TRUCK - SINGLE UNIT","OTHER","S","STRAIGHT AHEAD",,,"1",,,,,,,,,,,"true",,,,,,,"SIDE-LEFT",,,,,,,,,,,,,,,,,,,,,,,,,,,,,,,,,
"757093","JC467513","2019-10-10T12:30:00","1","DRIVER",,"719145","true","MERCEDES-BENZ","UNKNOWN","IL","2012","NONE","UNKNOWN/NA","COMMERCIAL - SINGLE UNIT","N","AVOIDING VEHICLES/OBJECTS",,,"1",,,,,"true",,,,,,,,,,,,,"FRONT","8391",,,,,,"RYAN ENTERPRISES GROUP","IL","WINNETKA",,,,"U","N",,"U",,,"U",,,,,,,,,,,,"false","false",
"757094","JC467513","2019-10-10T12:30:00","2","DRIVER",,"719161","true","UNKNOWN","UNKNOWN","IL","2018","NONE","UNKNOWN/NA","COMMERCIAL - SINGLE UNIT","N","STRAIGHT AHEAD",,,"1",,,,"true",,,,,,,,,,,,,"false","UNDER CARRIAGE","8393",,,,,,"DESIGNED EQUIPMENT CORP","IL","ELK GROVE VILLAGE",,,,"N","U",,"U",,"N","U",,,,,,,,,,,,"false","false",
"757055","JC467453","2019-10-10T12:30:00","1","DRIVER",,"719140",,"GENERAL MOTORS CORP.","SIERRA","IL","2010","UNKNOWN","PASSENGER","UNKNOWN/NA","S","STRAIGHT AHEAD",,,"1",,,,,,,,,,,,,,,,,"true","OTHER",,,,,,,,,,,,,,,,,,,,,,,,,,,,,,,,,
"757056","JC467453","2019-10-10T12:30:00","2","DRIVER",,"719123",,"CHEVROLET","TRAVERSE","IL","2012","NONE","PASSENGER","PERSONAL","S","SLOW/STOP IN TRAFFIC",,,"1",,,,,,,,,,"true",,,,,,,,"REAR-LEFT",,,,,,,,,,,,,,,,,,,,,,,,,,,,,,,,,
"757002","JC467349","2019-10-10T12:30:00","1","DRIVER",,"719072",,"NISSAN","JUKE","IL","2014","NONE","PASSENGER","PERSONAL","S","STRAIGHT AHEAD",,,"1",,,,,,,,,,,,,,,"true",,,"UNDER CARRIAGE",,,,,,,,,,,,,,,,,,,,,,,,,,,,,,,,,
"757003","JC467349","2019-10-10T12:30:00","2","DRIVER",,"719090",,"CHRYSLER","200","IL","2013","NONE","PASSENGER","PERSONAL","W","STRAIGHT AHEAD","true",,"2",,,,,"true","true",,,,,,,,,,,,"FRONT",,,,,,,,,,,,,,,,,,,,,,,,,,,,,,,,,
"757019","JC467346","2019-10-10T12:30:00","1","DRIVER",,"719100","true","FORD","UNKNOWN","IL","2017","UNKNOWN","BUS UP TO 15 PASS.","OTHER","N","TURNING RIGHT",,,"1",,,,,,,,,"true",,,,,,,,,"REAR","8389",,,,,,"PACE","IL","BATAVIA",,,,,,,,,,,,,,,,,,,,,,,,
"757020","JC467346","2019-10-10T12:30:00","2","PARKED",,"719108",,"KIA MOTORS CORP","Sportage (sport utility)","IN","2020","UNKNOWN","PASSENGER","PERSONAL","N","PARKED",,,"0",,,,,,,,,,,"true","true",,,,,,"SIDE-LEFT",,,,,,,,,,,,,,,,,,,,,,,,,,,,,,,,,
"757078","JC467469","2019-10-10T12:21:00","2","DRIVER",,"719164",,"LEXUS","UNKNOWN","IL","2013","NONE","PASSENGER","UNKNOWN/NA","E","STRAIGHT AHEAD",,,"1",,,,,,,,,,,,,,,"true",,,"TOTAL (ALL AREAS)",,,,,,,,,,,,,,,,,,,,,,,,,,,,,,,,,
"757016","JC467360","2019-10-10T12:15:00","2","PARKED",,"719082",,"FORD","F150","IL","2010","UNKNOWN","PICKUP","PERSONAL","N","PARKED",,,"0",,,,,,,,,,,"true",,,,,,,"SIDE-LEFT",,,,,,,,,,,,,,,,,,,,,,,,,,,,,,,,,
"757008","JC467342","2019-10-10T12:12:00","1","DRIVER",,"719075",,"FORD","Focus","IL","2016","NONE","PASSENGER","RIDESHARE SERVICE","E","MERGING",,,"1",,,,,,,,,,,,,,,"true",,,"TOTAL (ALL AREAS)",,,,,,,,,,,,,,,,,,,,,,,,,,,,,,,,,
"757009","JC467342","2019-10-10T12:12:00","2","DRIVER",,"719080",,"TOYOTA MOTOR COMPANY, LTD.","CAMRY","IL","2007","NONE","PASSENGER","RIDESHARE SERVICE","E","STRAIGHT AHEAD",,,"1",,,,,,,,,"true",,,,,,,,,"REAR",,,,,,,,,,,,,,,,,,,,,,,,,,,,,,,,,
"757025","JC467414","2019-10-10T12:10:00","1","DRIVER",,"719087",,"HONDA","UNKNOWN","IL","2015","UNKNOWN","PASSENGER","UNKNOWN/NA","N","STRAIGHT AHEAD",,,"1",,,,,,,,,,,,,,,,"true",,"OTHER",,,,,,,,,,,,,,,,,,,,,,,,,,,,,,,,,
"757026","JC467414","2019-10-10T12:10:00","2","DRIVER",,"719092",,"TOYOTA MOTOR COMPANY, LTD.","CAMRY","IL","2007","UNKNOWN","PASSENGER","PERSONAL","N","STRAIGHT AHEAD",,,"1",,,,,,,,,,"true",,,,,,,,"REAR-LEFT",,,,,,,,,,,,,,,,,,,,,,,,,,,,,,,,,
"757017","JC467385","2019-10-10T12:05:00","1","DRIVER",,"719079",,"SCION","XB","IL","2006","UNKNOWN","PASSENGER","PERSONAL","N","STRAIGHT AHEAD","true",,"1",,"private",,,"true",,,,,,,,,,"true","true",,"OTHER",,,,,,,,,,,,,,,,,,,,,,,,,,,,,,,,,
"757018","JC467385","2019-10-10T12:05:00","2","DRIVER",,"719083",,"ACURA","ACURA","IL","2017","UNKNOWN","PASSENGER","PERSONAL","N","STRAIGHT AHEAD",,,"1",,,,,,,,,,"true",,,,,,,,"REAR-LEFT",,,,,,,,,,,,,,,,,,,,,,,,,,,,,,,,,
"756967","JC467296","2019-10-10T12:05:00","1","DRIVER",,"719028",,"KIA MOTORS CORP","Sportage (sport utility)","IL","2007","NONE","PASSENGER","PERSONAL","S","TURNING LEFT",,,"1",,,,,,,,,,,,,,,"true",,,"TOTAL (ALL AREAS)",,,,,,,,,,,,,,,,,,,,,,,,,,,,,,,,,
"756968","JC467296","2019-10-10T12:05:00","2","DRIVER","1","719039",,"LINCOLN-CONTINENTAL","MKZ","IL","2013","NONE","PASSENGER","PERSONAL","E","TURNING LEFT",,,"2",,,,,,,,,,,"true",,,,,,,"UNDER CARRIAGE",,,,,,,,,,,,,,,,,,,,,,,,,,,,,,,,,
"757215","JC467686","2019-10-10T12:00:00","1","DRIVER",,"719254",,"FORD","UNKNOWN","IL","2016","UNKNOWN","BUS UP TO 15 PASS.","COMMERCIAL - MULTI-UNIT","E","STRAIGHT AHEAD",,,"1",,,,,,,,"true","true",,,,,,,,,"SIDE-RIGHT",,,,,,,,,,,,,,,,,,,,,,,,,,,,,,,,,
"757022","JC467392","2019-10-10T12:00:00","2","DRIVER",,"719099",,"FORD","UNKNOWN","IL","2011","NONE","PASSENGER","PERSONAL","W","STRAIGHT AHEAD",,,"1",,,,,,,,,,"true",,,,,,,,"REAR-LEFT",,,,,,,,,,,,,,,,,,,,,,,,,,,,,,,,,
"757030","JC467432","2019-10-10T11:58:00","2","DRIVER",,"719113",,"HONDA","FIT","IL","2009","UNKNOWN","PASSENGER","PERSONAL","N","STRAIGHT AHEAD",,,"1",,,,,"false","false","true","true","true",,,,,,,,,"SIDE-RIGHT",,,,,,,,,,,,,,,,,,,,,,,,,,,,,,,,,
"756979","JC467302","2019-10-10T11:53:00","1","DRIVER",,"719058",,"NISSAN","UNKNOWN","IL","2017","NONE","TRUCK - SINGLE UNIT","OTHER","S","STRAIGHT AHEAD",,,"1",,,,,,"true",,,,,,,,,,,,"SIDE-RIGHT",,,,,,,,,,,,,,,,,,,,,,,,,,,,,,,,,
"756980","JC467302","2019-10-10T11:53:00","2","PARKED","1","719064",,"FORD","UNKNOWN","IL","2007","NONE","TRUCK - SINGLE UNIT","OTHER","S","PARKED",,,"1",,,,,,"false",,,,,,,,"true",,,,"ROOF",,,,,,,,,,,,,,,,,,,,,,,,,,,,,,,,,
"756963","JC467277","2019-10-10T11:45:00","1","DRIVER",,"719037","true","BLUEBIRD INTERNATIONAL","BLUEBIRD INTERNATIONAL","MI","2011","NONE","TRACTOR W/ SEMI-TRAILER","COMMERCIAL - MULTI-UNIT","NW","BACKING",,,"1",,,,,,,,,"true","true","true",,,,,,,"REAR-LEFT","8386","24197888","833337","80000","LOG BOOK","3","NES TRUCKING LLC","MI","GRAND RAPIDS",,,,"N","N",,"N",,"N","N",,,,,,,,,"TRACTOR/SEMI-TRAILER","VAN/ENCLOSED BOX","UNKNOWN","false","false",
"756964","JC467277","2019-10-10T11:45:00","2","DRIVER",,"719052",,"CHRYSLER","200","IL","2011","NONE","PASSENGER","PERSONAL","SE","STRAIGHT AHEAD",,,"1",,,,,"true",,,,,,,,,,"true","true",,"OTHER",,,,,,,,,,,,,,,,,,,,,,,,,,,,,,,,,
"756973","JC467273","2019-10-10T11:43:00","1","DRIVER",,"719041",,"NISSAN","NISSAN ALTIMA","IL","2012","NONE","PASSENGER","PERSONAL","E","UNKNOWN/NA","true",,"1",,,,,"true","true","true",,,,,,,,,,,"FRONT",,,,,,,,,,,,,,,,,,,,,,,,,,,,,,,,,
"756974","JC467273","2019-10-10T11:43:00","2","DRIVERLESS",,"719044",,"TOWMASTER","TOWMASTER","IL","2012","UNKNOWN","OTHER VEHICLE WITH TRAILER","CONSTRUCTION/MAINTENANCE","E","PARKED",,,"0",,,,,,,,,,,"true","true",,,,,,"SIDE-LEFT",,,,,,,,,,,,,,,,,,,,,,,,,,,,,,,,,
"756985","JC467292","2019-10-10T11:42:00","1","DRIVER",,"719050",,"FORD","F150","IL","2014","NONE","TRUCK - SINGLE UNIT","PERSONAL","N","STRAIGHT AHEAD",,,"1",,,,,"true","true",,,,,,,,"true","true","true",,"OTHER",,,,,,,,,,,,,,,,,,,,,,,,,,,,,,,,,
"756986","JC467292","2019-10-10T11:42:00","2","PARKED",,"719054",,"FORD","ESCAPE (SUV)","IL","2014","NONE","SPORT UTILITY VEHICLE (SUV)","NOT IN USE","W","PARKED",,,"0",,,,,"true",,,,,,,,,,"true","true",,,,,,,,,,,,,,,,,,,,,,,,,,,,,,,,,,,
"757013","JC467331","2019-10-10T11:40:00","2","DRIVER","1","719086",,"TOYOTA MOTOR COMPANY, LTD.","COROLLA","IL","2007","UNKNOWN","PASSENGER","PERSONAL","W","SLOW/STOP IN TRAFFIC",,,"2",,,,,,,,,,"true",,,,,,,,"REAR-LEFT",,,,,,,,,,,,,,,,,,,,,,,,,,,,,,,,,
"757014","JC467331","2019-10-10T11:40:00","3","DRIVER","1","719097",,"CHRYSLER","TOWN & COUNTRY","IL","2008","NONE","VAN/MINI-VAN","PERSONAL","W","SLOW/STOP IN TRAFFIC",,,"2",,,,,,,,,,"true",,,,,,,,"REAR-LEFT",,,,,,,,,,,,,,,,,,,,,,,,,,,,,,,,,
"756954","JC467279","2019-10-10T11:37:00","2","DRIVER","2","719024",,"JEEP","JEEP - YEAR GREATER 1988","FL","2007","NONE","PASSENGER","PERSONAL","UNKNOWN","SLOW/STOP IN TRAFFIC",,,"3",,,,,,,,,,,,,"true",,,,,"ROOF",,,,,,,,,,,,,,,,,,,,,,,,,,,,,,,,,
"756961","JC467256","2019-10-10T11:36:00","1","DRIVER",,"719026",,"PONTIAC","Vibe (sport wagon)","IL","2014","NONE","PASSENGER","PERSONAL","E","TURNING RIGHT",,,"1",,,,,,,,,,,,,,,"true",,,"TOTAL (ALL AREAS)",,,,,,,,,,,,,,,,,,,,,,,,,,,,,,,,,
"756962","JC467256","2019-10-10T11:36:00","2","DRIVER",,"719036",,"STERLINE FLATBED TRAILER","STERLINE FLATBED TRAILER","IL","2009","NONE","TRUCK - SINGLE UNIT","CONSTRUCTION/MAINTENANCE","E","TURNING RIGHT",,,"1",,,,,,,"true",,,,,,,,,,,"SIDE-RIGHT",,,,,,,,,,,,,,,,,,,,,,,,,,,,,,,,,
"757144","JC467286","2019-10-10T11:30:00","1","DRIVER","1","719201",,"CHEVROLET","UNKNOWN","IL","2011","NONE","PICKUP","PERSONAL","W","STRAIGHT AHEAD",,,"2",,,,,,,,,,,,"true",,,,,,"REAR-RIGHT",,,,,,,,,,,,,,,,,,,,,,,,,,,,,,,,,
"756944","JC467264","2019-10-10T11:30:00","1","DRIVER",,"719016","false","FORD","FORD-TRUCK,VAN,SUV, ETC","IL","2018","UNKNOWN","VAN/MINI-VAN","OTHER","W","NEGOTIATING A CURVE",,,"1",,,,,,,"true","true",,,,,,,,,,"SIDE-RIGHT",,,,,,,,,,,,,,,,,,,,,,,,,,,,,,,,,
"756945","JC467264","2019-10-10T11:30:00","2","DRIVER",,"719027",,"FORD","FORD-TRUCK,VAN,SUV, ETC","IL","2014","NONE","TRUCK - SINGLE UNIT","OTHER","W","OTHER",,,"1",,,,,,,,,,,"true",,,,,,,"SIDE-LEFT",,,,,,,,,,,,,,,,,,,,,,,,,,,,,,,,,
"756997","JC467251","2019-10-10T11:30:00","2","DRIVER",,"719077","true","CHEVROLET","UPLANDER","IL","2010","NONE","OTHER","OTHER","N","AVOIDING VEHICLES/OBJECTS",,,"1",,,,"false",,,,,,"true",,,,,,,,"REAR-LEFT",,,,,,,,,,,,,,,,,,,,,,,,,,,,,,,,,
"756951","JC467285","2019-10-10T11:20:00","1","DRIVER",,"719014",,"NISSAN","NISSAN MAXIMA","IL","2007","NONE","PASSENGER","PERSONAL","S","SLOW/STOP IN TRAFFIC",,,"1",,,,,"true",,,,,,,,,,"true","true",,"OTHER",,,,,,,,,,,,,,,,,,,,,,,,,,,,,,,,,
"756952","JC467285","2019-10-10T11:20:00","2","DRIVER","1","719022",,"HYUNDAI","TUCSON","IL","2015","NONE","SPORT UTILITY VEHICLE (SUV)","PERSONAL","S","SLOW/STOP IN TRAFFIC",,,"2",,,,,,,,,"true","true","true",,,,,,,"REAR-LEFT",,,,,,,,,,,,,,,,,,,,,,,,,,,,,,,,,
"756920","JC467243","2019-10-10T11:20:00","1","DRIVER",,"718991",,"INFINITI","UNKNOWN","IN","2018","UNKNOWN","VAN/MINI-VAN","PERSONAL","S","STRAIGHT AHEAD",,,"1",,,,,,,,,,,,,,,,"true",,"OTHER",,,,,,,,,,,,,,,,,,,,,,,,,,,,,,,,,
"756921","JC467243","2019-10-10T11:20:00","2","PARKED",,"718995",,"CHEVROLET","CRUZE","IL","2016","NONE","PASSENGER","PERSONAL","S","PARKED IN TRAFFIC LANE",,,"0",,,,,,,,,"true","true",,,,,,,,"REAR",,,,,,,,,,,,,,,,,,,,,,,,,,,,,,,,,
"757495","JC467324","2019-10-10T11:00:00","1","DRIVER",,"719534",,"HYUNDAI","TUCSON","IL","2018","UNKNOWN","PASSENGER","PERSONAL","UNKNOWN","UNKNOWN/NA",,,"1",,,,,,,,,"true",,,,,,,,,"REAR-RIGHT",,,,,,,,,,,,,,,,,,,,,,,,,,,,,,,,,
"757496","JC467324","2019-10-10T11:00:00","2","PARKED",,"719544",,"MAZDA","Mazda 3","IL","2010","NONE","PASSENGER","NOT IN USE","N","PARKED",,,"0",,,,,,,,,,,"true",,,,,,,"FRONT-LEFT",,,,,,,,,,,,,,,,,,,,,,,,,,,,,,,,,
"756977","JC467314","2019-10-10T11:00:00","1","DRIVER",,"719049",,"HONDA","ACCORD","IL","2009","NONE","PASSENGER","PERSONAL","W","TURNING RIGHT",,,"1",,,,,,,,,,,,,,,"true",,,"UNDER CARRIAGE",,,,,,,,,,,,,,,,,,,,,,,,,,,,,,,,,
"756978","JC467314","2019-10-10T11:00:00","2","DRIVER",,"719055",,"LEXUS","LX450 (luxury sport utility)","IL","2006","NONE","SPORT UTILITY VEHICLE (SUV)","PERSONAL","W","TURNING RIGHT",,,"1",,,,,,"true",,,,,,,,,,,,"FRONT-RIGHT",,,,,,,,,,,,,,,,,,,,,,,,,,,,,,,,,
"756909","JC467207","2019-10-10T10:45:00","1","DRIVER",,"718966",,"BUICK","LACROSSE","IL","2007","NONE","PASSENGER","PERSONAL","N","STRAIGHT AHEAD",,,"1",,,,,,,,,,,,,,,,"true",,"OTHER",,,,,,,,,,,,,,,,,,,,,,,,,,,,,,,,,
"756910","JC467207","2019-10-10T10:45:00","2","DRIVER",,"718972",,"TOYOTA MOTOR COMPANY, LTD.","Sienna (van)","IL","2009","NONE","VAN/MINI-VAN","PERSONAL","N","STRAIGHT AHEAD",,,"1",,,,,,,,,,"true",,,,,,,,"REAR-LEFT",,,,,,,,,,,,,,,,,,,,,,,,,,,,,,,,,
"756925","JC467216","2019-10-10T10:43:00","2","PARKED",,"719001",,"CHEVROLET","MALIBU (CHEVELLE)","IL","2006","NONE","PASSENGER","PERSONAL","S","PARKED",,,"0",,,,,,,,,,,"true","true","true","true","true",,,"SIDE-LEFT",,,,,,,,,,,,,,,,,,,,,,,,,,,,,,,,,
"756926","JC467216","2019-10-10T10:43:00","3","PARKED",,"719009",,"KIA MOTORS CORP","SORENTO","KY","2019","NONE","PASSENGER","NOT IN USE","S","PARKED",,,"0",,,,,,,,,,"false","true",,,,,"true",,"REAR-LEFT",,,,,,,,,,,,,,,,,,,,,,,,,,,,,,,,,