"crash_unit_id","rd_no","crash_date","unit_no","unit_type","num_passengers","vehicle_id","cmrc_veh_i","make","model","lic_plate_state","vehicle_year","vehicle_defect","vehicle_type","vehicle_use","travel_direction","maneuver","towed_i","fire_i","occupant_cnt","exceed_speed_limit_i","towed_by","towed_to","area_00_i","area_01_i","area_02_i","area_03_i","area_04_i","area_05_i","area_06_i","area_07_i","area_08_i","area_09_i","area_10_i","area_11_i","area_12_i","area_99_i","first_contact_point","cmv_id","usdot_no","ccmc_no","ilcc_no","commercial_src","gvwr","carrier_name","carrier_state","carrier_city","hazmat_placards_i","hazmat_name","un_no","hazmat_present_i","hazmat_report_i","hazmat_report_no","mcs_report_i","mcs_report_no","hazmat_vio_cause_crash_i","mcs_vio_cause_crash_i","idot_permit_no","wide_load_i","trailer1_width","trailer2_width","trailer1_length","trailer2_length","total_vehicle_length","axle_cnt","vehicle_config","cargo_body_type","load_type","hazmat_out_of_service_i","mcs_out_of_service_i","hazmat_class"
"756901","JC467190","2019-10-10T10:35:00","1","DRIVER",,"718963",,"VOLVO","XC60","IL","2019","NONE","SPORT UTILITY VEHICLE (SUV)","PERSONAL","N","STRAIGHT AHEAD",,,"1",,,,,"true",,,,,,,,,,,"true",,"FRONT",,,,,,,,,,,,,,,,,,,,,,,,,,,,,,,,,
"756902","JC467190","2019-10-10T10:35:00","2","PARKED","1","718981",,"LINCOLN-CONTINENTAL","MKZ","IL","2015","NONE","PASSENGER","NOT IN USE","N","PARKED",,,"1",,,,,,,,,,,"true",,,,,,,"SIDE-LEFT",,,,,,,,,,,,,,,,,,,,,,,,,,,,,,,,,
"756914","JC467213","2019-10-10T10:31:00","2","DRIVER",,"718985",,"HYUNDAI","ELANTRA","IL","2016","NONE","PASSENGER","PERSONAL","W","STRAIGHT AHEAD",,,"1",,,,,,,,,,"true",,,,,,,,"REAR-LEFT",,,,,,,,,,,,,,,,,,,,,,,,,,,,,,,,,
"756930","JC467225","2019-10-10T10:30:00","1","DRIVER",,"718997",,"HYUNDAI","SONATA","IL","2009","NONE","PASSENGER","PERSONAL","N","PASSING/OVERTAKING",,,"1",,,,,,"true",,,,,,,,,,,,"SIDE-RIGHT",,,,,,,,,,,,,,,,,,,,,,,,,,,,,,,,,
"756915","JC467224","2019-10-10T10:30:00","1","DRIVER",,"718978",,"CHEVROLET","MALIBU (CHEVELLE)","IL","2009","UNKNOWN","PASSENGER","PERSONAL","N","STRAIGHT AHEAD",,,"1",,,,,,,,,,,,,,,,,"true","UNKNOWN",,,,,,,,,,,,,,,,,,,,,,,,,,,,,,,,,
"756916","JC467224","2019-10-10T10:30:00","2","DRIVER",,"718986",,"CHEVROLET","Aveo","IL","2009","NONE","PASSENGER","PERSONAL","N","SLOW/STOP IN TRAFFIC",,,"1",,,,,,,,,,"true","true",,,,,,,"REAR-LEFT",,,,,,,,,,,,,,,,,,,,,,,,,,,,,,,,,
"756934","JC467221","2019-10-10T10:30:00","1","DRIVER",,"719005",,"FREIGHTLINER CORP.","FREIGHTLINER CORP.","IL","2019","UNKNOWN","TRUCK - SINGLE UNIT","OTHER","S","BACKING",,,"1",,,,,,,,,"true",,,,,,,,,"REAR",,,,,,,,,,,,,,,,,,,,,,,,,,,,,,,,,
"756935","JC467221","2019-10-10T10:30:00","2","PARKED",,"719020",,"JEEP","PATRIOT","IL","2008","UNKNOWN","PASSENGER","NOT IN USE","E","PARKED",,,"0",,,,,,,,,,,,,,,,"true",,"TOTAL (ALL AREAS)",,,,,,,,,,,,,,,,,,,,,,,,,,,,,,,,,
"756900","JC467184","2019-10-10T10:30:00","2","DRIVER","1","718979",,"NISSAN","NISSAN ALTIMA","IL","2017","NONE","PASSENGER","PERSONAL","N","STRAIGHT AHEAD",,,"2",,,,,,,,,,"true",,,,,,,,"REAR-LEFT",,,,,,,,,,,,,,,,,,,,,,,,,,,,,,,,,
"756905","JC467218","2019-10-10T10:20:00","1","DRIVER",,"718968",,"DODGE","Avenger","IL","2008","UNKNOWN","PASSENGER","PERSONAL","W","ENTERING TRAFFIC LANE FROM PARKING",,,"1",,,,,,,,,,,,,,,"true",,,"TOTAL (ALL AREAS)",,,,,,,,,,,,,,,,,,,,,,,,,,,,,,,,,
"756906","JC467218","2019-10-10T10:20:00","2","DRIVER",,"718984",,"AUDI","Q7","IL","2009","NONE","PASSENGER","PERSONAL","W","STRAIGHT AHEAD",,,"1",,,,,,,"true",,,,,,,,,,,"SIDE-RIGHT",,,,,,,,,,,,,,,,,,,,,,,,,,,,,,,,,
"756932","JC467210","2019-10-10T10:20:00","1","DRIVER",,"718996",,"FORD","Focus","IL","2014","UNKNOWN","PASSENGER","UNKNOWN/NA","N","STRAIGHT AHEAD",,,"1",,,,,,,,,,,,,,,,,"true","UNKNOWN",,,,,,,,,,,,,,,,,,,,,,,,,,,,,,,,,
"756933","JC467210","2019-10-10T10:20:00","2","DRIVER",,"719006",,"HONDA","ACCORD","IL","2007","NONE","PASSENGER","PERSONAL","N","STRAIGHT AHEAD",,,"1",,,,,,,,,,"true",,,,,,,,"REAR-LEFT",,,,,,,,,,,,,,,,,,,,,,,,,,,,,,,,,
"756928","JC467181","2019-10-10T10:17:00","1","DRIVER",,"719002",,"VOLKSWAGEN","PASSAT","IL","2013","UNKNOWN","PASSENGER","PERSONAL","S","STRAIGHT AHEAD","true",,"1",,"PRIVATE TOW","PRIVATE TOW",,,,,,,,,,,,,"true",,"OTHER",,,,,,,,,,,,,,,,,,,,,,,,,,,,,,,,,
"756929","JC467181","2019-10-10T10:17:00","2","DRIVER",,"719013",,"CHEVROLET","IMPALA","IL","2016","UNKNOWN","PASSENGER","PERSONAL","S","STRAIGHT AHEAD","true",,"1",,"PRIVATE TOW","PRIVATE TOW",,,,,,,"true",,,,,,,,"REAR-LEFT",,,,,,,,,,,,,,,,,,,,,,,,,,,,,,,,,
"756948","JC467157","2019-10-10T10:03:00","3","DRIVER",,"719029",,"JEEP","UNKNOWN","IL","2008","UNKNOWN","SPORT UTILITY VEHICLE (SUV)","PERSONAL","E","SLOW/STOP IN TRAFFIC",,,"1",,,,,"true",,,,,,,,,,"true","true",,"OTHER",,,,,,,,,,,,,,,,,,,,,,,,,,,,,,,,,
"756882","JC467144","2019-10-10T10:02:00","1","DRIVER",,"718974",,"NISSAN","NISSAN MAXIMA","IL","2010","UNKNOWN","PASSENGER","PERSONAL","S","STRAIGHT AHEAD",,,"1",,,,,"true",,,,,,,,,,"true","true",,"OTHER",,,,,,,,,,,,,,,,,,,,,,,,,,,,,,,,,
"757080","JC467467","2019-10-10T10:00:00","2","PARKED",,"719127",,"CHEVROLET","MALIBU (CHEVELLE)","IL","2014","NONE","PASSENGER","PERSONAL","E","PARKED",,,"0",,,,,,,,,,,,,,,,"true",,"OTHER",,,,,,,,,,,,,,,,,,,,,,,,,,,,,,,,,
"756881","JC467176","2019-10-10T10:00:00","2","DRIVER",,"718955",,"AUDI","Q5","IL","2017","NONE","PASSENGER","PERSONAL","N","SLOW/STOP IN TRAFFIC",,,"1",,,,,,,,,,"true",,,,,,,,"REAR-LEFT",,,,,,,,,,,,,,,,,,,,,,,,,,,,,,,,,
"756908","JC467169","2019-10-10T10:00:00","2","DRIVER",,"718980",,"NISSAN","SENTRA (DATSUN AND NISSAN HAVE MERGED)","IL","2013","NONE","PASSENGER","PERSONAL","W","STRAIGHT AHEAD",,,"1",,,,,,,,,,,"true",,,,,,,"SIDE-LEFT",,,,,,,,,,,,,,,,,,,,,,,,,,,,,,,,,
"756873","JC467162","2019-10-10T10:00:00","1","DRIVER",,"718947",,"FORD","FORD","IL","2011","NONE","OTHER","OTHER","N","OTHER",,,"1",,,,"true",,,,,,,,,,,,,,,,,,,,,,,,,,,,,,,,,,,,,,,,,,,,,,,
"756874","JC467162","2019-10-10T10:00:00","2","PARKED",,"718949",,"CHEVROLET","MALIBU (CHEVELLE)","IL","2010","NONE","PASSENGER","PERSONAL","W","PARKED",,,"0",,,,,,,,,,"true",,,,,,,,"REAR-LEFT",,,,,,,,,,,,,,,,,,,,,,,,,,,,,,,,,
"756879","JC467150","2019-10-10T09:51:00","1","DRIVER",,"718950",,"CALDWELL DIV., SMITH INTERNATIONAL, INC.","CALDWELL DIV., SMITH INTERNATIONAL, INC.","IL","2014","NONE","TRUCK - SINGLE UNIT","STATE OWNED","N","ENTER FROM DRIVE/ALLEY",,,"1",,,,"true",,,,,,,,,,,,,,,,,,,,,,,,,,,,,,,,,,,,,,,,,,,,,,,
"756893","JC467152","2019-10-10T09:50:00","1","DRIVER",,"718998",,"UNKNOWN","UNKNOWN","IL","2016","NONE","BUS OVER 15 PASS.","SCHOOL BUS","N","TURNING LEFT",,,"30",,,,,,,,,,,,"false",,,,,,,,,,,,,,,,,,,,,,,,,,,,,,,,,,,,,,,
"756894","JC467152","2019-10-10T09:50:00","2","DRIVER",,"719010","true","FREIGHTLINER CORP.","FREIGHTLINER CORP.","IL","2019","NONE","TRACTOR W/O SEMI-TRAILER","OTHER","N","TURNING LEFT",,,"1",,,,,,,,,,,,,,,,,,,"8383","147217",,"220833","DRIVER","2","TRADESHOW TRANSPORT","IL","CHICAGO",,,,"N","N",,"U",,"N","N",,,,,,,"18","3","TRUCK/TRACTOR","OTHER","OTHER","false","false",
"756867","JC467134","2019-10-10T09:28:00","1","DRIVER",,"718939",,"GENERAL MOTORS CORP.","UNKNOWN","IL","2006","NONE","TRUCK - SINGLE UNIT","OTHER","S","STRAIGHT AHEAD",,,"1",,,,,,,"true",,,,,,,,,,,"SIDE-RIGHT",,,,,,,,,,,,,,,,,,,,,,,,,,,,,,,,,
"756884","JC467149","2019-10-10T09:22:00","1","DRIVER",,"718959",,"CHEVROLET","SILVERADO","IL","2014","UNKNOWN","PICKUP","UNKNOWN/NA","N","STRAIGHT AHEAD",,,"1",,,,,,"true",,,,,,,,,,,,"FRONT-RIGHT",,,,,,,,,,,,,,,,,,,,,,,,,,,,,,,,,
"756885","JC467149","2019-10-10T09:22:00","2","DRIVER",,"718971",,"NEW FLYER","NEW FLYER","IL","2008","NONE","BUS OVER 15 PASS.","CTA","N","SLOW/STOP IN TRAFFIC",,,"1",,,,,,,,,,,,,,"true",,,,"FRONT-RIGHT",,,,,,,,,,,,,,,,,,,,,,,,,,,,,,,,,
"756861","JC467132","2019-10-10T09:20:00","1","DRIVER",,"718934",,"CHRYSLER","TOWN & COUNTRY","IL","2006","NONE","VAN/MINI-VAN","OTHER","N","STRAIGHT AHEAD",,,"1",,,,,,,,,,,,,,,,,,"OTHER",,,,,,,,,,,,,,,,,,,,,,,,,,,,,,,,,
"756862","JC467132","2019-10-10T09:20:00","2","DRIVER",,"718941",,"TOYOTA MOTOR COMPANY, LTD.","CAMRY","IL","2017","NONE","PASSENGER","PERSONAL","N","SLOW/STOP IN TRAFFIC","true",,"1",,,,,,,,,,,,,,,,,,"REAR-LEFT",,,,,,,,,,,,,,,,,,,,,,,,,,,,,,,,,
"756863","JC467117","2019-10-10T09:14:00","1","DRIVER",,"718938",,"LEXUS","UNKNOWN","IL","2017","UNKNOWN","PASSENGER","PERSONAL","W","TURNING RIGHT",,,"1",,,,"false",,"true","true",,,,,,,,,,,"FRONT",,,,,,,,,,,,,,,,,,,,,,,,,,,,,,,,,
"757807","JC468761","2019-10-10T09:00:00","2","PARKED",,"719845",,"CHEVROLET","MALIBU (CHEVELLE)","IL","2012","NONE","PASSENGER","PERSONAL","W","PARKED",,,"0",,,,,,,,,,,,,,"true","true",,,"UNDER CARRIAGE",,,,,,,,,,,,,,,,,,,,,,,,,,,,,,,,,
"756858","JC467140","2019-10-10T09:00:00","1","DRIVER",,"718928",,"FORD","EDGE","IL","2017","NONE","SPORT UTILITY VEHICLE (SUV)","PERSONAL","N","PASSING/OVERTAKING",,,"1",,,,,,,,,,,"true",,,,,,,"FRONT-LEFT",,,,,,,,,,,,,,,,,,,,,,,,,,,,,,,,,
"756859","JC467140","2019-10-10T09:00:00","2","DRIVER",,"718937",,"CHEVROLET","MALIBU (CHEVELLE)","IL","2015","NONE","PASSENGER","PERSONAL","N","MERGING",,,"1",,,,,"true","true","true",,,,,,,,,,,"SIDE-RIGHT",,,,,,,,,,,,,,,,,,,,,,,,,,,,,,,,,
"756852","JC467099","2019-10-10T08:55:00","1","DRIVER",,"718924",,"CHEVROLET","Trail Blazer","IL","2007","BRAKES","PASSENGER","PERSONAL","W","AVOIDING VEHICLES/OBJECTS",,,"1",,,,,,,,"true","true",,,,,,,,,"REAR-RIGHT",,,,,,,,,,,,,,,,,,,,,,,,,,,,,,,,,
"756853","JC467099","2019-10-10T08:55:00","2","DRIVER",,"718935","true","CHEVROLET","CHEVROLET-TRUCK,VAN,SUV,ETC","IL","2015","NONE","VAN/MINI-VAN","COMMERCIAL - SINGLE UNIT","S","STRAIGHT AHEAD",,,"1",,,,,"true",,,,,,,,,,"true","true",,"OTHER",,,,,,,,,,,,,,,,,,,,,,,,,,,,,,,,,
"756831","JC467082","2019-10-10T08:55:00","1","DRIVER",,"718899",,"HONDA","ACCORD",,"2009","NONE","PASSENGER","PERSONAL","W","BACKING",,,"1",,,,,,,,,"true","true","true",,,,,,,"REAR-LEFT",,,,,,,,,,,,,,,,,,,,,,,,,,,,,,,,,
"756832","JC467082","2019-10-10T08:55:00","2","DRIVER","1","718905",,"DODGE","GRAND CARAVAN","IL","2007","NONE","VAN/MINI-VAN","PERSONAL","S","SLOW/STOP IN TRAFFIC",,,"2",,,,,,,,,,,,,"true",,,,,"ROOF",,,,,,,,,,,,,,,,,,,,,,,,,,,,,,,,,
"756917","JC467231","2019-10-10T08:50:00","1","DRIVER",,"718982",,"LINCOLN-CONTINENTAL","MKT","IL","2014","NONE","PASSENGER","PERSONAL","N","STRAIGHT AHEAD",,,"1",,,,,,,,,,,,,,,,"true",,"OTHER",,,,,,,,,,,,,,,,,,,,,,,,,,,,,,,,,
"756918","JC467231","2019-10-10T08:50:00","2","DRIVER",,"718987",,"HONDA","CIVIC","IL","2016","NONE","PASSENGER","PERSONAL","N","STRAIGHT AHEAD",,,"1",,,,,,,,,,"true",,,,,,"true",,"REAR-LEFT",,,,,,,,,,,,,,,,,,,,,,,,,,,,,,,,,
"756919","JC467231","2019-10-10T08:50:00","3","DRIVER",,"718990",,"HONDA","ACCORD","IL","2016","NONE","PASSENGER","UNKNOWN/NA","N","STRAIGHT AHEAD",,,"1",,,,,,,,,,"true",,,,,,,,"REAR-LEFT",,,,,,,,,,,,,,,,,,,,,,,,,,,,,,,,,
"756955","JC467090","2019-10-10T08:49:00","1","DRIVER",,"719031","true","FORD","F550","NC","2019","UNKNOWN","OTHER","OTHER","W","BACKING",,,"1",,,,,,,,,,"true",,,,,,,,"REAR-LEFT","8385","2337380",,,,"2","ALTEC CAPITAL TRUST","AL","BIRMINGHAM",,,,"N","N",,"N",,"N","U",,,,,,,,,"UNKNOWN HEAVY TRUCK","OTHER","UNKNOWN","false","false",
"756828","JC467056","2019-10-10T08:40:00","1","DRIVER",,"718904","true","GENERAL MOTORS CORP.","UNKNOWN","IL","2007","NONE","TRUCK - SINGLE UNIT","OTHER","E","BACKING",,,"1",,,,,,,,,,"true",,,,,,,,"REAR-LEFT",,,,,,,,,,,,,,,,,,,,,,,,,,,,,,,,,
"756829","JC467056","2019-10-10T08:40:00","2","DRIVER",,"718912",,"JEEP","CHEROKEE","IL","2015","NONE","PASSENGER","PERSONAL","E","STRAIGHT AHEAD",,,"1",,,,,,,,,,,,,,,,"true",,"OTHER",,,,,,,,,,,,,,,,,,,,,,,,,,,,,,,,,
"758002","JC469045","2019-10-10T08:30:00","2","DRIVER",,"720030",,"CHEVROLET","MALIBU (CHEVELLE)","IL","2013","UNKNOWN","PASSENGER","PERSONAL","W","SLOW/STOP IN TRAFFIC",,,"1",,,,,,,,,,"true",,,,,,,,"REAR-LEFT",,,,,,,,,,,,,,,,,,,,,,,,,,,,,,,,,
"756822","JC467062","2019-10-10T08:30:00","1","DRIVER","2","718894",,"MAZDA","UNKNOWN","IL","2007","UNKNOWN","PASSENGER","UNKNOWN/NA","S","PASSING/OVERTAKING",,,"3",,,,,"true",,,,,,,,,,,,,"FRONT",,,,,,,,,,,,,,,,,,,,,,,,,,,,,,,,,
"756823","JC467062","2019-10-10T08:30:00","2","DRIVER",,"718910",,"HYUNDAI","SONATA","IL","2006","NONE","PASSENGER","PERSONAL","N","STRAIGHT AHEAD",,,"1",,,,,,,,"true","true",,,,,,,,,"REAR",,,,,,,,,,,,,,,,,,,,,,,,,,,,,,,,,
"756812","JC467058","2019-10-10T08:30:00","1","DRIVER",,"718882",,"KIA MOTORS CORP","Sedona","IL","2011","NONE","PASSENGER","PERSONAL","N","ENTERING TRAFFIC LANE FROM PARKING",,,"1",,,,,,,,,,,,,,,"true",,,"TOTAL (ALL AREAS)",,,,,,,,,,,,,,,,,,,,,,,,,,,,,,,,,
"756813","JC467058","2019-10-10T08:30:00","2","DRIVER",,"718884",,"NISSAN","NISSAN MAXIMA","IL","2013","NONE","PASSENGER","PERSONAL","N","STRAIGHT AHEAD",,,"1",,,,,,,"true","true","true",,,,,,,,,"ROOF",,,,,,,,,,,,,,,,,,,,,,,,,,,,,,,,,
"756843","JC467063","2019-10-10T08:26:00","1","DRIVER",,"718918",,"ISUZU","UNKNOWN","IL","2020","UNKNOWN","TRUCK - SINGLE UNIT","UNKNOWN/NA","SE","STRAIGHT AHEAD",,,"1",,,,,,,"true","true",,,,,,,,,,"SIDE-RIGHT",,,,,,,,,,,,,,,,,,,,,,,,,,,,,,,,,
"756844","JC467063","2019-10-10T08:26:00","2","DRIVER",,"718926",,"JEEP","Wrangler (for vehicle years 1989 to present)","IL","2017","UNKNOWN","PASSENGER","PERSONAL","E","TURNING RIGHT",,,"1",,,,,,,,,,,,,,,"true",,,"TOTAL (ALL AREAS)",,,,,,,,,,,,,,,,,,,,,,,,,,,,,,,,,
"756957","JC467252","2019-10-10T08:20:00","1","DRIVER",,"719038",,"CHEVROLET","Tracker (beginning vehicle year 1998)","IL","2016","NONE","SPORT UTILITY VEHICLE (SUV)","PERSONAL","W","STRAIGHT AHEAD",,,"1",,,,,"true",,,,,,,,,,"true","true",,"OTHER",,,,,,,,,,,,,,,,,,,,,,,,,,,,,,,,,
"756958","JC467252","2019-10-10T08:20:00","2","DRIVER",,"719045",,"TOYOTA MOTOR COMPANY, LTD.","RAV4 (sport utility)","IL","2017","NONE","SPORT UTILITY VEHICLE (SUV)","PERSONAL","W","SLOW/STOP IN TRAFFIC",,,"1",,,,,,,,,"true","true","true",,,,,,,"REAR-LEFT",,,,,,,,,,,,,,,,,,,,,,,,,,,,,,,,,
"756845","JC467103","2019-10-10T08:20:00","1","DRIVER",,"718923",,"TOYOTA MOTOR COMPANY, LTD.","RAV4 (sport utility)","IL","2006","NONE","SPORT UTILITY VEHICLE (SUV)","PERSONAL","N","TURNING LEFT",,,"1",,,,,"true",,,,,,,,,,,,,"FRONT",,,,,,,,,,,,,,,,,,,,,,,,,,,,,,,,,
"756817","JC467075","2019-10-10T08:20:00","2","DRIVER",,"718897",,"HONDA","CRV","IL","2007","NONE","PASSENGER","PERSONAL","E","STRAIGHT AHEAD",,,"1",,,,,,,,,,,"true",,,,,,,"SIDE-LEFT",,,,,,,,,,,,,,,,,,,,,,,,,,,,,,,,,
"756826","JC467051","2019-10-10T08:20:00","1","DRIVER",,"718896",,"CHRYSLER","UNKNOWN","IL","2009","UNKNOWN","PASSENGER","PERSONAL","N","STRAIGHT AHEAD",,,"1",,,,,,,,,,,,,,,,"true",,"OTHER",,,,,,,,,,,,,,,,,,,,,,,,,,,,,,,,,
"756827","JC467051","2019-10-10T08:20:00","2","DRIVER",,"718908",,"HYUNDAI","Accent","IL","2013","UNKNOWN","PASSENGER","PERSONAL","E","STRAIGHT AHEAD","true",,"1",,"PRIVATE TOW","PRIVATE TOW",,"true","true","true","true",,,,,,,,,,"SIDE-RIGHT",,,,,,,,,,,,,,,,,,,,,,,,,,,,,,,,,
"756837","JC467050","2019-10-10T08:10:00","2","DRIVER",,"718911",,"CHEVROLET","IMPALA","IL","2008","NONE","PASSENGER","PERSONAL","N","STRAIGHT AHEAD",,,"1",,,,,"true",,,,,,,,,,"true","true",,"OTHER",,,,,,,,,,,,,,,,,,,,,,,,,,,,,,,,,
"756942","JC467239","2019-10-10T08:08:00","1","DRIVER",,"719011",,"FORD","FORD-TRUCK,VAN,SUV, ETC","IL","2018","NONE","SPORT UTILITY VEHICLE (SUV)","PERSONAL","W","BACKING",,,"1",,,,,,,,,,,"true",,,,,,,"FRONT-LEFT",,,,,,,,,,,,,,,,,,,,,,,,,,,,,,,,,
"756943","JC467239","2019-10-10T08:08:00","2","DRIVER",,"719018",,"CHEVROLET","MALIBU (CHEVELLE)","IL","2014","NONE","PASSENGER","PERSONAL","W","STRAIGHT AHEAD",,,"1",,,,,"true",,,,,,,,,,,,,"FRONT",,,,,,,,,,,,,,,,,,,,,,,,,,,,,,,,,
"756865","JC467083","2019-10-10T08:07:00","1","DRIVER",,"718940",,"CHEVROLET","MALIBU (CHEVELLE)","IL","2015","NONE","PASSENGER","PERSONAL","N","STRAIGHT AHEAD","true",,"1",,"NORTHWEST TOWING","7340 W 56TH PL SUMMIT IL 60501",,"true",,,,,,,,,,,"true",,,,,,,,,,,,,,,,,,,,,,,,,,,,,,,,,,,
"756866","JC467083","2019-10-10T08:07:00","2","DRIVER","1","718952",,"SCION","TC","MT","2015","NONE","PASSENGER","PERSONAL","W","STRAIGHT AHEAD","true",,"2",,"COOK COUNTY TOWING","UNK.",,,,,,,,,,,,"true","true",,,,,,,,,,,,,,,,,,,,,,,,,,,,,,,,,,,
"756870","JC467060","2019-10-10T08:03:00","2","DRIVER",,"718948",,"TOYOTA MOTOR COMPANY, LTD.","COROLLA","IL","2014","NONE","PASSENGER","PERSONAL","W","STRAIGHT AHEAD",,,"1",,,,,,,,,,,,,,,,"true",,"OTHER",,,,,,,,,,,,,,,,,,,,,,,,,,,,,,,,,
"757363","JC467841","2019-10-10T08:00:00","2","PARKED",,"719406",,"KIA MOTORS CORP","SORENTO",,"2014","NONE","PASSENGER","NOT IN USE","N","PARKED",,,"0",,,,,,,,,,,,,"true",,"true",,,"UNKNOWN",,,,,,,,,,,,,,,,,,,,,,,,,,,,,,,,,
"756851","JC467113","2019-10-10T08:00:00","2","PARKED",,"718919",,"CHEVROLET","IMPALA","IL","2012","NONE","PASSENGER","PERSONAL","W","PARKED",,,"0",,,,,,,,,,"true",,,,,,"true",,"REAR",,,,,,,,,,,,,,,,,,,,,,,,,,,,,,,,,
"756806","JC467087","2019-10-10T08:00:00","1","DRIVER",,"718881",,"HONDA","CRV","IL","2008","NONE","SPORT UTILITY VEHICLE (SUV)","PERSONAL","E","SLOW/STOP IN TRAFFIC",,,"1",,,,,,,,,,,,,,,,"true",,"FRONT",,,,,,,,,,,,,,,,,,,,,,,,,,,,,,,,,
"756804","JC467038","2019-10-10T08:00:00","1","DRIVER",,"718878",,"INFINITI","UNKNOWN","IL","2014","NONE","PASSENGER","PERSONAL","S","STRAIGHT AHEAD",,,"1",,,,,,,,,,,,,,"true","true","false",,"FRONT",,,,,,,,,,,,,,,,,,,,,,,,,,,,,,,,,
"756805","JC467038","2019-10-10T08:00:00","2","DRIVER",,"718895",,"VOLKSWAGEN","JETTA","IL","2010","NONE","PASSENGER","PERSONAL","S","CHANGING LANES",,,"1",,,,,,,,,"true",,,,,,,,,"REAR",,,,,,,,,,,,,,,,,,,,,,,,,,,,,,,,,
"757404","JC468011","2019-10-10T07:58:00","2","DRIVER",,"719454",,"CHRYSLER","TOWN & COUNTRY","IL","2007","NONE","VAN/MINI-VAN","PERSONAL","N","SLOW/STOP IN TRAFFIC",,,"1",,,,,,,,,,,"true",,,,,,,"SIDE-LEFT",,,,,,,,,,,,,,,,,,,,,,,,,,,,,,,,,
"756808","JC467024","2019-10-10T07:50:00","1","DRIVER",,"718876",,"CHEVROLET","IMPALA","IL","2006","NONE","PASSENGER","UNKNOWN/NA","E","STRAIGHT AHEAD",,,"1",,,,,,,,,,,,,,,,,,"UNKNOWN",,,,,,,,,,,,,,,,,,,,,,,,,,,,,,,,,
"756809","JC467024","2019-10-10T07:50:00","2","DRIVER","1","718879",,"KIA MOTORS CORP","SORENTO","IL","2014","NONE","PASSENGER","PERSONAL","N","STRAIGHT AHEAD","true",,"2",,"owner","owner",,"true",,,,,,,,,,"true","true",,"OTHER",,,,,,,,,,,,,,,,,,,,,,,,,,,,,,,,,
"756810","JC467031","2019-10-10T07:45:00","1","DRIVER",,"718880",,"TOYOTA MOTOR COMPANY, LTD.","COROLLA","MI","2006","NONE","PASSENGER","PERSONAL","S","TURNING LEFT","true",,"1",,"private, insurance",,,"true","true",,,,,,,,,,"true",,"FRONT",,,,,,,,,,,,,,,,,,,,,,,,,,,,,,,,,
"756799","JC467034","2019-10-10T07:44:00","1","DRIVER","1","718871",,"KIA MOTORS CORP","SOUL","IL","2019","UNKNOWN","SPORT UTILITY VEHICLE (SUV)","PERSONAL","E","CHANGING LANES",,,"2",,,,,,,,,,,,,"true","false",,,,"ROOF",,,,,,,,,,,,,,,,,,,,,,,,,,,,,,,,,
"756800","JC467034","2019-10-10T07:44:00","2","DRIVER",,"718869",,"HONDA","CRV","IL","2007","UNKNOWN","SPORT UTILITY VEHICLE (SUV)","PERSONAL","E","SLOW/STOP IN TRAFFIC",,,"1",,,,,"true",,,,,,,,,,,,,"FRONT",,,,,,,,,,,,,,,,,,,,,,,,,,,,,,,,,
"756783","JC467015","2019-10-10T07:42:00","1","DRIVER","5","718862",,"UNKNOWN","UNKNOWN","IL","2009","NONE","BUS OVER 15 PASS.","SCHOOL BUS","E","TURNING LEFT",,,"6",,,,,,,,,"true",,,,,,,,,"REAR",,,,,,,,,,,,,,,,,,,,,,,,,,,,,,,,,
"756784","JC467015","2019-10-10T07:42:00","2","DRIVER",,"718874",,"CHEVROLET","SILVERADO","IL","2018","NONE","PICKUP","PERSONAL","E","STRAIGHT AHEAD",,,"1",,,,,,,,,,,,,"true","true","true",,,,,,,,,,,,,,,,,,,,,,,,,,,,,,,,,,,,
"756854","JC467012","2019-10-10T07:30:00","1","DRIVER",,"718922",,"TOYOTA MOTOR COMPANY, LTD.","COROLLA","IL","2009","UNKNOWN","PASSENGER","PERSONAL","E","PASSING/OVERTAKING",,,"1",,,,,"true",,,,,,,,,,"true","true",,"OTHER",,,,,,,,,,,,,,,,,,,,,,,,,,,,,,,,,
"756855","JC467012","2019-10-10T07:30:00","2","DRIVER",,"718929",,"FORD","ECONOLINE E350","IL","2012","UNKNOWN","VAN/MINI-VAN","UNKNOWN/NA","W","TURNING LEFT",,,"1",,,,,,,"true",,,,,,,,,,,"SIDE-RIGHT",,,,,,,,,,,,,,,,,,,,,,,,,,,,,,,,,
"756786","JC467006","2019-10-10T07:26:00","2","PARKED",,"718858",,"FORD","ESCAPE (SUV)","IL","2018","UNKNOWN","PASSENGER","NOT IN USE","W","PARKED","true",,"0",,"PERSONAL",,,,,,,,,"true","true","true","true","true",,,"ROOF",,,,,,,,,,,,,,,,,,,,,,,,,,,,,,,,,
"756825","JC466997","2019-10-10T06:55:00","2","PARKED",,"718898",,"JEEP","JEEP - YEAR GREATER 1988","IL","2011","NONE","SPORT UTILITY VEHICLE (SUV)","NOT IN USE","S","PARKED","true",,"0",,"PRIVATE TOW","UNKNOWN",,,,,,,,"true",,,,,,,"FRONT-LEFT",,,,,,,,,,,,,,,,,,,,,,,,,,,,,,,,,