"crash_unit_id","rd_no","crash_date","unit_no","unit_type","num_passengers","vehicle_id","cmrc_veh_i","make","model","lic_plate_state","vehicle_year","vehicle_defect","vehicle_type","vehicle_use","travel_direction","maneuver","towed_i","fire_i","occupant_cnt","exceed_speed_limit_i","towed_by","towed_to","area_00_i","area_01_i","area_02_i","area_03_i","area_04_i","area_05_i","area_06_i","area_07_i","area_08_i","area_09_i","area_10_i","area_11_i","area_12_i","area_99_i","first_contact_point","cmv_id","usdot_no","ccmc_no","ilcc_no","commercial_src","gvwr","carrier_name","carrier_state","carrier_city","hazmat_placards_i","hazmat_name","un_no","hazmat_present_i","hazmat_report_i","hazmat_report_no","mcs_report_i","mcs_report_no","hazmat_vio_cause_crash_i","mcs_vio_cause_crash_i","idot_permit_no","wide_load_i","trailer1_width","trailer2_width","trailer1_length","trailer2_length","total_vehicle_length","axle_cnt","vehicle_config","cargo_body_type","load_type","hazmat_out_of_service_i","mcs_out_of_service_i","hazmat_class"
"756775","JC466989","2019-10-10T06:40:00","2","DRIVER",,"718853","true","BLUE BIRD BODY CO.","BLUE BIRD BODY CO.","IL","2012","NONE","BUS OVER 15 PASS.","SCHOOL BUS","E","STRAIGHT AHEAD",,,"1",,,,,,,,,,,,,,,"true",,,"TOTAL (ALL AREAS)","8382",,,,,"1","SUNRISE TRANSPORTATION","IL","CRESTWOOD",,,,"N","N",,"N",,"N","N",,,,,,,,,"BUS",,,"false","false",
"756770","JC466988","2019-10-10T06:40:00","1","DRIVER","1","718843",,"CHEVROLET","UNKNOWN","IL","2006","UNKNOWN","PASSENGER","PERSONAL","S","STRAIGHT AHEAD",,,"2",,,,,"true",,,,,,,,,,,,,"OTHER",,,,,,,,,,,,,,,,,,,,,,,,,,,,,,,,,
"756777","JC467014","2019-10-10T06:30:00","2","DRIVER",,"718854",,"LAND ROVER","LAND ROVER","IL","2012","UNKNOWN","PASSENGER","PERSONAL","N","STRAIGHT AHEAD",,,"1",,,,,,,,,,"true","true","true",,,,,,"SIDE-LEFT",,,,,,,,,,,,,,,,,,,,,,,,,,,,,,,,,
"756781","JC466987","2019-10-10T06:30:00","1","DRIVER",,"718856",,"HYUNDAI","ELANTRA","IL","2016","NONE","PASSENGER","PERSONAL","N","CHANGING LANES",,,"1",,,,,,,,,,,"true",,,,,,,"SIDE-LEFT",,,,,,,,,,,,,,,,,,,,,,,,,,,,,,,,,
"756782","JC466987","2019-10-10T06:30:00","2","DRIVER",,"718860",,"DODGE","CHARGER","IL","2014","NONE","PASSENGER","PERSONAL","N","STRAIGHT AHEAD","true",,"1",,"city of chicago","3100 s moe drive",,"true",,,,,,,,,,,,,"FRONT",,,,,,,,,,,,,,,,,,,,,,,,,,,,,,,,,
"756757","JC466974","2019-10-10T06:05:00","2","DRIVER",,"718836",,"FREIGHTLINER CORP.","FREIGHTLINER CORP.","IL","2019","NONE","TRUCK - SINGLE UNIT","COMMERCIAL - SINGLE UNIT","N","STRAIGHT AHEAD",,,"1",,,,"true",,,,,,,,,,,,,,"REAR-LEFT",,,,,,,,,,,,,,,,,,,,,,,,,,,,,,,,,
"756819","JC467071","2019-10-10T06:00:00","2","PARKED",,"718893",,"TOYOTA MOTOR COMPANY, LTD.","RAV4 (sport utility)","IL","2009","UNKNOWN","PICKUP","PERSONAL","N","PARKED",,,"0",,,,,,,,,,,,,,"true","true","true",,"TOTAL (ALL AREAS)",,,,,,,,,,,,,,,,,,,,,,,,,,,,,,,,,
"756778","JC466968","2019-10-10T05:40:00","1","DRIVER",,"718859",,"HONDA","CIVIC","IL","2014","NONE","PASSENGER","PERSONAL","S","STRAIGHT AHEAD",,,"1",,,,,"true",,,,,,,,,,"true","true",,"OTHER",,,,,,,,,,,,,,,,,,,,,,,,,,,,,,,,,
"756779","JC466968","2019-10-10T05:40:00","2","DRIVER",,"718855",,"TOYOTA MOTOR COMPANY, LTD.","COROLLA","IL","2016","NONE","PASSENGER","PERSONAL","E","STRAIGHT AHEAD","true",,"1",,"DISTRICT TOWING","UNK",,,,,,,,,,"true","true","true","true",,"TOTAL (ALL AREAS)",,,,,,,,,,,,,,,,,,,,,,,,,,,,,,,,,
"756780","JC466968","2019-10-10T05:40:00","3","DRIVER",,"718852",,"INFINITI","UNKNOWN","IL","2016","NONE","PASSENGER","PERSONAL","N","SLOW/STOP IN TRAFFIC",,,"1",,,,,,,,,,,,,,"true","true","true",,"TOTAL (ALL AREAS)",,,,,,,,,,,,,,,,,,,,,,,,,,,,,,,,,
"756743","JC466937","2019-10-10T03:00:00","2","PARKED",,"718823",,"KIA MOTORS CORP","Optima","IL","2015","UNKNOWN","PASSENGER","UNKNOWN/NA","W","PARKED",,,"0",,,,,"true","true",,"true","true",,,"true","true","true","true",,,"ROOF",,,,,,,,,,,,,,,,,,,,,,,,,,,,,,,,,
"757024","JC467389","2019-10-10T02:00:00","2","PARKED",,"719088",,"HYUNDAI","SONATA","IL","2015","NONE","PASSENGER","PERSONAL","W","PARKED",,,"0",,,,,,,,,,,,,,,"true",,,"TOTAL (ALL AREAS)",,,,,,,,,,,,,,,,,,,,,,,,,,,,,,,,,
"756850","JC467128","2019-10-10T02:00:00","2","PARKED",,"718920",,"JEEP","UNKNOWN","IL","2019","NONE","SPORT UTILITY VEHICLE (SUV)","NOT IN USE","E","PARKED",,,"0",,,,,"true",,,,,,,,,,"false","true",,"OTHER",,,,,,,,,,,,,,,,,,,,,,,,,,,,,,,,,
"756737","JC466889","2019-10-10T00:20:00","2","PARKED",,"718812",,"HYUNDAI","Accent","IL","2019","UNKNOWN","PASSENGER","NOT IN USE","E","PARKED","true",,"0",,"private-insurance related",,,,,,,"true","true","true","true","true",,,,,"SIDE-LEFT",,,,,,,,,,,,,,,,,,,,,,,,,,,,,,,,,
"756940","JC467270","2019-10-10T00:01:00","1","DRIVER",,"719015",,"TOYOTA MOTOR COMPANY, LTD.","UNKNOWN","IL","2015","UNKNOWN","PASSENGER","PERSONAL","N","STRAIGHT AHEAD",,,"1",,,,,,,,,,,,,,,,"true",,"OTHER",,,,,,,,,,,,,,,,,,,,,,,,,,,,,,,,,
"756941","JC467270","2019-10-10T00:01:00","2","DRIVER",,"719004",,"JEEP","JEEP - YEAR GREATER 1988","IL","2019","NONE","SPORT UTILITY VEHICLE (SUV)","PERSONAL","N","SLOW/STOP IN TRAFFIC",,,"1",,,,,,,,,,,"true",,,,,,,"SIDE-LEFT",,,,,,,,,,,,,,,,,,,,,,,,,,,,,,,,,
"756739","JC466892","2019-10-10T00:00:00","2","PARKED",,"718814",,"PETERBILT MOTORS CO., DIVISION PACCAR, INC.","UNKNOWN","OH","2017","NONE","TRUCK - SINGLE UNIT","NOT IN USE","UNKNOWN","PARKED",,,"0",,,,,"true",,,,,,,,,,,,,"FRONT",,,,,,,,,,,,,,,,,,,,,,,,,,,,,,,,,
"756727","JC466850","2019-10-09T23:05:00","2","DRIVER",,"718801",,"TOYOTA MOTOR COMPANY, LTD.","CAMRY","IL","2015","UNKNOWN","PASSENGER","PERSONAL","S","SLOW/STOP IN TRAFFIC",,,"1",,,,,,,,,"true","true","true","true",,,,,"true","SIDE-LEFT",,,,,,,,,,,,,,,,,,,,,,,,,,,,,,,,,
"756733","JC466838","2019-10-09T23:05:00","2","DRIVER","2","718806",,"BMW","760 LI","IL","2008","NONE","PASSENGER","PERSONAL","S","STRAIGHT AHEAD","true",,"3",,"private tow",,,"true",,,,,"true","true",,,,,"true",,"SIDE-LEFT",,,,,,,,,,,,,,,,,,,,,,,,,,,,,,,,,
"756717","JC466824","2019-10-09T22:30:00","2","DRIVER","4","718799",,"KIA MOTORS CORP","UNKNOWN","IL","2016","UNKNOWN","PASSENGER","TAXI/FOR HIRE","E","STRAIGHT AHEAD","true",,"5",,"city of chicago","350 e lower wacker",,"true",,,,"true","true","true","true",,,,,,"REAR-LEFT",,,,,,,,,,,,,,,,,,,,,,,,,,,,,,,,,
"756714","JC466810","2019-10-09T22:15:00","1","DRIVER","1","718783",,"CHEVROLET","IMPALA","IL","2011","NONE","PASSENGER","PERSONAL","N","STRAIGHT AHEAD",,,"2",,,,,"true",,,,,,,,,,,,,"FRONT",,,,,,,,,,,,,,,,,,,,,,,,,,,,,,,,,
"756715","JC466810","2019-10-09T22:15:00","2","DRIVER",,"718786",,"MITSUBISHI","UNKNOWN","IL","2019","NONE","PASSENGER","PERSONAL","N","STRAIGHT AHEAD",,,"1",,,,,,,,,,,"true",,,,,,,"FRONT-LEFT",,,,,,,,,,,,,,,,,,,,,,,,,,,,,,,,,
"756719","JC466811","2019-10-09T22:13:00","2","DRIVER",,"718792",,"FORD","EXPLORER","IL","2018","NONE","SPORT UTILITY VEHICLE (SUV)","POLICE","E","STRAIGHT AHEAD",,,"1",,,,,,,,,,"true","true",,,,,,,"REAR-LEFT",,,,,,,,,,,,,,,,,,,,,,,,,,,,,,,,,
"756701","JC466791","2019-10-09T21:55:00","1","DRIVER",,"718779",,"FORD","UNKNOWN","IL","2012","NONE","PASSENGER","PERSONAL","S","STRAIGHT AHEAD",,,"1",,,,,"true",,,,,,,,,,"true","true",,"OTHER",,,,,,,,,,,,,,,,,,,,,,,,,,,,,,,,,
"756706","JC466778","2019-10-09T21:51:00","2","DRIVER",,"718781",,"CHEVROLET","CRUZE","IL","2014","NONE","PASSENGER","PERSONAL","S","STRAIGHT AHEAD",,,"1",,,,,,"true","true","true",,,,,,,,,,"SIDE-RIGHT",,,,,,,,,,,,,,,,,,,,,,,,,,,,,,,,,
"756704","JC466780","2019-10-09T21:50:00","2","PARKED",,"718780",,"TOYOTA MOTOR COMPANY, LTD.","CAMRY","IL","2006","UNKNOWN","PASSENGER","PERSONAL","W","PARKED",,,"0",,,,,,,,,,,,"true","true","true",,,,"ROOF",,,,,,,,,,,,,,,,,,,,,,,,,,,,,,,,,
"756684","JC466776","2019-10-09T21:30:00","2","DRIVER",,"718759",,"FORD","EDGE","IL","2007","NONE","PASSENGER","PERSONAL","E","STRAIGHT AHEAD",,,"1",,,,,,,,,"true","true","true",,,,,,,"REAR-LEFT",,,,,,,,,,,,,,,,,,,,,,,,,,,,,,,,,
"756711","JC466751","2019-10-09T21:06:00","1","DRIVER",,"718785",,"FORD","FUSION","IL","2017","NONE","PASSENGER","PERSONAL","NE","TURNING RIGHT","true",,"1",,"e&r towing","10200 s doty",,"true",,,,,,,,,,"true",,,"TOTAL (ALL AREAS)",,,,,,,,,,,,,,,,,,,,,,,,,,,,,,,,,
"756713","JC466751","2019-10-09T21:06:00","3","DRIVERLESS",,"718793",,"NISSAN","NISSAN ALTIMA","IL","2009","NONE","PASSENGER","NOT IN USE","S","PARKED",,,"0",,,,,,,,,,,"true",,,,,,,"FRONT-LEFT",,,,,,,,,,,,,,,,,,,,,,,,,,,,,,,,,
"756694","JC466788","2019-10-09T21:00:00","1","DRIVER",,"718771",,"JAGUAR","JAGUAR","MI","2018","NONE","PASSENGER","PERSONAL","S","U-TURN",,,"1",,,,,,,,,,,,,,,,,"true","UNKNOWN",,,,,,,,,,,,,,,,,,,,,,,,,,,,,,,,,
"756695","JC466788","2019-10-09T21:00:00","2","DRIVER",,"718776",,"FORD","FUSION","IL","2006","NONE","PASSENGER","PERSONAL","S","STRAIGHT AHEAD",,,"2",,,,,,,,,,,,,,,"true",,,"TOTAL (ALL AREAS)",,,,,,,,,,,,,,,,,,,,,,,,,,,,,,,,,
"756660","JC466715","2019-10-09T20:50:00","1","DRIVER",,"718739",,"INFINITI","G37","IN","2012","NONE","PASSENGER","PERSONAL","E","NEGOTIATING A CURVE",,,"1",,,,,,,,,,,,,"true","true","true",,,"UNDER CARRIAGE",,,,,,,,,,,,,,,,,,,,,,,,,,,,,,,,,
"756661","JC466715","2019-10-09T20:50:00","2","DRIVER",,"718743",,"SUBARU","OUTBACK","IL","2016","NONE","PASSENGER","PERSONAL","E","NEGOTIATING A CURVE",,,"1",,,,,"true","true","true",,,,,,,,,,,"SIDE-RIGHT",,,,,,,,,,,,,,,,,,,,,,,,,,,,,,,,,
"756693","JC466708","2019-10-09T20:38:00","1","DRIVER",,"718769",,"DODGE","NITRO","IL","2010","UNKNOWN","PASSENGER","PERSONAL","W","STRAIGHT AHEAD","true",,"3",,"private tow",,,,,,,,,,,,,,"true",,"OTHER",,,,,,,,,,,,,,,,,,,,,,,,,,,,,,,,,
"756666","JC466698","2019-10-09T20:29:00","1","DRIVER",,"718742",,"TOYOTA MOTOR COMPANY, LTD.","CAMRY","IL","2012","NONE","PASSENGER","PERSONAL","W","STRAIGHT AHEAD",,,"1",,,,"true",,,,,,,,,,,,,,"SIDE-RIGHT",,,,,,,,,,,,,,,,,,,,,,,,,,,,,,,,,
"756669","JC466738","2019-10-09T20:15:00","2","DRIVER",,"718746",,"ACURA (DIV. OF AMERICAN HONDA MOTOR CO.)","MDX","IL","2016","UNKNOWN","SPORT UTILITY VEHICLE (SUV)","PERSONAL","E","SLOW/STOP IN TRAFFIC",,,"1",,,,,,,,,"true","true","true",,,,,,,"REAR-LEFT",,,,,,,,,,,,,,,,,,,,,,,,,,,,,,,,,
"756654","JC466679","2019-10-09T20:14:00","1","DRIVER",,"718734",,"HYUNDAI","SONATA","IL","2016","UNKNOWN","PASSENGER","PERSONAL","E","STRAIGHT AHEAD","true",,"1",,,,,"true",,,,,,,,,,"true","true",,"OTHER",,,,,,,,,,,,,,,,,,,,,,,,,,,,,,,,,
"756655","JC466679","2019-10-09T20:14:00","2","DRIVER","1","718736",,"NISSAN","NISSAN","IL","2008","UNKNOWN","PASSENGER","PERSONAL","W","STRAIGHT AHEAD","true",,"2",,,,,"true",,,,,,,,,,"true","true",,"OTHER",,,,,,,,,,,,,,,,,,,,,,,,,,,,,,,,,
"756657","JC466638","2019-10-09T20:00:00","2","DRIVER",,"718745",,"TOYOTA MOTOR COMPANY, LTD.","CAMRY","IL","2013","NONE","OTHER","TAXI/FOR HIRE","NW","TURNING LEFT","true",,"1",,"city of chicago","1950 e 67th street",,"true",,,,,,,,,,"true","true",,"OTHER",,,,,,,,,,,,,,,,,,,,,,,,,,,,,,,,,
"757035","JC467390","2019-10-09T19:45:00","1","DRIVER",,"719115",,"CHRYSLER","300","IL","2006","UNKNOWN","PASSENGER","UNKNOWN/NA","NW","TURNING LEFT",,,"1",,,,,"true",,,,,,,,,,,,,"FRONT",,,,,,,,,,,,,,,,,,,,,,,,,,,,,,,,,
"756652","JC466662","2019-10-09T19:40:00","1","DRIVER",,"718733",,"NISSAN","SENTRA (DATSUN AND NISSAN HAVE MERGED)","IL","2017","UNKNOWN","PASSENGER","RIDESHARE SERVICE","S","STRAIGHT AHEAD",,,"1",,,,,,"true","true","true",,,,,,,,,,"SIDE-RIGHT",,,,,,,,,,,,,,,,,,,,,,,,,,,,,,,,,
"756653","JC466662","2019-10-09T19:40:00","2","PARKED",,"718735",,"FREIGHTLINER CORP.","FREIGHTLINER CORP.","IL","2018","NONE","TRUCK - SINGLE UNIT","OTHER","S","PARKED",,,"0",,,,,,,,,,,,,,,"true",,,"UNDER CARRIAGE",,,,,,,,,,,,,,,,,,,,,,,,,,,,,,,,,
"756685","JC466676","2019-10-09T19:38:00","1","DRIVER",,"718757",,"FORD","ESCAPE (SUV)","IL","2010","NONE","SPORT UTILITY VEHICLE (SUV)","TAXI/FOR HIRE","S","UNKNOWN/NA",,,"1",,,,,,"true","true","true",,,,,,,,,,"SIDE-RIGHT",,,,,,,,,,,,,,,,,,,,,,,,,,,,,,,,,
"756686","JC466676","2019-10-09T19:38:00","2","DRIVER",,"718761",,"TOYOTA MOTOR COMPANY, LTD.","Prius","IL","2013","NONE","PASSENGER","TAXI/FOR HIRE","S","UNKNOWN/NA",,,"1",,,,,,,,,,,,"true","true","true",,,,"ROOF",,,,,,,,,,,,,,,,,,,,,,,,,,,,,,,,,
"756676","JC466731","2019-10-09T19:30:00","2","DRIVER",,"718770",,"FORD","FUSION","IL","2014","NONE","PASSENGER","PERSONAL","N","STRAIGHT AHEAD",,,"1",,,,,,,,,,,"true","true",,,,,,"FRONT-LEFT",,,,,,,,,,,,,,,,,,,,,,,,,,,,,,,,,
"756689","JC466716","2019-10-09T19:15:00","1","DRIVER",,"718768",,"FORD","UNKNOWN","IL","2012","UNKNOWN","PICKUP","UNKNOWN/NA","W","UNKNOWN/NA",,,"1",,,,,,,,,,,,,,,,,"true",,,,,,,,,,,,,,,,,,,,,,,,,,,,,,,,,,
"756690","JC466716","2019-10-09T19:15:00","2","PARKED",,"718775",,"HONDA","CIVIC","IL","2019","NONE","PASSENGER","PERSONAL","W","PARKED",,,"0",,,,,,,,,,,,,,,"true",,,"TOTAL (ALL AREAS)",,,,,,,,,,,,,,,,,,,,,,,,,,,,,,,,,
"756602","JC466629","2019-10-09T19:15:00","1","DRIVER",,"718675",,"MAZDA","UNKNOWN","IL","2014","NONE","OTHER VEHICLE WITH TRAILER","PERSONAL","N","STRAIGHT AHEAD",,,"1",,,,,"true",,,,,,,,,,,,,"FRONT",,,,,,,,,,,,,,,,,,,,,,,,,,,,,,,,,
"756603","JC466629","2019-10-09T19:15:00","2","DRIVER",,"718681",,"LEXUS","UNKNOWN","IL","2018","NONE","SPORT UTILITY VEHICLE (SUV)","PERSONAL","N","STRAIGHT AHEAD",,,"1",,,,,,,,,,,"true","true","true",,,,,"ROOF",,,,,,,,,,,,,,,,,,,,,,,,,,,,,,,,,
"756672","JC466624","2019-10-09T19:15:00","1","DRIVER","1","718744",,"HONDA","ACCORD","IL","2019","UNKNOWN","PASSENGER","UNKNOWN/NA","W","STRAIGHT AHEAD",,,"2",,,,,,,,,,,,,,,,"true",,"OTHER",,,,,,,,,,,,,,,,,,,,,,,,,,,,,,,,,
"756610","JC466625","2019-10-09T19:10:00","1","DRIVER",,"718687",,"HYUNDAI","UNKNOWN","IL","2016","UNKNOWN","SPORT UTILITY VEHICLE (SUV)","UNKNOWN/NA","S","STRAIGHT AHEAD",,,"1",,,,,,,,,,,,,,,,"true",,"OTHER",,,,,,,,,,,,,,,,,,,,,,,,,,,,,,,,,
"756724","JC466863","2019-10-09T19:00:00","1","DRIVER",,"718796",,"HYUNDAI","SONATA","IL","2013","NONE","PASSENGER","PERSONAL","UNKNOWN","STRAIGHT AHEAD",,,"1",,,,,,,,,,,,,,,,"true",,"OTHER",,,,,,,,,,,,,,,,,,,,,,,,,,,,,,,,,
"756725","JC466863","2019-10-09T19:00:00","2","DRIVER",,"718798",,"MITSUBISHI","Outlander","IL","2009","NONE","PASSENGER","PERSONAL","UNKNOWN","STRAIGHT AHEAD",,,"1",,,,,,,,,,"true",,,,,,,,"REAR-LEFT",,,,,,,,,,,,,,,,,,,,,,,,,,,,,,,,,
"756634","JC466646","2019-10-09T19:00:00","2","DRIVER",,"718721",,"TOYOTA MOTOR COMPANY, LTD.","RAV4 (sport utility)","IL","2016","UNKNOWN","SPORT UTILITY VEHICLE (SUV)","PERSONAL","E","STRAIGHT AHEAD",,,"1",,,,,,,,,,,"true",,,,,,,"SIDE-LEFT",,,,,,,,,,,,,,,,,,,,,,,,,,,,,,,,,
"756617","JC466605","2019-10-09T19:00:00","2","PARKED",,"718698",,"INFINITI","G25","IL","2012","UNKNOWN","PASSENGER","PERSONAL","E","PARKED",,,"0",,,,,,,,,,,,"true",,,,,,"FRONT-LEFT",,,,,,,,,,,,,,,,,,,,,,,,,,,,,,,,,
"756640","JC466577","2019-10-09T19:00:00","1","DRIVER","1","718723",,"CHEVROLET","IMPALA","IL","2018","UNKNOWN","PASSENGER","PERSONAL","W","STRAIGHT AHEAD",,,"2",,,,,,,,,,,,,,,"true",,,"UNDER CARRIAGE",,,,,,,,,,,,,,,,,,,,,,,,,,,,,,,,,
"756641","JC466577","2019-10-09T19:00:00","2","DRIVER","1","718732",,"HONDA","CIVIC","IL","2017","UNKNOWN","OTHER","RIDESHARE SERVICE","N","STRAIGHT AHEAD",,,"2",,,,,,,,"true",,,,,,,,,,"REAR-RIGHT",,,,,,,,,,,,,,,,,,,,,,,,,,,,,,,,,
"756596","JC466584","2019-10-09T18:50:00","2","DRIVER",,"718685",,"FORD","F150","IL","2015","NONE","PICKUP","PERSONAL","E","OTHER",,,"1",,,,,,,,,,,,,"true","true",,,,"ROOF",,,,,,,,,,,,,,,,,,,,,,,,,,,,,,,,,
"756631","JC466656","2019-10-09T18:40:00","2","DRIVER",,"718706",,"NISSAN","SENTRA (DATSUN AND NISSAN HAVE MERGED)","IL","2017","NONE","PASSENGER","PERSONAL","NW","TURNING RIGHT",,,"1",,,,,,,,,,,"true",,,"true",,,,"ROOF",,,,,,,,,,,,,,,,,,,,,,,,,,,,,,,,,
"756583","JC466567","2019-10-09T18:39:00","2","DRIVER",,"718666",,"DODGE","CHARGER","IL","2010","NONE","PASSENGER","PERSONAL","N","SLOW/STOP IN TRAFFIC",,,"1",,,,,,,,,,,"true",,,,,,"true","FRONT-LEFT",,,,,,,,,,,,,,,,,,,,,,,,,,,,,,,,,
"756622","JC466590","2019-10-09T18:34:00","2","DRIVER",,"718709",,"NISSAN","NISSAN","IL","2014","UNKNOWN","PASSENGER","PERSONAL","E","STRAIGHT AHEAD","true",,"1",,,,,"true","true","true","true",,,,,,,,,,"SIDE-RIGHT",,,,,,,,,,,,,,,,,,,,,,,,,,,,,,,,,
"756623","JC466590","2019-10-09T18:34:00","3","DRIVER","3","718712",,"TOYOTA MOTOR COMPANY, LTD.","TOYOTA","IL","2016","UNKNOWN","VAN/MINI-VAN","PERSONAL","W","STRAIGHT AHEAD",,,"4",,,,,,,,,,,,,,"true","true",,,"TOTAL (ALL AREAS)",,,,,,,,,,,,,,,,,,,,,,,,,,,,,,,,,
"756673","JC466674","2019-10-09T18:30:00","1","DRIVER",,"718747",,"TOYOTA MOTOR COMPANY, LTD.","Prius","IL","2013","NONE","PASSENGER","TAXI/FOR HIRE","N","UNKNOWN/NA",,,"1",,,,,"true",,,,,,,,,,,,,"FRONT",,,,,,,,,,,,,,,,,,,,,,,,,,,,,,,,,
"756674","JC466674","2019-10-09T18:30:00","2","DRIVER",,"718751",,"FORD","ESCAPE (SUV)","IL","2010","NONE","SPORT UTILITY VEHICLE (SUV)","TAXI/FOR HIRE","N","UNKNOWN/NA",,,"1",,,,,,,,,,,"true",,,,,,,"SIDE-LEFT",,,,,,,,,,,,,,,,,,,,,,,,,,,,,,,,,
"756576","JC466572","2019-10-09T18:30:00","1","DRIVER",,"718649",,"NISSAN","SENTRA (DATSUN AND NISSAN HAVE MERGED)","IL","2017","UNKNOWN","PASSENGER","UNKNOWN/NA","N","STRAIGHT AHEAD",,,"1",,,,,"true",,,,,,,,,,"true","true",,"OTHER",,,,,,,,,,,,,,,,,,,,,,,,,,,,,,,,,
"756577","JC466572","2019-10-09T18:30:00","2","DRIVER","1","718654",,"FORD","FUSION","IL","2011","UNKNOWN","PASSENGER","UNKNOWN/NA","N","STRAIGHT AHEAD",,,"2",,,,,,,,,"true","true","true",,,,,,,"REAR-LEFT",,,,,,,,,,,,,,,,,,,,,,,,,,,,,,,,,
"757741","JC466536","2019-10-09T18:24:00","1","DRIVER",,"719775",,"FORD","MUSTANG","IL","2013","UNKNOWN","UNKNOWN/NA","PERSONAL","S","STRAIGHT AHEAD","true",,"1",,"A&E towing","6804 S. south chicago",,,,,,,,,,,,,"true",,"OTHER",,,,,,,,,,,,,,,,,,,,,,,,,,,,,,,,,
"756601","JC466609","2019-10-09T18:20:00","1","DRIVER",,"718674",,"TOYOTA MOTOR COMPANY, LTD.","COROLLA","IL","2015","NONE","PASSENGER","PERSONAL","N","STRAIGHT AHEAD",,,"1",,,,,,,,,,,,,,,,,,,,,,,,,,,,,,,,,,,,,,,,,,,,,,,,,,,
"756593","JC466557","2019-10-09T18:20:00","1","DRIVER","1","718670",,"JEEP","CHEROKEE","IL","2017","UNKNOWN","PASSENGER","PERSONAL","S","STRAIGHT AHEAD",,,"2",,,,,"true",,,,,,,,,,"true","true",,"OTHER",,,,,,,,,,,,,,,,,,,,,,,,,,,,,,,,,
"756594","JC466557","2019-10-09T18:20:00","2","DRIVER",,"718680",,"CHEVROLET","IMPALA","IL","2017","UNKNOWN","PASSENGER","PERSONAL","E","STRAIGHT AHEAD","true",,"1",,"private","private",,,,,,,,,,"false","true","true","true",,"TOTAL (ALL AREAS)",,,,,,,,,,,,,,,,,,,,,,,,,,,,,,,,,
"756574","JC466518","2019-10-09T18:18:00","1","DRIVER","1","718653","false","FORD","Explorer","IL","2017","UNKNOWN","PASSENGER","POLICE","UNKNOWN","STRAIGHT AHEAD",,,"2",,,,,,"true",,,,,,,,,,,,"SIDE-RIGHT",,,,,,,,,,,,,,,,,,,,,,,,,,,,,,,,,
"756591","JC466569","2019-10-09T18:17:00","1","DRIVER",,"718665",,"CADILLAC","SRX","IL","2012","NONE","PASSENGER","PERSONAL","E","STRAIGHT AHEAD","true",,"1",,"State Farm","unknown",,"true",,,,,,,,,,"true","true",,"OTHER",,,,,,,,,,,,,,,,,,,,,,,,,,,,,,,,,
"756592","JC466569","2019-10-09T18:17:00","2","DRIVER",,"718673",,"BUICK","LACROSSE","IL","2010","NONE","PASSENGER","PERSONAL","N","STRAIGHT AHEAD","true",,"1",,"Zac's","residence",,,,,"true","true","true","true",,,,,,,"REAR-RIGHT",,,,,,,,,,,,,,,,,,,,,,,,,,,,,,,,,
"756680","JC466767","2019-10-09T18:16:00","2","DRIVER",,"718752",,"TOYOTA MOTOR COMPANY, LTD.","RAV4 (sport utility)","IL","2010","NONE","PASSENGER","PERSONAL","N","STRAIGHT AHEAD",,,"1",,,,,,,,,,"true",,,,,,,,"REAR-LEFT",,,,,,,,,,,,,,,,,,,,,,,,,,,,,,,,,
"756605","JC466619","2019-10-09T18:15:00","1","DRIVER","1","718689",,"FORD","EXPLORER","IL","2016","NONE","SPORT UTILITY VEHICLE (SUV)","POLICE","S","TURNING RIGHT",,,"2",,,,,,,"true","true","true",,,,,,,,,"SIDE-RIGHT",,,,,,,,,,,,,,,,,,,,,,,,,,,,,,,,,
"756588","JC466595","2019-10-09T18:15:00","2","DRIVER","1","718668",,"TOYOTA MOTOR COMPANY, LTD.","Highlander(beginning vehicle year 2001)","IL","2019","NONE","SPORT UTILITY VEHICLE (SUV)","PERSONAL","E","STRAIGHT AHEAD",,,"2",,,,,,,,,,,,,"false","true","true","false",,"ROOF",,,,,,,,,,,,,,,,,,,,,,,,,,,,,,,,,
"756604","JC466582","2019-10-09T18:15:00","1","DRIVER","1","718679",,"CHEVROLET","MALIBU (CHEVELLE)","IL","2009","NONE","PASSENGER","PERSONAL","N","STRAIGHT AHEAD","true",,"2",,"chicago police","10300 s doty",,"true",,,,,,,,,,"true","true",,"OTHER",,,,,,,,,,,,,,,,,,,,,,,,,,,,,,,,,
"756569","JC466564","2019-10-09T18:05:00","2","DRIVER",,"718650",,"MAZDA","6 (Six)","IL","2007","UNKNOWN","PASSENGER","UNKNOWN/NA","W","STRAIGHT AHEAD",,,"1",,,,,,"true","true","true",,,,,,,,,,"SIDE-RIGHT",,,,,,,,,,,,,,,,,,,,,,,,,,,,,,,,,
"756566","JC466542","2019-10-09T17:50:00","1","DRIVER",,"718643",,"HONDA","HONDA","IL","2012","UNKNOWN","UNKNOWN/NA","UNKNOWN/NA","N","TURNING RIGHT",,,"1",,,,,,,,,,,,,,,"true",,,"UNDER CARRIAGE",,,,,,,,,,,,,,,,,,,,,,,,,,,,,,,,,
"756567","JC466542","2019-10-09T17:50:00","2","DRIVER",,"718659",,"TOYOTA MOTOR COMPANY, LTD.","CAMRY","FL","2019","NONE","PASSENGER","PERSONAL","E","STRAIGHT AHEAD",,,"1",,,,,,,,"true","true",,,,,,,,,"REAR",,,,,,,,,,,,,,,,,,,,,,,,,,,,,,,,,