"crash_unit_id","rd_no","crash_date","unit_no","unit_type","num_passengers","vehicle_id","cmrc_veh_i","make","model","lic_plate_state","vehicle_year","vehicle_defect","vehicle_type","vehicle_use","travel_direction","maneuver","towed_i","fire_i","occupant_cnt","exceed_speed_limit_i","towed_by","towed_to","area_00_i","area_01_i","area_02_i","area_03_i","area_04_i","area_05_i","area_06_i","area_07_i","area_08_i","area_09_i","area_10_i","area_11_i","area_12_i","area_99_i","first_contact_point","cmv_id","usdot_no","ccmc_no","ilcc_no","commercial_src","gvwr","carrier_name","carrier_state","carrier_city","hazmat_placards_i","hazmat_name","un_no","hazmat_present_i","hazmat_report_i","hazmat_report_no","mcs_report_i","mcs_report_no","hazmat_vio_cause_crash_i","mcs_vio_cause_crash_i","idot_permit_no","wide_load_i","trailer1_width","trailer2_width","trailer1_length","trailer2_length","total_vehicle_length","axle_cnt","vehicle_config","cargo_body_type","load_type","hazmat_out_of_service_i","mcs_out_of_service_i","hazmat_class"
"756528","JC466490","2019-10-09T17:50:00","2","DRIVER",,"718610",,"KIA MOTORS CORP","FORTE","IL","2017","NONE","PASSENGER","PERSONAL","S","STRAIGHT AHEAD",,,"1",,,,,"true","true",,,,,,,,,,,,"FRONT-RIGHT",,,,,,,,,,,,,,,,,,,,,,,,,,,,,,,,,
"756523","JC466491","2019-10-09T17:45:00","1","DRIVER",,"718599",,"TOYOTA MOTOR COMPANY, LTD.","Prius","IL","2011","UNKNOWN","UNKNOWN/NA","UNKNOWN/NA","UNKNOWN","MERGING",,,"1",,,,,"true",,,,,,,,,,,,,"FRONT",,,,,,,,,,,,,,,,,,,,,,,,,,,,,,,,,
"756524","JC466491","2019-10-09T17:45:00","2","DRIVER",,"718605",,"TOYOTA MOTOR COMPANY, LTD.","Prius","IL","2011","NONE","PASSENGER","TAXI/FOR HIRE","N","STRAIGHT AHEAD",,,"1",,,,,,,,,,,,,,,"true",,,"TOTAL (ALL AREAS)",,,,,,,,,,,,,,,,,,,,,,,,,,,,,,,,,
"756618","JC466493","2019-10-09T17:35:00","1","DRIVER",,"718699",,"NISSAN","ROGUE","IL","2019","NONE","PASSENGER","PERSONAL","N","TURNING RIGHT",,,"1",,,,,"true",,,,,,,,,,"true","true",,"OTHER",,,,,,,,,,,,,,,,,,,,,,,,,,,,,,,,,
"756619","JC466493","2019-10-09T17:35:00","2","PARKED",,"718703",,"GENERAL MOTORS CORP.","UNKNOWN","IL","2015","NONE","PICKUP","PERSONAL","N","PARKED",,,"0",,,,,,,,,,,,"true","true","true","true",,,"ROOF",,,,,,,,,,,,,,,,,,,,,,,,,,,,,,,,,
"756584","JC466511","2019-10-09T17:33:00","1","DRIVER",,"718672",,"JEEP","PATRIOT","IL","2013","NONE","SPORT UTILITY VEHICLE (SUV)","PERSONAL","E","STRAIGHT AHEAD",,,"1",,,,,,,"true",,,,,,,,,,,"SIDE-RIGHT",,,,,,,,,,,,,,,,,,,,,,,,,,,,,,,,,
"756585","JC466511","2019-10-09T17:33:00","2","PARKED",,"718684",,"HONDA","Odyssey (minivan)","IL","2008","NONE","VAN/MINI-VAN","UNKNOWN/NA","E","PARKED",,,"0",,,,,,,,,,,,,"true",,,,,"UNDER CARRIAGE",,,,,,,,,,,,,,,,,,,,,,,,,,,,,,,,,
"756586","JC466578","2019-10-09T17:30:00","1","DRIVER",,"718677","true","EL DORADO INTERNATIONAL, INC.; EL DORADO MFG., LTD.","EL DORADO INTERNATIONAL, INC.","IN","2015","NONE","TRACTOR W/ SEMI-TRAILER","COMMERCIAL - MULTI-UNIT","W","BACKING",,,"1",,,,,,"true",,,,,,,,,,,,"TOTAL (ALL AREAS)","8381","63391",,,"DRIVER","2","R AND L TRANSFER INC.","IN","ALEXANDRIA","false",,,"N","N",,"N",,"N","N",,,">102",,,,,,"TRACTOR/SEMI-TRAILER","VAN/ENCLOSED BOX","UNKNOWN","false","false",
"756549","JC466530","2019-10-09T17:30:00","1","DRIVER",,"718644",,"ACURA","ACURA","IL","2016","UNKNOWN","PASSENGER","PERSONAL","NW","TURNING LEFT",,,"1",,,,,"true","false",,,,,,,,,,"true",,"FRONT",,,,,,,,,,,,,,,,,,,,,,,,,,,,,,,,,
"756550","JC466530","2019-10-09T17:30:00","2","DRIVER","1","718656",,"CHEVROLET","UNKNOWN","IL","2017","UNKNOWN","PASSENGER","PERSONAL","S","STRAIGHT AHEAD",,,"2",,,,,,,,,,,,,,"true","true","true",,"TOTAL (ALL AREAS)",,,,,,,,,,,,,,,,,,,,,,,,,,,,,,,,,
"756531","JC466472","2019-10-09T17:30:00","1","DRIVER",,"718613",,"AMTRAN CORP, GENSIS BUSES","AMTRAN CORP, GENSIS BUSES","IL","2015","UNKNOWN","BUS UP TO 15 PASS.","OTHER","S","TURNING RIGHT",,,"1",,,,,,,,,,,"true",,,,,,,"FRONT-LEFT",,,,,,,,,,,,,,,,,,,,,,,,,,,,,,,,,
"756572","JC466483","2019-10-09T17:19:00","1","DRIVER",,"718647",,"GENERAL MOTORS CORP.","UNKNOWN","VA","2018","NONE","PASSENGER","OTHER","S","UNKNOWN/NA",,,"1",,,,,,,,,,,,,,,"true",,,"TOTAL (ALL AREAS)",,,,,,,,,,,,,,,,,,,,,,,,,,,,,,,,,
"756543","JC466465","2019-10-09T17:16:00","1","DRIVER","3","718623",,"VOLKSWAGEN","VOLKSWAGEN","IL","2007","UNKNOWN","PASSENGER","PERSONAL","S","STRAIGHT AHEAD",,,"4",,,,,"true",,,,,,,,,,"true","true",,"OTHER",,,,,,,,,,,,,,,,,,,,,,,,,,,,,,,,,
"756544","JC466465","2019-10-09T17:16:00","2","DRIVER",,"718632",,"CHEVROLET","CHEVROLET","IL","2018","UNKNOWN","PASSENGER","PERSONAL","S","STRAIGHT AHEAD",,,"1",,,,,,,,,"true","true","true",,,,,,,"REAR-LEFT",,,,,,,,,,,,,,,,,,,,,,,,,,,,,,,,,
"756516","JC466477","2019-10-09T17:06:00","2","DRIVER",,"718600",,"TOYOTA MOTOR COMPANY, LTD.","CAMRY","NC","2009","NONE","PASSENGER","PERSONAL","UNKNOWN","STRAIGHT AHEAD",,,"1",,,,,,,,,,,,,"true",,,,,"ROOF",,,,,,,,,,,,,,,,,,,,,,,,,,,,,,,,,
"757965","JC468997","2019-10-09T17:00:00","2","DRIVER",,"719986",,"JEEP","UNKNOWN","IL","2014","UNKNOWN","PASSENGER","PERSONAL","S","STRAIGHT AHEAD",,,"1",,,,,,,,,"true","true","true",,,,,,,"REAR-LEFT",,,,,,,,,,,,,,,,,,,,,,,,,,,,,,,,,
"756788","JC467033","2019-10-09T17:00:00","2","DRIVER",,"718863",,"LINCOLN-CONTINENTAL","NAVIGATOR","IL","2011","NONE","SPORT UTILITY VEHICLE (SUV)","PERSONAL","N","SLOW/STOP IN TRAFFIC",,,"1",,,,,,,"true",,,,,,,,,,,"SIDE-RIGHT",,,,,,,,,,,,,,,,,,,,,,,,,,,,,,,,,
"756546","JC466522","2019-10-09T17:00:00","2","PARKED",,"718624",,"INFINITI","UNKNOWN","IL","2015","NONE","PASSENGER","PERSONAL","UNKNOWN","PARKED",,,"0",,,,,"true","true","true",,,,,,,,,"true",,"FRONT",,,,,,,,,,,,,,,,,,,,,,,,,,,,,,,,,
"756529","JC466494","2019-10-09T17:00:00","1","DRIVER",,"718609",,"FORD","Focus","IL","2018","NONE","PASSENGER","PERSONAL","S","TURNING LEFT",,,"1",,,,,"true","true",,,,,,,,,,,,"FRONT",,,,,,,,,,,,,,,,,,,,,,,,,,,,,,,,,
"756530","JC466494","2019-10-09T17:00:00","2","DRIVER",,"718618",,"JEEP","CHEROKEE","IL","2015","NONE","PASSENGER","PERSONAL","S","STRAIGHT AHEAD",,,"1",,,,,,,,,,,,,,,"true",,,"TOTAL (ALL AREAS)",,,,,,,,,,,,,,,,,,,,,,,,,,,,,,,,,
"756511","JC466463","2019-10-09T17:00:00","1","DRIVER",,"718587",,"FORD","ESCAPE (SUV)","IL","2012","UNKNOWN","SPORT UTILITY VEHICLE (SUV)","OTHER","S","BACKING",,,"2",,,,,,,,,,,,,,,,,"true","REAR-LEFT",,,,,,,,,,,,,,,,,,,,,,,,,,,,,,,,,
"756512","JC466463","2019-10-09T17:00:00","2","PARKED","1","718594",,"CHEVROLET","CRUZE","IL","2016","UNKNOWN","PASSENGER","UNKNOWN/NA","S","PARKED",,,"1",,,,,,,,,,,,,,,,"true",,"OTHER",,,,,,,,,,,,,,,,,,,,,,,,,,,,,,,,,
"756762","JC466957","2019-10-09T16:58:00","1","DRIVER",,"718902",,"NISSAN","NISSAN ALTIMA","IL","2012","UNKNOWN","UNKNOWN/NA","UNKNOWN/NA","S","STRAIGHT AHEAD",,,"1",,,,,,,,,,,,,,,,,"true","OTHER",,,,,,,,,,,,,,,,,,,,,,,,,,,,,,,,,
"756763","JC466957","2019-10-09T16:58:00","2","DRIVER",,"718886",,"TOYOTA MOTOR COMPANY, LTD.","RAV4 (sport utility)","IL","2014","NONE","PASSENGER","PERSONAL","S","STRAIGHT AHEAD",,,"1",,,,,,,,,,"true",,,,,,,,"REAR-LEFT",,,,,,,,,,,,,,,,,,,,,,,,,,,,,,,,,
"756464","JC466407","2019-10-09T16:50:00","2","DRIVER",,"718550",,"TOYOTA MOTOR COMPANY, LTD.","Avalon",,"2006","NONE","PASSENGER","PERSONAL","S","TURNING LEFT",,,"1",,,,,"true","true",,,,,,,,,,,,"FRONT",,,,,,,,,,,,,,,,,,,,,,,,,,,,,,,,,
"756470","JC466398","2019-10-09T16:50:00","1","DRIVER",,"718555",,"FORD","FORD-TRUCK,VAN,SUV, ETC","IL","2016","NONE","VAN/MINI-VAN","OTHER","E","PASSING/OVERTAKING",,,"1",,,,,,,,,"true",,,,,,,,,"REAR-RIGHT",,,,,,,,,,,,,,,,,,,,,,,,,,,,,,,,,
"756471","JC466398","2019-10-09T16:50:00","2","DRIVER",,"718568",,"BMW","X5","IL","2017","NONE","PASSENGER","PERSONAL","E","SLOW/STOP IN TRAFFIC",,,"1",,,,,,,,,,,"true",,,,,,,"SIDE-LEFT",,,,,,,,,,,,,,,,,,,,,,,,,,,,,,,,,
"756514","JC466427","2019-10-09T16:45:00","2","DRIVER","1","718612",,"NISSAN","JUKE","IL","2014","NONE","PASSENGER","PERSONAL","S","STRAIGHT AHEAD","true",,"2",,"PRIVATE TOW",,,"true",,,,,,,,,,"true","true",,"OTHER",,,,,,,,,,,,,,,,,,,,,,,,,,,,,,,,,
"756612","JC466631","2019-10-09T16:40:00","1","DRIVER",,"718688",,"FORD","Focus","IL","2018","UNKNOWN","UNKNOWN/NA","UNKNOWN/NA","E","UNKNOWN/NA",,,"1",,,,,"true",,,,,,,,,,,,,"FRONT",,,,,,,,,,,,,,,,,,,,,,,,,,,,,,,,,
"756613","JC466631","2019-10-09T16:40:00","2","DRIVER",,"718692",,"JEEP","CHEROKEE","IL","2015","NONE","PASSENGER","PERSONAL","E","STRAIGHT AHEAD",,,"1",,,,,,,,,,,,"true","true","true",,,,"ROOF",,,,,,,,,,,,,,,,,,,,,,,,,,,,,,,,,
"756553","JC466390","2019-10-09T16:40:00","1","DRIVER",,"718640",,"KIA MOTORS CORP","FORTE","IL","2013","NONE","PASSENGER","PERSONAL","W","STRAIGHT AHEAD","true",,"1",,"unknown","unknown",,"true",,,,,,,,,,"true","true","true","OTHER",,,,,,,,,,,,,,,,,,,,,,,,,,,,,,,,,
"756554","JC466390","2019-10-09T16:40:00","2","DRIVER",,"718655",,"MAZDA","6 (Six)","IL","2018","NONE","PASSENGER","PERSONAL","W","STRAIGHT AHEAD","true",,"1",,"unknown","unknown",,"true",,,,"true","true","true",,"true",,"true","true","true","REAR-LEFT",,,,,,,,,,,,,,,,,,,,,,,,,,,,,,,,,
"756556","JC466390","2019-10-09T16:40:00","4","DRIVER",,"718676",,"VOLKSWAGEN","VOLKSWAGEN","IL","2018","NONE","PASSENGER","PERSONAL","S","STRAIGHT AHEAD","true",,"1",,"unknown","unknown",,,,,,,,,,,,,"true","true","OTHER",,,,,,,,,,,,,,,,,,,,,,,,,,,,,,,,,
"756473","JC446376","2019-10-09T16:40:00","2","DRIVER",,"718563",,"TOYOTA MOTOR COMPANY, LTD.","Prius","IL","2010","NONE","PASSENGER","PERSONAL","S","SLOW/STOP IN TRAFFIC",,,"1",,,,,,,,,,"true",,,,,,,,"REAR-LEFT",,,,,,,,,,,,,,,,,,,,,,,,,,,,,,,,,
"756481","JC466453","2019-10-09T16:37:00","1","DRIVER",,"718570",,"MAZDA","UNKNOWN","IL","2016","NONE","SPORT UTILITY VEHICLE (SUV)","PERSONAL","UNKNOWN","BACKING",,,"1",,,,,,,,,,,,,,,,,,"UNKNOWN",,,,,,,,,,,,,,,,,,,,,,,,,,,,,,,,,
"756482","JC466453","2019-10-09T16:37:00","2","DRIVER",,"718562",,"TOYOTA MOTOR COMPANY, LTD.","Prius","IL","2013","NONE","PASSENGER","PERSONAL","UNKNOWN","STRAIGHT AHEAD",,,"1",,,,,,,,,,,,,"true","true",,,,"ROOF",,,,,,,,,,,,,,,,,,,,,,,,,,,,,,,,,
"756449","JC466410","2019-10-09T16:30:00","2","PARKED",,"718528",,"RANGE ROVER OF NORTH AMERICA","RANGE ROVER OF NORTH AMERICA","IL","2013","NONE","SPORT UTILITY VEHICLE (SUV)","PERSONAL","S","PARKED",,,"0",,,,,,,,,,,,,,,,,,"ROOF",,,,,,,,,,,,,,,,,,,,,,,,,,,,,,,,,
"756466","JC466401","2019-10-09T16:30:00","2","DRIVER",,"718552",,"CHEVROLET","MALIBU (CHEVELLE)","IL","2015","NONE","PASSENGER","PERSONAL","S","STRAIGHT AHEAD",,,"1",,,,,"true",,,,,,,,,,"true","true",,"OTHER",,,,,,,,,,,,,,,,,,,,,,,,,,,,,,,,,
"756525","JC466377","2019-10-09T16:30:00","1","DRIVER",,"718607",,"NISSAN","SENTRA (DATSUN AND NISSAN HAVE MERGED)","IL","2017","NONE","PASSENGER","PERSONAL","E","STRAIGHT AHEAD",,,"1",,,,,"true",,,,,,,,,,"true","true",,"UNKNOWN",,,,,,,,,,,,,,,,,,,,,,,,,,,,,,,,,
"756526","JC466377","2019-10-09T16:30:00","2","DRIVER",,"718614",,"TOYOTA MOTOR COMPANY, LTD.","Prius","IL","2009","NONE","PASSENGER","PERSONAL","N","STRAIGHT AHEAD",,,"1",,,,,"true",,,,,,,,,,"true","true",,"UNKNOWN",,,,,,,,,,,,,,,,,,,,,,,,,,,,,,,,,
"756417","JC466354","2019-10-09T16:30:00","1","DRIVER",,"718508",,"FORD","ESCAPE (SUV)","IL","2011","NONE","PASSENGER","PERSONAL","N","STRAIGHT AHEAD",,,"1",,,,,,,,,,,,,,,,,"true","UNKNOWN",,,,,,,,,,,,,,,,,,,,,,,,,,,,,,,,,
"756418","JC466354","2019-10-09T16:30:00","2","PARKED",,"718515",,"SUBARU","UNKNOWN","IL","2019","NONE","PASSENGER","PERSONAL","N","PARKED",,,"0",,,,,,,,,,,"true",,,,,,,"SIDE-LEFT",,,,,,,,,,,,,,,,,,,,,,,,,,,,,,,,,
"756533","JC466387","2019-10-09T16:28:00","1","PARKED",,"718634",,"DODGE","CARAVAN","IL","2007","UNKNOWN","PASSENGER","PERSONAL","W","PARKED",,,"0",,,,,,,,,,,,,"true",,,,,"ROOF",,,,,,,,,,,,,,,,,,,,,,,,,,,,,,,,,
"756534","JC466387","2019-10-09T16:28:00","2","DRIVER",,"718645",,"AM GENERAL/HUMMER","H3","IL","2008","UNKNOWN","PASSENGER","PERSONAL","W","STRAIGHT AHEAD",,,"1",,,,,,,,"true",,,,,,,,,,"SIDE-RIGHT",,,,,,,,,,,,,,,,,,,,,,,,,,,,,,,,,
"756599","JC466350","2019-10-09T16:28:00","1","DRIVER","1","718678",,"JEEP","Wagoneer (for vehicle years 1989 to present)","IL","2012","NONE","SPORT UTILITY VEHICLE (SUV)","PERSONAL","S","STRAIGHT AHEAD",,,"2",,,,"true",,,,,,,,,,,,,,"OTHER",,,,,,,,,,,,,,,,,,,,,,,,,,,,,,,,,
"756600","JC466350","2019-10-09T16:28:00","2","DRIVER",,"718690",,"FORD","ESCAPE (SUV)","IN","2012","NONE","SPORT UTILITY VEHICLE (SUV)","PERSONAL","S","SLOW/STOP IN TRAFFIC",,,"1",,,,,,,,,"true","true","true",,,,,,,"REAR-LEFT",,,,,,,,,,,,,,,,,,,,,,,,,,,,,,,,,
"756539","JC466438","2019-10-09T16:25:00","1","DRIVER",,"718622",,"CHEVROLET","SILVERADO","IL","2011","UNKNOWN","PICKUP","UNKNOWN/NA","S","OTHER",,,"1",,,,,,,,,,,,,,"true","true",,,"TOTAL (ALL AREAS)",,,,,,,,,,,,,,,,,,,,,,,,,,,,,,,,,
"756540","JC466438","2019-10-09T16:25:00","2","DRIVER",,"718630",,"PONTIAC","G6","IL","2006","NONE","PASSENGER","PERSONAL","N","STRAIGHT AHEAD","true",,"1",,,,,,,,,,,,"true","true","true",,,,"ROOF",,,,,,,,,,,,,,,,,,,,,,,,,,,,,,,,,
"756538","JC466432","2019-10-09T16:24:00","2","DRIVER",,"718625",,"CHEVROLET","MALIBU (CHEVELLE)","IL","2017","UNKNOWN","UNKNOWN/NA","UNKNOWN/NA","N","STRAIGHT AHEAD","true",,"1",,"PERSONAL TOW","UNKOWN",,,,,,"true","true","true","true",,"true","true",,,"REAR-LEFT",,,,,,,,,,,,,,,,,,,,,,,,,,,,,,,,,
"756450","JC466359","2019-10-09T16:20:00","1","DRIVER",,"718529",,"NISSAN","SENTRA (DATSUN AND NISSAN HAVE MERGED)","IL","2019","NONE","PASSENGER","PERSONAL","E","STARTING IN TRAFFIC",,,"1",,,,,,,,,,,,"true","true","true","true","true",,"ROOF",,,,,,,,,,,,,,,,,,,,,,,,,,,,,,,,,
"756451","JC466359","2019-10-09T16:20:00","2","DRIVER",,"718544",,"HONDA","Odyssey (minivan)","IL","2015","NONE","PASSENGER","PERSONAL","S","TURNING LEFT",,,"1",,,,,"true","true",,,,,,,,,,"true",,"FRONT",,,,,,,,,,,,,,,,,,,,,,,,,,,,,,,,,
"756489","JC466439","2019-10-09T16:15:00","1","DRIVER",,"718572",,"FORD","Focus","IL","2010","UNKNOWN","PASSENGER","PERSONAL","S","STRAIGHT AHEAD",,,"1",,,,,,,,,,,,,,,,"true",,"OTHER",,,,,,,,,,,,,,,,,,,,,,,,,,,,,,,,,
"756490","JC466439","2019-10-09T16:15:00","2","DRIVER",,"718578",,"CHEVROLET","UNKNOWN","IL","2016","NONE","PASSENGER","PERSONAL","S","STRAIGHT AHEAD",,,"1",,,,,,,,,,"true",,,,,,,,"REAR-LEFT",,,,,,,,,,,,,,,,,,,,,,,,,,,,,,,,,
"756480","JC466409","2019-10-09T16:15:00","2","DRIVER",,"718576",,"TOYOTA MOTOR COMPANY, LTD.","COROLLA","IL","2016","NONE","PASSENGER","PERSONAL","S","STRAIGHT AHEAD",,,"1",,,,,,,,,"true","true","true",,,,,,,"REAR-LEFT",,,,,,,,,,,,,,,,,,,,,,,,,,,,,,,,,
"756444","JC466346","2019-10-09T16:15:00","1","DRIVER",,"718535",,"NISSAN","ROGUE","IL","2017","UNKNOWN","PASSENGER","PERSONAL","W","STRAIGHT AHEAD",,,"1",,,,,,,,,,,,,,,,"true",,"TOTAL (ALL AREAS)",,,,,,,,,,,,,,,,,,,,,,,,,,,,,,,,,
"756445","JC466346","2019-10-09T16:15:00","2","DRIVER",,"718559",,"TOYOTA MOTOR COMPANY, LTD.","CAMRY","IL","2017","UNKNOWN","PASSENGER","PERSONAL","W","SLOW/STOP IN TRAFFIC",,,"1",,,,,,,,,"true","true",,,,,,,,"REAR",,,,,,,,,,,,,,,,,,,,,,,,,,,,,,,,,
"756476","JC466428","2019-10-09T16:10:00","1","DRIVER",,"718561",,"FORD","UNKNOWN","IL","2019","UNKNOWN","OTHER","LAWN CARE/LANDSCAPING","W","STRAIGHT AHEAD",,,"1",,,,,,,,,,,"true",,,,,,,"REAR-LEFT",,,,,,,,,,,,,,,,,,,,,,,,,,,,,,,,,
"756477","JC466428","2019-10-09T16:10:00","2","DRIVER",,"718566",,"NISSAN","NISSAN MAXIMA","IL","2017","UNKNOWN","PASSENGER","UNKNOWN/NA","W","STRAIGHT AHEAD",,,"1",,,,,"true","true",,,,,,,,,,,,"FRONT",,,,,,,,,,,,,,,,,,,,,,,,,,,,,,,,,
"756503","JC466418","2019-10-09T16:10:00","1","DRIVER",,"718591",,"NISSAN","NISSAN ALTIMA","IL","2013","NONE","PASSENGER","PERSONAL","S","STRAIGHT AHEAD",,,"1",,,,"true",,,,,,,,,,,,,,"NONE",,,,,,,,,,,,,,,,,,,,,,,,,,,,,,,,,
"756430","JC466353","2019-10-09T16:10:00","1","DRIVER",,"718560",,"VOLKSWAGEN","PASSAT","IL","2016","UNKNOWN","PASSENGER","UNKNOWN/NA","S","STRAIGHT AHEAD",,,"1",,,,,,,,,,,,,,,,,"true","UNKNOWN",,,,,,,,,,,,,,,,,,,,,,,,,,,,,,,,,
"756431","JC466353","2019-10-09T16:10:00","2","DRIVER","1","718598",,"FORD","ESCAPE (SUV)","IL","2012","NONE","OTHER","TAXI/FOR HIRE","S","STRAIGHT AHEAD",,,"2",,,,,,,,,,"true",,,,,,,,"REAR-RIGHT",,,,,,,,,,,,,,,,,,,,,,,,,,,,,,,,,
"756454","JC466362","2019-10-09T16:07:00","1","DRIVER",,"718533",,"LINCOLN ELECTRIC CO., INC. CLEVELAND, OH ; LINCOLN WELDER","LINCOLN ELECTRIC CO., INC., MFRS, OF LINCOL WELDER","IL","2006","NONE","UNKNOWN/NA","UNKNOWN/NA","W","STRAIGHT AHEAD",,,"1",,,,,,,,,,,,,,,,,,"OTHER",,,,,,,,,,,,,,,,,,,,,,,,,,,,,,,,,
"756455","JC466362","2019-10-09T16:07:00","2","DRIVER",,"718553",,"UNKNOWN","UNKNOWN","IL","2009","UNKNOWN","BUS OVER 15 PASS.","SCHOOL BUS","W","STRAIGHT AHEAD",,,"1",,,,,,,,,,,,,,,,,,"REAR-LEFT",,,,,,,,,,,,,,,,,,,,,,,,,,,,,,,,,
"756507","JC466466","2019-10-09T16:06:00","1","DRIVER",,"718592",,"TOYOTA MOTOR COMPANY, LTD.","COROLLA","IL","2016","UNKNOWN","PASSENGER","UNKNOWN/NA","SW","TURNING LEFT",,,"1",,,,,,,,,,,,,,"true",,,,"ROOF",,,,,,,,,,,,,,,,,,,,,,,,,,,,,,,,,
"756422","JC466347","2019-10-09T16:06:00","2","DRIVER",,"718530",,"MERCEDES-BENZ","UNKNOWN","IL","2016","NONE","PASSENGER","PERSONAL","W","STRAIGHT AHEAD",,,"1",,,,,"false","false",,,,,,,,,,,,"FRONT",,,,,,,,,,,,,,,,,,,,,,,,,,,,,,,,,
"756426","JC466364","2019-10-09T16:05:00","2","DRIVER",,"718517",,"KIA MOTORS CORP","KIA MOTORS CORP","IL","2019","NONE","PASSENGER","PERSONAL","N","STRAIGHT AHEAD",,,"1",,,,,,,,,,"true","true",,,,,,,"SIDE-LEFT",,,,,,,,,,,,,,,,,,,,,,,,,,,,,,,,,
"756493","JC466337","2019-10-09T16:03:00","1","DRIVER",,"718579",,"NISSAN","SENTRA (DATSUN AND NISSAN HAVE MERGED)","IL","2019","NONE","PASSENGER","PERSONAL","S","STRAIGHT AHEAD",,,"1",,,,,,,,,,,,,,,,,"true","UNKNOWN",,,,,,,,,,,,,,,,,,,,,,,,,,,,,,,,,
"756468","JC466381","2019-10-09T16:00:00","2","DRIVER","1","718556",,"CHRYSLER","TOWN & COUNTRY","IL","2006","NONE","VAN/MINI-VAN","PERSONAL","S","STRAIGHT AHEAD",,,"2",,,,,,,,,,"true","true",,,,,,,"REAR-LEFT",,,,,,,,,,,,,,,,,,,,,,,,,,,,,,,,,
"756424","JC466332","2019-10-09T16:00:00","2","DRIVER","1","718516",,"TOYOTA MOTOR COMPANY, LTD.","COROLLA","IL","2016","NONE","PASSENGER","RIDESHARE SERVICE","W","STRAIGHT AHEAD",,,"2",,,,,,,,,,,,,"true","true","true",,,"TOTAL (ALL AREAS)",,,,,,,,,,,,,,,,,,,,,,,,,,,,,,,,,
"756460","JC466355","2019-10-09T15:59:00","1","DRIVER","1","718538",,"BUICK","LACROSSE","IL","2007","UNKNOWN","PASSENGER","UNKNOWN/NA","S","BACKING",,,"2",,,,"true",,,,,,,,,,,,,"true","REAR-LEFT",,,,,,,,,,,,,,,,,,,,,,,,,,,,,,,,,
"756506","JC466365","2019-10-09T15:50:00","2","DRIVER",,"718601",,"FORD","UNKNOWN","IL","2017","NONE","PASSENGER","PERSONAL","S","STRAIGHT AHEAD",,,"1",,,,,,,,,"true","true","true",,,,,,,"REAR-LEFT",,,,,,,,,,,,,,,,,,,,,,,,,,,,,,,,,
"756439","JC466341","2019-10-09T15:47:00","1","DRIVER",,"718522",,"FORD","FORD","IL","2014","UNKNOWN","PASSENGER","POLICE","W","PASSING/OVERTAKING",,,"1",,,,,"true",,,,,,,,,,,,,"FRONT",,,,,,,,,,,,,,,,,,,,,,,,,,,,,,,,,
"756440","JC466341","2019-10-09T15:47:00","2","DRIVER",,"718532",,"DODGE","RAM 1500 VAN","IL","2018","UNKNOWN","PICKUP","UNKNOWN/NA","W","SLOW/STOP IN TRAFFIC",,,"1",,,,,,,,,,,"true",,,,,,,"SIDE-LEFT",,,,,,,,,,,,,,,,,,,,,,,,,,,,,,,,,
"756535","JC466503","2019-10-09T15:45:00","1","DRIVER",,"718619","true","UNKNOWN","UNKNOWN","IL","2015","NONE","BUS OVER 15 PASS.","SCHOOL BUS","N","BACKING",,,"1",,,,"true","false",,,,,,,,,,,,,"REAR-LEFT","8380",,,,,"3","COMPASS TRANS LLC--FIRM OWNED","IL","SKOKIE",,,,,,,,,,,,,,,,,,,,,,,,
"756536","JC466503","2019-10-09T15:45:00","2","PARKED",,"718627",,"MERCEDES-BENZ","E500","IL","2012","NONE","PASSENGER","PERSONAL","S","PARKED",,,"0",,,,,"true",,,,,,,,,,,"true",,"FRONT",,,,,,,,,,,,,,,,,,,,,,,,,,,,,,,,,
"756415","JC466319","2019-10-09T15:45:00","1","DRIVER",,"718506",,"SAAB","9-3","IL","2006","UNKNOWN","PASSENGER","PERSONAL","E","STRAIGHT AHEAD",,,"1",,,,,,,,,,,,,,"true","true",,,"TOTAL (ALL AREAS)",,,,,,,,,,,,,,,,,,,,,,,,,,,,,,,,,
"756416","JC466319","2019-10-09T15:45:00","2","DRIVER",,"718521",,"TOYOTA MOTOR COMPANY, LTD.","COROLLA","IL","2006","UNKNOWN","PASSENGER","PERSONAL","S","TURNING LEFT",,,"1",,,,,"true","true",,,,,,,,,,,,"FRONT",,,,,,,,,,,,,,,,,,,,,,,,,,,,,,,,,
"756378","JC466294","2019-10-09T15:45:00","1","DRIVER",,"718473",,"MERCEDES-BENZ","Sprinter","IL","2011","NONE","OTHER","UNKNOWN/NA","W","MERGING",,,"1",,,,,,,"true","true","true",,,,,,,,,"SIDE-RIGHT",,,,,,,,,,,,,,,,,,,,,,,,,,,,,,,,,
"756379","JC466294","2019-10-09T15:45:00","2","DRIVER",,"718484",,"DODGE","DURANGO","IL","2014","NONE","SPORT UTILITY VEHICLE (SUV)","PERSONAL","W","STRAIGHT AHEAD",,,"1",,,,,,,,,,,"true","true",,,,,,"FRONT-LEFT",,,,,,,,,,,,,,,,,,,,,,,,,,,,,,,,,
"756387","JC466307","2019-10-09T15:40:00","2","DRIVER",,"718489",,"NISSAN","X-Terra","IL","2007","UNKNOWN","UNKNOWN/NA","UNKNOWN/NA","W","STRAIGHT AHEAD",,,"1",,,,,,,,,,,,,,,"true",,,"TOTAL (ALL AREAS)",,,,,,,,,,,,,,,,,,,,,,,,,,,,,,,,,