"crash_unit_id","rd_no","crash_date","unit_no","unit_type","num_passengers","vehicle_id","cmrc_veh_i","make","model","lic_plate_state","vehicle_year","vehicle_defect","vehicle_type","vehicle_use","travel_direction","maneuver","towed_i","fire_i","occupant_cnt","exceed_speed_limit_i","towed_by","towed_to","area_00_i","area_01_i","area_02_i","area_03_i","area_04_i","area_05_i","area_06_i","area_07_i","area_08_i","area_09_i","area_10_i","area_11_i","area_12_i","area_99_i","first_contact_point","cmv_id","usdot_no","ccmc_no","ilcc_no","commercial_src","gvwr","carrier_name","carrier_state","carrier_city","hazmat_placards_i","hazmat_name","un_no","hazmat_present_i","hazmat_report_i","hazmat_report_no","mcs_report_i","mcs_report_no","hazmat_vio_cause_crash_i","mcs_vio_cause_crash_i","idot_permit_no","wide_load_i","trailer1_width","trailer2_width","trailer1_length","trailer2_length","total_vehicle_length","axle_cnt","vehicle_config","cargo_body_type","load_type","hazmat_out_of_service_i","mcs_out_of_service_i","hazmat_class"
"756284","JC466072","2019-10-09T12:38:00","4","DRIVER",,"718429",,"PETERBILT MOTORS CO., DIVISION PACCAR, INC.","UNKNOWN","IL","2016","NONE","TRUCK - SINGLE UNIT","OTHER","N","STRAIGHT AHEAD",,,"1",,,,,,,,,,,,,,,"true",,,"OTHER",,,,,,,,,,,,,,,,,,,,,,,,,,,,,,,,,
"757033","JC467439","2019-10-09T12:30:00","1","DRIVER",,"719103",,"HYUNDAI","SONATA","IL","2007","NONE","PASSENGER","PERSONAL","S","SLOW/STOP IN TRAFFIC",,,"1",,,,,,,,,,"true",,,,,,,,"REAR-LEFT",,,,,,,,,,,,,,,,,,,,,,,,,,,,,,,,,
"757034","JC467439","2019-10-09T12:30:00","2","DRIVER",,"719105",,"INFINITI","UNKNOWN","IL","2019","NONE","PASSENGER","PERSONAL","S","STRAIGHT AHEAD",,,"1",,,,,,,,,,,,,,,,"true",,"OTHER",,,,,,,,,,,,,,,,,,,,,,,,,,,,,,,,,
"756551","JC466538","2019-10-09T12:30:00","1","DRIVER",,"718626",,"HONDA","UNKNOWN","IL","2017","UNKNOWN","UNKNOWN/NA","UNKNOWN/NA","UNKNOWN","BACKING",,,"1",,,,,,,,,"true",,,,,,,,,"REAR",,,,,,,,,,,,,,,,,,,,,,,,,,,,,,,,,
"756517","JC466412","2019-10-09T12:00:00","1","DRIVER",,"718608",,"VOLKSWAGEN","JETTA","IL","2013","UNKNOWN","PICKUP","PERSONAL","S","ENTERING TRAFFIC LANE FROM PARKING",,,"1",,,,,,,,,,,,,,,"true",,,"TOTAL (ALL AREAS)",,,,,,,,,,,,,,,,,,,,,,,,,,,,,,,,,
"756518","JC466412","2019-10-09T12:00:00","2","DRIVER",,"718617",,"ACURA","ACURA","IL","2014","NONE","PASSENGER","PERSONAL","S","STRAIGHT AHEAD",,,"1",,,,,,,,,,,"true",,,,,,,"REAR",,,,,,,,,,,,,,,,,,,,,,,,,,,,,,,,,
"756235","JC466040","2019-10-09T12:00:00","2","DRIVER",,"718341",,"CHEVROLET","SILVERADO","IL","2007","NONE","PASSENGER","PERSONAL","N","STRAIGHT AHEAD",,,"1",,,,,"false","false","false","false","false",,"true","true","true","true","true",,,"ROOF",,,,,,,,,,,,,,,,,,,,,,,,,,,,,,,,,
"756243","JC465999","2019-10-09T11:50:00","2","DRIVER",,"718349",,"NEW FLYER","NEW FLYER","IL","2008","UNKNOWN","BUS OVER 15 PASS.","CTA","E","STRAIGHT AHEAD",,,"1",,,,,,,,,,,,,,,,,,"TOTAL (ALL AREAS)",,,,,,,,,,,,,,,,,,,,,,,,,,,,,,,,,
"756307","JC466053","2019-10-09T11:46:00","1","DRIVER",,"718408",,"INFINITI","FX35","IL","2012","NONE","SPORT UTILITY VEHICLE (SUV)","PERSONAL","E","STRAIGHT AHEAD","true",,"1",,"AMGUARD INS.","106 E OAK ST",,,,,,,,,,,,"true","true",,"TOTAL (ALL AREAS)",,,,,,,,,,,,,,,,,,,,,,,,,,,,,,,,,
"756308","JC466053","2019-10-09T11:46:00","2","DRIVER",,"718440","true","DODGE","RAM 3500 PU","IL","2019","NONE","PASSENGER","PERSONAL","S","STRAIGHT AHEAD","true",,"1",,"COURIER EXPRESS INS","2801 S WESTERN AV",,"true",,,,,,,,,,,"true",,"FRONT","8375",,,,"DRIVER",,"AMAZON","IL","CHICAGO",,,,"N","N",,"U",,"N","N",,,,,,,,,"SINGLE UNIT TRUCK, 2 AXLES, 6 TIRES","VAN/ENCLOSED BOX","OTHER","false","false",
"756232","JC466005","2019-10-09T11:45:00","1","DRIVER",,"718337",,"VOLKSWAGEN","PASSAT","IL","2015","NONE","PASSENGER","PERSONAL","S","TURNING LEFT","true",,"1",,"PRIVATE TOW",,,,,,,,,,,,,"true",,,"TOTAL (ALL AREAS)",,,,,,,,,,,,,,,,,,,,,,,,,,,,,,,,,
"756751","JC466028","2019-10-09T11:35:00","1","DRIVER",,"718830",,"FORD","UNKNOWN","IL","2015","UNKNOWN","PASSENGER","PERSONAL","E","STRAIGHT AHEAD",,,"1",,,,,"true","true",,,,,,,,,,,,"FRONT",,,,,,,,,,,,,,,,,,,,,,,,,,,,,,,,,
"756752","JC466028","2019-10-09T11:35:00","2","DRIVER",,"718831",,"CHEVROLET","UNKNOWN","IL","2017","UNKNOWN","PASSENGER","PERSONAL","E","TURNING LEFT",,,"1",,,,,,,,,,,"true","true",,,,,,"SIDE-LEFT",,,,,,,,,,,,,,,,,,,,,,,,,,,,,,,,,
"756249","JC466099","2019-10-09T11:30:00","2","DRIVER",,"718351",,"KIA MOTORS CORP","Optima","IL","2017","NONE","PASSENGER","PERSONAL","N","SLOW/STOP IN TRAFFIC",,,"1",,,,,"true","true","false",,,,,,,,,,,"REAR",,,,,,,,,,,,,,,,,,,,,,,,,,,,,,,,,
"756260","JC466082","2019-10-09T11:30:00","1","DRIVER",,"718368",,"JEEP","Wrangler (for vehicle years 1989 to present)","IL","2019","NONE","SPORT UTILITY VEHICLE (SUV)","PERSONAL","W","STRAIGHT AHEAD",,,"1",,,,,,,,,,,,,,,,"true",,"OTHER",,,,,,,,,,,,,,,,,,,,,,,,,,,,,,,,,
"756261","JC466082","2019-10-09T11:30:00","2","DRIVER",,"718394",,"NISSAN","VERSA","IL","2017","NONE","PASSENGER","PERSONAL","W","SLOW/STOP IN TRAFFIC",,,"1",,,,,,,,,"true",,,,,,,,,"REAR-LEFT",,,,,,,,,,,,,,,,,,,,,,,,,,,,,,,,,
"756220","JC465973","2019-10-09T11:30:00","2","PARKED",,"718329",,"CHRYSLER","Pacifica (Sport Wagon)","IL","2017","NONE","PASSENGER","NOT IN USE","S","PARKED",,,"0",,,,,"true","true",,,,,,,"true","true",,,,"UNDER CARRIAGE",,,,,,,,,,,,,,,,,,,,,,,,,,,,,,,,,
"756258","JC465946","2019-10-09T11:30:00","1","DRIVER",,"718361",,"HONDA","ACCORD","IL","2007","NONE","PASSENGER","PERSONAL","S","STARTING IN TRAFFIC",,,"1",,,,,,,,,,,,,,,"true",,,"TOTAL (ALL AREAS)",,,,,,,,,,,,,,,,,,,,,,,,,,,,,,,,,
"756259","JC465946","2019-10-09T11:30:00","2","DRIVER",,"718374",,"BMW","BMW",,"2013","NONE","PASSENGER","PERSONAL","S","MERGING",,,"1",,,,,,,"true","true",,,,,,,,,,"SIDE-RIGHT",,,,,,,,,,,,,,,,,,,,,,,,,,,,,,,,,
"756222","JC465972","2019-10-09T11:20:00","2","PARKED",,"718331",,"CHEVROLET","UNKNOWN","IL","2014","NONE","VAN/MINI-VAN","OTHER","S","PARKED",,,"0",,,,,,,,,,,,,,,"true","true",,"TOTAL (ALL AREAS)",,,,,,,,,,,,,,,,,,,,,,,,,,,,,,,,,
"756200","JC465932","2019-10-09T11:05:00","1","DRIVER",,"718307",,"TOYOTA MOTOR COMPANY, LTD.","UNKNOWN","IL","2016","UNKNOWN","TRUCK - SINGLE UNIT","UNKNOWN/NA","W","STRAIGHT AHEAD",,,"1",,,,,,,,,,,,,,,,"true",,"OTHER",,,,,,,,,,,,,,,,,,,,,,,,,,,,,,,,,
"756201","JC465932","2019-10-09T11:05:00","2","DRIVER","1","718314",,"HYUNDAI","ELANTRA","IL","2016","UNKNOWN","PASSENGER","PERSONAL","W","STRAIGHT AHEAD",,,"2",,,,,,,,,,"true",,,,,,,,"REAR-LEFT",,,,,,,,,,,,,,,,,,,,,,,,,,,,,,,,,
"756213","JC465930","2019-10-09T11:05:00","1","DRIVER",,"718323","true","ISUZU","UNKNOWN","IL","2017","UNKNOWN","TRUCK - SINGLE UNIT","COMMERCIAL - SINGLE UNIT","W","BACKING",,,"1",,,,,,,,,"true","false",,,,,,,,,,,,,,,,,,,,,,,,,,,,,,,,,,,,,,,,,
"756665","JC466726","2019-10-09T11:00:00","2","PARKED",,"718762",,"MERCEDES-BENZ","MERCEDES-BENZ","IL","2009","NONE","PASSENGER","PERSONAL","N","PARKED",,,"0",,,,,,,,,,,,,,"true","true",,,,,,,,,,,,,,,,,,,,,,,,,,,,,,,,,,,,
"756198","JC465924","2019-10-09T10:50:00","1","DRIVER",,"718304",,"TOYOTA MOTOR COMPANY, LTD.","Prius","IL","2010","NONE","PASSENGER","PERSONAL","NW","STRAIGHT AHEAD",,,"1",,,,,,,,,,,,,,,"true",,,"TOTAL (ALL AREAS)",,,,,,,,,,,,,,,,,,,,,,,,,,,,,,,,,
"756199","JC465924","2019-10-09T10:50:00","2","DRIVER",,"718312",,"HYUNDAI","ELANTRA","IL","2017","NONE","PASSENGER","PERSONAL","NW","STRAIGHT AHEAD",,,"1",,,,,"true",,,,,,,,,,,,,"FRONT",,,,,,,,,,,,,,,,,,,,,,,,,,,,,,,,,
"756195","JC465911","2019-10-09T10:45:00","1","DRIVER",,"718300",,"TOYOTA MOTOR COMPANY, LTD.","CAMRY","IL","2012","UNKNOWN","UNKNOWN/NA","UNKNOWN/NA","N","STRAIGHT AHEAD",,,"1",,,,,,,,,,,,,,,,"true",,"OTHER",,,,,,,,,,,,,,,,,,,,,,,,,,,,,,,,,
"756196","JC465911","2019-10-09T10:45:00","2","DRIVER",,"718305",,"HYUNDAI","UNKNOWN","IL","2017","UNKNOWN","PASSENGER","UNKNOWN/NA","N","STRAIGHT AHEAD",,,"1",,,,,,,,,"true","true","true",,,,,,,"REAR-LEFT",,,,,,,,,,,,,,,,,,,,,,,,,,,,,,,,,
"756231","JC465917","2019-10-09T10:41:00","1","DRIVER",,"718334","false","FORD","UNKNOWN","AZ","2019","UNKNOWN","VAN/MINI-VAN","OTHER","N","CHANGING LANES",,,"1",,,,,"true","true","true","true",,,,,,,,,,"FRONT",,,,,,,,,,,,,,,,,,,,,,,,,,,,,,,,,
"756230","JC465917","2019-10-09T10:41:00","2","DRIVER","3","718343","true","NEW FLYER","NEW FLYER","IL","2006","NONE","BUS OVER 15 PASS.","CTA","N","STRAIGHT AHEAD",,,"4",,,,,,,,,,,"true",,,,,,,"FRONT-LEFT","8374",,,,,,"CHICAGO TRANSIT AUTHORITY","IL","CHICAGO",,,,,,,,,,,,,,,,,,,"BUS","BUS","OTHER",,,
"756663","JC466740","2019-10-09T10:40:00","2","DRIVER",,"718738",,"NISSAN","SENTRA (DATSUN AND NISSAN HAVE MERGED)",,"2017","NONE","PASSENGER","PERSONAL","UNKNOWN","SLOW/STOP IN TRAFFIC",,,"1",,,,,,,,,,,"true","true",,,,,,"FRONT-LEFT",,,,,,,,,,,,,,,,,,,,,,,,,,,,,,,,,
"757873","JC468852","2019-10-09T10:33:00","1","DRIVER",,"719898",,"BMW","525IA","IL","2009","NONE","PASSENGER","PERSONAL","W","STRAIGHT AHEAD",,,"1",,,,,,,,,,,,,,,,,"true","FRONT",,,,,,,,,,,,,,,,,,,,,,,,,,,,,,,,,
"757874","JC468852","2019-10-09T10:33:00","2","PARKED",,"719893",,"VOLKSWAGEN","CC","IL","2012","NONE","PASSENGER","PERSONAL","W","PARKED",,,"0",,,,,,,,,,,,,"true","true","true",,,"ROOF",,,,,,,,,,,,,,,,,,,,,,,,,,,,,,,,,
"756211","JC465953","2019-10-09T10:30:00","1","DRIVER",,"718317",,"TOYOTA MOTOR COMPANY, LTD.","Sienna (van)","IL","2017","NONE","VAN/MINI-VAN","PERSONAL","N","STRAIGHT AHEAD",,,"1",,,,"true",,,,,,,,,,,,,,"OTHER",,,,,,,,,,,,,,,,,,,,,,,,,,,,,,,,,
"756212","JC465953","2019-10-09T10:30:00","2","DRIVER",,"718321",,"GENERAL MOTORS CORP.","TERRAIN","IL","2019","NONE","SPORT UTILITY VEHICLE (SUV)","OTHER","N","STRAIGHT AHEAD",,,"1",,,,"true",,,,,,,,,,,,,,"REAR-LEFT",,,,,,,,,,,,,,,,,,,,,,,,,,,,,,,,,
"756179","JC465841","2019-10-09T10:16:00","1","DRIVER","1","718292",,"KIA MOTORS CORP","UNKNOWN","IL","2015","NONE","PASSENGER","PERSONAL","N","UNKNOWN/NA",,,"2",,,,,"true",,,,,,,,,,,,,"FRONT",,,,,,,,,,,,,,,,,,,,,,,,,,,,,,,,,
"756193","JC465891","2019-10-09T10:08:00","1","DRIVER",,"718302",,"NISSAN","VERSA","IL","2010","NONE","PASSENGER","PERSONAL","E","STRAIGHT AHEAD",,,"1",,,,,,,,,,,,,,"true","true","true",,"TOTAL (ALL AREAS)",,,,,,,,,,,,,,,,,,,,,,,,,,,,,,,,,
"756194","JC465891","2019-10-09T10:08:00","2","DRIVER",,"718298","true","FREIGHTLINER CORP.","FREIGHTLINER CORP.","IL","2016","NONE","BUS OVER 15 PASS.","COMMERCIAL - SINGLE UNIT","NE","TURNING LEFT",,,"1",,,,,,,,,"true","true",,,,,,,,"REAR","8372","2532398",,,"DRIVER","3","COOK DUPAGE TRANSPORTATION","IL","LISLE",,,,"N","N",,"N",,"N","N",,,,,,,,,"BUS","BUS","OTHER","false","false",
"756639","JC466684","2019-10-09T10:00:00","2","PARKED",,"718720",,"NISSAN","NISSAN ALTIMA","IL","2012","UNKNOWN","PASSENGER","NOT IN USE","N","PARKED",,,"0",,,,,,,,,,,,,"true",,,,,"ROOF",,,,,,,,,,,,,,,,,,,,,,,,,,,,,,,,,
"756177","JC465851","2019-10-09T10:00:00","1","DRIVER",,"718286",,"LINCOLN-CONTINENTAL","MKZ","IL","2018","UNKNOWN","PASSENGER","PERSONAL","W","STRAIGHT AHEAD",,,"1",,,,,"true",,,,,,,,,,"false",,,"FRONT",,,,,,,,,,,,,,,,,,,,,,,,,,,,,,,,,
"756178","JC465851","2019-10-09T10:00:00","2","DRIVER",,"718291",,"TOYOTA MOTOR COMPANY, LTD.","Prius","IL","2015","UNKNOWN","PASSENGER","PERSONAL","W","OTHER",,,"1",,,,,,,,,,,"true",,,,,,,"SIDE-LEFT",,,,,,,,,,,,,,,,,,,,,,,,,,,,,,,,,
"756155","JC465847","2019-10-09T10:00:00","1","DRIVER",,"718268",,"INTERNATIONAL TRAILER CORP.","INTERNATIONAL TRAILER CORP.","IN","2020","NONE","TRUCK - SINGLE UNIT","COMMERCIAL - SINGLE UNIT","W","PASSING/OVERTAKING",,,"1",,,,"true",,,,,,,,,,,,,,"REAR-RIGHT",,,,,,,,,,,,,,,,,,,,,,,,,,,,,,,,,
"756156","JC465847","2019-10-09T10:00:00","2","DRIVER","1","718272",,"KIA MOTORS CORP","FORTE",,"2015","NONE","PASSENGER","PERSONAL","W","STRAIGHT AHEAD",,,"2",,,,,,,,,,,,,,"true",,,,"ROOF",,,,,,,,,,,,,,,,,,,,,,,,,,,,,,,,,
"756171","JC465837","2019-10-09T09:52:00","2","DRIVER","1","718280",,"NISSAN","SENTRA (DATSUN AND NISSAN HAVE MERGED)","IL","2016","NONE","PASSENGER","PERSONAL","W","STRAIGHT AHEAD",,,"2",,,,,,,,,,,,,,,,"true",,"OTHER",,,,,,,,,,,,,,,,,,,,,,,,,,,,,,,,,
"756215","JC465862","2019-10-09T09:50:00","1","DRIVER",,"718322","false","UNKNOWN","UNKNOWN","IL","2009","NONE","BUS OVER 15 PASS.","OTHER","E","BACKING",,,"1",,,,,,,,,"true",,,,,,,,,"REAR",,,,,,,,,,,,,,,,,,,,,,,,,,,,,,,,,
"756189","JC465887","2019-10-09T09:40:00","1","DRIVER",,"718301",,"CHEVROLET","UNKNOWN","IL","2014","NONE","PASSENGER","PERSONAL","W","STRAIGHT AHEAD",,,"1",,,,,,,,,,,,,,,,,"true","UNKNOWN",,,,,,,,,,,,,,,,,,,,,,,,,,,,,,,,,
"756190","JC465887","2019-10-09T09:40:00","2","DRIVER",,"718306",,"HYUNDAI","ELANTRA","IL","2018","NONE","PASSENGER","PERSONAL","W","STRAIGHT AHEAD",,,"1",,,,,,,,,,,,,"true","true","true",,,"TOTAL (ALL AREAS)",,,,,,,,,,,,,,,,,,,,,,,,,,,,,,,,,
"756183","JC465821","2019-10-09T09:32:00","1","DRIVER",,"718288",,"HYUNDAI","UNKNOWN","IL","2007","UNKNOWN","PASSENGER","UNKNOWN/NA","W","TURNING ON RED",,,"1",,,,,,,,,,,,,,,,,"true","REAR",,,,,,,,,,,,,,,,,,,,,,,,,,,,,,,,,
"756185","JC465836","2019-10-09T09:31:00","1","DRIVER",,"718293",,"TOYOTA MOTOR COMPANY, LTD.","CAMRY","IL","2011","NONE","PASSENGER","TAXI/FOR HIRE","N","TURNING LEFT",,,"1",,,,,,,,,,,,"true","true","true","true",,,"ROOF",,,,,,,,,,,,,,,,,,,,,,,,,,,,,,,,,
"756186","JC465836","2019-10-09T09:31:00","2","DRIVER",,"718303",,"MERCEDES-BENZ","UNKNOWN","IL","2011","NONE","PASSENGER","PERSONAL","N","TURNING LEFT",,,"1",,,,,"true","true",,,,,,,,,"true","true",,"OTHER",,,,,,,,,,,,,,,,,,,,,,,,,,,,,,,,,
"756206","JC465863","2019-10-09T09:30:00","1","DRIVER",,"718308",,"SUBARU","FORESTER","IL","2009","UNKNOWN","PASSENGER","PERSONAL","S","STRAIGHT AHEAD","true",,"1",,"To Be Determined","To Be Determined",,,,,,,,,,,,,,,"TOTAL (ALL AREAS)",,,,,,,,,,,,,,,,,,,,,,,,,,,,,,,,,
"756140","JC465788","2019-10-09T09:30:00","1","DRIVER",,"718257",,"CADILLAC","SRX","IL","2013","NONE","PASSENGER","PERSONAL","N","TURNING RIGHT",,,"1",,,,,,,,,,,,,,,"true",,,"TOTAL (ALL AREAS)",,,,,,,,,,,,,,,,,,,,,,,,,,,,,,,,,
"756433","JC466317","2019-10-09T09:25:00","1","DRIVER",,"718518",,"SCION","XB","IL","2010","UNKNOWN","SPORT UTILITY VEHICLE (SUV)","UNKNOWN/NA","E","PASSING/OVERTAKING",,,"1",,,,,"true",,,,,,,,,,,,,"FRONT",,,,,,,,,,,,,,,,,,,,,,,,,,,,,,,,,
"756434","JC466317","2019-10-09T09:25:00","2","DRIVER",,"718531",,"PORSCHE","911","IL","2017","UNKNOWN","PASSENGER","OTHER","E","SLOW/STOP IN TRAFFIC",,,"1",,,,,,,,,,"true",,,,,"true",,,"FRONT",,,,,,,,,,,,,,,,,,,,,,,,,,,,,,,,,
"756138","JC465808","2019-10-09T09:25:00","1","DRIVER",,"718245",,"TOYOTA MOTOR COMPANY, LTD.","Highlander(beginning vehicle year 2001)","IL","2006","UNKNOWN","SPORT UTILITY VEHICLE (SUV)","PERSONAL","W","STRAIGHT AHEAD",,,"1",,,,,,,,,,,,,,"true","true",,,"TOTAL (ALL AREAS)",,,,,,,,,,,,,,,,,,,,,,,,,,,,,,,,,
"756139","JC465808","2019-10-09T09:25:00","2","DRIVER",,"718252",,"HYUNDAI","SONATA","IL","2013","UNKNOWN","PASSENGER","UNKNOWN/NA","W","STRAIGHT AHEAD",,,"1",,,,,,,,"true","true",,,,,,,,,"REAR",,,,,,,,,,,,,,,,,,,,,,,,,,,,,,,,,
"756127","JC465792","2019-10-09T09:25:00","2","DRIVER",,"718243",,"HONDA","ACCORD","IL","2016","NONE","PASSENGER","PERSONAL","S","STRAIGHT AHEAD",,,"1",,,,,"true","true","true","true","true",,,,,,,,,"SIDE-RIGHT",,,,,,,,,,,,,,,,,,,,,,,,,,,,,,,,,
"756266","JC466096","2019-10-09T09:20:00","1","DRIVER",,"718369",,"PORSCHE","911","IL","2017","UNKNOWN","PASSENGER","UNKNOWN/NA","W","CHANGING LANES",,,"1",,,,,,,,,,,,,,,"true",,,"TOTAL (ALL AREAS)",,,,,,,,,,,,,,,,,,,,,,,,,,,,,,,,,
"756267","JC466096","2019-10-09T09:20:00","2","DRIVER",,"718379",,"SCION","XB","IL","2010","NONE","PASSENGER","PERSONAL","W","STRAIGHT AHEAD",,,"1",,,,,"true",,,,,,,,,,,,,"FRONT",,,,,,,,,,,,,,,,,,,,,,,,,,,,,,,,,
"756157","JC465765","2019-10-09T09:07:00","1","DRIVER","1","718273",,"FORD","FUSION","IL","2014","NONE","PASSENGER","RIDESHARE SERVICE","W","STRAIGHT AHEAD","true",,"2",,"citywide recovery","8607 s vincennes ave",,"true",,,,,,,,,,"true","true",,"OTHER",,,,,,,,,,,,,,,,,,,,,,,,,,,,,,,,,
"756158","JC465765","2019-10-09T09:07:00","2","DRIVER",,"718287",,"CHEVROLET","MALIBU (CHEVELLE)","IL","2015","NONE","PASSENGER","PERSONAL","S","STRAIGHT AHEAD",,,"1",,,,,,,,,,,,,"true","true","true",,,"ROOF",,,,,,,,,,,,,,,,,,,,,,,,,,,,,,,,,
"756608","JC466617","2019-10-09T09:00:00","1","DRIVER",,"718691",,"JEEP","UNKNOWN","IL","2019","NONE","SPORT UTILITY VEHICLE (SUV)","PERSONAL","N","CHANGING LANES",,,"1",,,,,"true",,,,,,,,,,,,,"FRONT",,,,,,,,,,,,,,,,,,,,,,,,,,,,,,,,,
"756609","JC466617","2019-10-09T09:00:00","2","DRIVER",,"718715",,"AUDI","A4","IL","2012","NONE","PASSENGER","PERSONAL","N","STRAIGHT AHEAD",,,"1",,,,,,,,,,,"true",,,,,,,"SIDE-LEFT",,,,,,,,,,,,,,,,,,,,,,,,,,,,,,,,,
"756485","JC466441","2019-10-09T09:00:00","1","DRIVER",,"718565",,"HONDA","FIT","IL","2011","UNKNOWN","UNKNOWN/NA","UNKNOWN/NA","E","UNKNOWN/NA",,,"1",,,,"true",,,,,,,,,,,,,,"OTHER",,,,,,,,,,,,,,,,,,,,,,,,,,,,,,,,,
"756486","JC466441","2019-10-09T09:00:00","2","DRIVER",,"718571",,"VOLKSWAGEN","VOLKSWAGEN","IL","2019","NONE","PASSENGER","PERSONAL","E","STRAIGHT AHEAD",,,"1",,,,,,,,,"true","true",,,,,,,,"REAR-LEFT",,,,,,,,,,,,,,,,,,,,,,,,,,,,,,,,,
"756136","JC465769","2019-10-09T08:55:00","1","DRIVER",,"718246",,"TOYOTA MOTOR COMPANY, LTD.","CAMRY","IL","2017","UNKNOWN","PASSENGER","PERSONAL","S","STRAIGHT AHEAD",,,"1",,,,,,,,,,,,,,,,"true",,"TOTAL (ALL AREAS)",,,,,,,,,,,,,,,,,,,,,,,,,,,,,,,,,
"756137","JC465769","2019-10-09T08:55:00","2","DRIVER",,"718255",,"TOYOTA MOTOR COMPANY, LTD.","COROLLA","IL","2010","UNKNOWN","PASSENGER","PERSONAL","E","STRAIGHT AHEAD",,,"1",,,,,,,,,,,"true","true","true",,,"true",,"FRONT-LEFT",,,,,,,,,,,,,,,,,,,,,,,,,,,,,,,,,
"756152","JC465749","2019-10-09T08:53:00","1","DRIVER",,"718265",,"CHEVROLET","SILVERADO","IL","2018","NONE","PICKUP","PERSONAL","E","TURNING RIGHT",,,"1",,,,,"true",,,,,,,,,,,"true",,"OTHER",,,,,,,,,,,,,,,,,,,,,,,,,,,,,,,,,
"756149","JC465818","2019-10-09T08:50:00","2","PARKED","1","718254",,"TOYOTA MOTOR COMPANY, LTD.","Highlander(beginning vehicle year 2001)","IL","2011","NONE","SPORT UTILITY VEHICLE (SUV)","PERSONAL","N","PARKED",,,"1",,,,,,,,,,"true","true","true",,,,,,"SIDE-LEFT",,,,,,,,,,,,,,,,,,,,,,,,,,,,,,,,,
"757566","JC465775","2019-10-09T08:50:00","1","DRIVER",,"719606",,"FORD","ESCAPE (SUV)","IN","2017","UNKNOWN","SPORT UTILITY VEHICLE (SUV)","UNKNOWN/NA","E","TURNING RIGHT",,,"1",,,,,,,,,,,,,,,,,"true","FRONT",,,,,,,,,,,,,,,,,,,,,,,,,,,,,,,,,
"757567","JC465775","2019-10-09T08:50:00","2","DRIVER","1","719609",,"INFINITI","QX56","IL","2019","UNKNOWN","SPORT UTILITY VEHICLE (SUV)","PERSONAL","E","STRAIGHT AHEAD",,,"2",,,,,,,,,,,,,,,"true",,,"TOTAL (ALL AREAS)",,,,,,,,,,,,,,,,,,,,,,,,,,,,,,,,,
"756361","JC465743","2019-10-09T08:50:00","2","DRIVER",,"718461",,"DODGE","CHARGER","IL","2010","UNKNOWN","PASSENGER","PERSONAL","SE","STRAIGHT AHEAD",,,"1",,,,,,,,,,,,,,,"true",,,"TOTAL (ALL AREAS)",,,,,,,,,,,,,,,,,,,,,,,,,,,,,,,,,
"756118","JC465755","2019-10-09T08:49:00","1","DRIVER",,"718228",,"TOYOTA MOTOR COMPANY, LTD.","CAMRY","IL","2007","UNKNOWN","PASSENGER","UNKNOWN/NA","N","LEAVING TRAFFIC LANE TO PARK",,,"1",,,,,,,,,,,,,,,,"true",,"OTHER",,,,,,,,,,,,,,,,,,,,,,,,,,,,,,,,,
"756119","JC465755","2019-10-09T08:49:00","2","PARKED",,"718235",,"ALFA ROMEO","GIULIA","IL","2019","NONE","PASSENGER","NOT IN USE","N","PARKED",,,"0",,,,,,,,,,"true",,,,,,,,"REAR-LEFT",,,,,,,,,,,,,,,,,,,,,,,,,,,,,,,,,
"756150","JC465752","2019-10-09T08:47:00","1","DRIVER",,"718258",,"DODGE","CARAVAN","IL","2014","NONE","VAN/MINI-VAN","PERSONAL","S","STRAIGHT AHEAD","true",,"1",,"asap","asap",,"true",,,,,,,,,"true","true","true",,"OTHER",,,,,,,,,,,,,,,,,,,,,,,,,,,,,,,,,
"756166","JC465870","2019-10-09T08:37:00","1","DRIVER",,"718274",,"HONDA","CIVIC","IL","2008","NONE","PASSENGER","PERSONAL","S","STRAIGHT AHEAD",,,"1",,,,,"true",,,,,,,,,,,,,"FRONT",,,,,,,,,,,,,,,,,,,,,,,,,,,,,,,,,
"756167","JC465870","2019-10-09T08:37:00","2","DRIVER",,"718285",,"FORD","ESCAPE (SUV)","IL","2012","UNKNOWN","SPORT UTILITY VEHICLE (SUV)","PERSONAL","S","SLOW/STOP IN TRAFFIC",,,"1",,,,,,,,,,,"true",,,,,,,"SIDE-LEFT",,,,,,,,,,,,,,,,,,,,,,,,,,,,,,,,,
"756814","JC467064","2019-10-09T08:30:00","1","DRIVER",,"718890",,"CHRYSLER","200","IL","2015","NONE","PASSENGER","PERSONAL","S","CHANGING LANES",,,"1",,,,,"true","true",,,,,,,,,,,,"FRONT",,,,,,,,,,,,,,,,,,,,,,,,,,,,,,,,,
"756815","JC467064","2019-10-09T08:30:00","2","DRIVER","1","718883",,"JEEP","CHEROKEE","IL","2019","NONE","SPORT UTILITY VEHICLE (SUV)","PERSONAL","S","CHANGING LANES",,,"2",,,,,,,,,,,"true","true","true","true","false",,,"ROOF",,,,,,,,,,,,,,,,,,,,,,,,,,,,,,,,,
"756287","JC466108","2019-10-09T08:30:00","1","DRIVER",,"718384",,"KIA MOTORS CORP","FORTE","IL","2017","UNKNOWN","PASSENGER","UNKNOWN/NA","N","SLOW/STOP IN TRAFFIC",,,"1",,,,,,,,,,,,,,,,"true",,"OTHER",,,,,,,,,,,,,,,,,,,,,,,,,,,,,,,,,