"crash_unit_id","rd_no","crash_date","unit_no","unit_type","num_passengers","vehicle_id","cmrc_veh_i","make","model","lic_plate_state","vehicle_year","vehicle_defect","vehicle_type","vehicle_use","travel_direction","maneuver","towed_i","fire_i","occupant_cnt","exceed_speed_limit_i","towed_by","towed_to","area_00_i","area_01_i","area_02_i","area_03_i","area_04_i","area_05_i","area_06_i","area_07_i","area_08_i","area_09_i","area_10_i","area_11_i","area_12_i","area_99_i","first_contact_point","cmv_id","usdot_no","ccmc_no","ilcc_no","commercial_src","gvwr","carrier_name","carrier_state","carrier_city","hazmat_placards_i","hazmat_name","un_no","hazmat_present_i","hazmat_report_i","hazmat_report_no","mcs_report_i","mcs_report_no","hazmat_vio_cause_crash_i","mcs_vio_cause_crash_i","idot_permit_no","wide_load_i","trailer1_width","trailer2_width","trailer1_length","trailer2_length","total_vehicle_length","axle_cnt","vehicle_config","cargo_body_type","load_type","hazmat_out_of_service_i","mcs_out_of_service_i","hazmat_class"
"756022","JC465622","2019-10-09T05:55:00","2","DRIVER",,"718142",,"TOYOTA MOTOR COMPANY, LTD.","CAMRY","IL","2019","NONE","PASSENGER","PERSONAL","N","STRAIGHT AHEAD",,,"1",,,,,,,,,"true","true",,,,,,,,"REAR-LEFT",,,,,,,,,,,,,,,,,,,,,,,,,,,,,,,,,
"756017","JC465612","2019-10-09T05:33:00","1","DRIVER",,"718133",,"NISSAN","VERSA","IL","2011","NONE","PASSENGER","PERSONAL","NE","TURNING RIGHT",,,"1",,,,,,"true","true","true","false",,,,,,,,,"SIDE-RIGHT",,,,,,,,,,,,,,,,,,,,,,,,,,,,,,,,,
"756382","JC466325","2019-10-09T05:30:00","1","DRIVER",,"718476",,"CHRYSLER","300","IL","2008","NONE","PASSENGER","PERSONAL","S","CHANGING LANES",,,"1",,,,,,,,,,,,,,,,,,"UNKNOWN",,,,,,,,,,,,,,,,,,,,,,,,,,,,,,,,,
"756383","JC466325","2019-10-09T05:30:00","2","DRIVER",,"718471",,"NISSAN","ROGUE","IL","2017","NONE","SPORT UTILITY VEHICLE (SUV)","PERSONAL","S","STRAIGHT AHEAD",,,"1",,,,,,"true","true",,,,,,,,,,,"SIDE-RIGHT",,,,,,,,,,,,,,,,,,,,,,,,,,,,,,,,,
"756008","JC465605","2019-10-09T04:46:00","2","PARKED",,"718123",,"HYUNDAI","VERACRUZ","IL","2008","NONE","PASSENGER","PERSONAL","UNKNOWN","PARKED","true",,"0",,,,,,,,,,,,,,"true","true",,,"TOTAL (ALL AREAS)",,,,,,,,,,,,,,,,,,,,,,,,,,,,,,,,,
"756004","JC465574","2019-10-09T01:30:00","2","PARKED",,"718117",,"HYUNDAI","HYUNDAI","IL","2017","UNKNOWN","SPORT UTILITY VEHICLE (SUV)","PERSONAL","SW","PARKED",,,"0",,,,,,,,,,,,,,,"true",,,"TOTAL (ALL AREAS)",,,,,,,,,,,,,,,,,,,,,,,,,,,,,,,,,
"756447","JC466396","2019-10-09T01:00:00","2","PARKED",,"718534",,"CHEVROLET","TRAVERSE","IL","2018","NONE","SPORT UTILITY VEHICLE (SUV)","PERSONAL","N","PARKED",,,"0",,,,,"true",,,,,,,,,,"true","true",,"OTHER",,,,,,,,,,,,,,,,,,,,,,,,,,,,,,,,,
"755999","JC465530","2019-10-09T00:58:00","1","DRIVER",,"718110",,"DODGE","GRAND CARAVAN","IL","2013","NONE","VAN/MINI-VAN","PERSONAL","N","STRAIGHT AHEAD","true",,"1",,"E&R Towing","103rd and Doty",,"true","true","true",,,,,,,,,,,"FRONT",,,,,,,,,,,,,,,,,,,,,,,,,,,,,,,,,
"756001","JC465550","2019-10-09T00:34:00","1","DRIVER",,"718111","true","NEW FLYER","NEW FLYER",,"2006","NONE","BUS OVER 15 PASS.","CTA","W","TURNING RIGHT",,,"1",,,,"true",,,,,,,,"false",,,,,,"FRONT-LEFT","8369",,,,"DRIVER","3","CHICAGO TRANSIT AUTHORITY",,,,,,"N","N",,"U",,"N","N",,,,,,,,,"BUS","BUS","OTHER","false","false",
"755996","JC465524","2019-10-09T00:28:00","2","DRIVER","1","718106",,"HYUNDAI","UNKNOWN","IL","2008","UNKNOWN","PASSENGER","UNKNOWN/NA","N","STRAIGHT AHEAD",,,"2",,,,,,,,"true","true",,,,,,,,,"REAR-RIGHT",,,,,,,,,,,,,,,,,,,,,,,,,,,,,,,,,
"755990","JC465514","2019-10-09T00:10:00","2","PARKED",,"718097",,"SATURN","Vue","IL","2007","UNKNOWN","VAN/MINI-VAN","UNKNOWN/NA","N","PARKED",,,"0",,,,,,"true",,,,,,,,,,,,"FRONT",,,,,,,,,,,,,,,,,,,,,,,,,,,,,,,,,
"755998","JC465509","2019-10-08T23:55:00","2","DRIVER","1","718109",,"CHEVROLET","IMPALA","IL","2011","UNKNOWN","PASSENGER","PERSONAL","N","STRAIGHT AHEAD","true",,"2",,"PRIVATE","UNKNOWN",,,,,,,,,,,,,"true",,"OTHER",,,,,,,,,,,,,,,,,,,,,,,,,,,,,,,,,
"755993","JC465462","2019-10-08T23:04:00","1","DRIVER",,"718102",,"HONDA","CRV","IL","2009","NONE","SPORT UTILITY VEHICLE (SUV)","PERSONAL","NW","STRAIGHT AHEAD",,,"1",,,,,,,,,,,,,,,,"true",,"OTHER",,,,,,,,,,,,,,,,,,,,,,,,,,,,,,,,,
"755994","JC465462","2019-10-08T23:04:00","2","DRIVER",,"718103",,"HARLEY-DAVIDSON","HARLEY-DAVIDSON","IL","2019","NONE","MOTORCYCLE (OVER 150CC)","PERSONAL","NW","STRAIGHT AHEAD",,,"1",,,,,,,,,,"true",,,,,,,,"REAR-LEFT",,,,,,,,,,,,,,,,,,,,,,,,,,,,,,,,,
"755972","JC465442","2019-10-08T22:45:00","2","DRIVER",,"718084",,"MERCEDES-BENZ","UNKNOWN","IL","2011","UNKNOWN","PASSENGER","UNKNOWN/NA","W","STRAIGHT AHEAD",,,"1",,,,,,,,,,"true",,,,,,,,"REAR-LEFT",,,,,,,,,,,,,,,,,,,,,,,,,,,,,,,,,
"755976","JC465441","2019-10-08T22:45:00","1","DRIVER",,"718089",,"CHRYSLER","Caravan","IL","2006","UNKNOWN","PASSENGER","PERSONAL","W","STRAIGHT AHEAD",,,"1",,,,,"true",,,,,,,,,,"true","true",,"FRONT",,,,,,,,,,,,,,,,,,,,,,,,,,,,,,,,,
"755975","JC465441","2019-10-08T22:45:00","2","DRIVER",,"718088",,"CHRYSLER","200","IL","2013","UNKNOWN","PASSENGER","PERSONAL","S","ENTERING TRAFFIC LANE FROM PARKING","true",,"1",,"unknown",,,,,,,,,,,,"true","true","true",,"TOTAL (ALL AREAS)",,,,,,,,,,,,,,,,,,,,,,,,,,,,,,,,,
"755983","JC465449","2019-10-08T22:38:00","1","DRIVER",,"718092",,"NISSAN","MAURANO","IL","2009","UNKNOWN","PASSENGER","PERSONAL","E","STRAIGHT AHEAD","false",,"1",,,,,"true",,,,,,,,,,"true","true",,"OTHER",,,,,,,,,,,,,,,,,,,,,,,,,,,,,,,,,
"755984","JC465449","2019-10-08T22:38:00","2","DRIVER",,"718095",,"DODGE","JOURNEY","IL","2009","SUSPENSION","PASSENGER","PERSONAL","UNKNOWN","STRAIGHT AHEAD",,,"1",,,,,,,,,"true","true","true",,,,,,,"REAR-LEFT",,,,,,,,,,,,,,,,,,,,,,,,,,,,,,,,,
"755986","JC465449","2019-10-08T22:38:00","4","DRIVER",,"718108",,"VOLKSWAGEN","JETTA","IL","2016","NONE","PASSENGER","PERSONAL","E","STRAIGHT AHEAD","true",,"1",,"CITY OF CHICAGO","10301 S. DOTY AVE",,"true",,,,"true","true","true",,,,"true","true",,"REAR-LEFT",,,,,,,,,,,,,,,,,,,,,,,,,,,,,,,,,
"755966","JC465421","2019-10-08T22:19:00","1","DRIVER","1","718074",,"HONDA","ACCORD","IL","2010","NONE","PASSENGER","PERSONAL","S","AVOIDING VEHICLES/OBJECTS","true",,"2",,"TBD","TBD",,"true",,,,,,,,,,,"true",,"FRONT",,,,,,,,,,,,,,,,,,,,,,,,,,,,,,,,,
"755968","JC465421","2019-10-08T22:19:00","3","PARKED",,"718080",,"DODGE","CALIBER","IL","2010","NONE","PASSENGER","NOT IN USE","S","PARKED",,,"0",,,,,,,,,,"true",,,,,,,,"REAR-LEFT",,,,,,,,,,,,,,,,,,,,,,,,,,,,,,,,,
"755978","JC465458","2019-10-08T22:13:00","2","DRIVER","3","718087",,"HYUNDAI","UNKNOWN","IL","2017","UNKNOWN","PASSENGER","PERSONAL","S","STRAIGHT AHEAD",,,"4",,,,,,,,,,"true","true",,,,,,,"REAR-LEFT",,,,,,,,,,,,,,,,,,,,,,,,,,,,,,,,,
"755979","JC465461","2019-10-08T22:00:00","1","DRIVER",,"718090",,"MAZDA","UNKNOWN","IL","2016","NONE","PASSENGER","PERSONAL","S","STRAIGHT AHEAD","true",,"1",,,,,"true",,,,,,,,,,,,,"FRONT",,,,,,,,,,,,,,,,,,,,,,,,,,,,,,,,,
"755980","JC465461","2019-10-08T22:00:00","2","DRIVER","1","718091",,"MINI","COOPER","IL","2012","NONE","PASSENGER","PERSONAL","S","STRAIGHT AHEAD",,,"2",,,,,,,,,,,"true",,,,,,,"SIDE-LEFT",,,,,,,,,,,,,,,,,,,,,,,,,,,,,,,,,
"755973","JC465415","2019-10-08T21:50:00","1","DRIVER","2","718083",,"LEXUS","GS300","IL","2006","NONE","PASSENGER","PERSONAL","NE","TURNING LEFT","true",,"3",,"PRIVATE TOW UNKNOWN","UNKNOWN",,,,"true","true","true",,,,,,,,,"REAR-RIGHT",,,,,,,,,,,,,,,,,,,,,,,,,,,,,,,,,
"755974","JC465415","2019-10-08T21:50:00","2","DRIVER",,"718085",,"CHEVROLET","MALIBU (CHEVELLE)","IL","2010","NONE","PASSENGER","PERSONAL","W","STRAIGHT AHEAD",,,"1",,,,,"true","true",,,,,,,,"true","true","true",,"OTHER",,,,,,,,,,,,,,,,,,,,,,,,,,,,,,,,,
"755969","JC465402","2019-10-08T21:47:00","1","DRIVER","2","718079",,"VOLKSWAGEN","GOLF","IL","2009","NONE","PASSENGER","PERSONAL","E","STRAIGHT AHEAD",,,"3",,,,,"true",,,,,,,,,,"true","true",,"OTHER",,,,,,,,,,,,,,,,,,,,,,,,,,,,,,,,,
"755970","JC465402","2019-10-08T21:47:00","2","DRIVER",,"718075",,"SUBARU","OUTBACK","IL","2019","NONE","PASSENGER","PERSONAL","E","STRAIGHT AHEAD",,,"1",,,,,,,,,"true","true","true",,,,,,,"REAR-LEFT",,,,,,,,,,,,,,,,,,,,,,,,,,,,,,,,,
"756313","JC466178","2019-10-08T21:45:00","1","DRIVER",,"718415",,"MAZDA","UNKNOWN","IL","2007","NONE","PASSENGER","PERSONAL","S","MERGING",,,"1",,,,,,,,,,,,,"true","true","true",,,"ROOF",,,,,,,,,,,,,,,,,,,,,,,,,,,,,,,,,
"756314","JC466178","2019-10-08T21:45:00","2","DRIVER",,"718423",,"TOYOTA MOTOR COMPANY, LTD.","UNKNOWN","IL","2013","NONE","OTHER","TAXI/FOR HIRE","S","STRAIGHT AHEAD",,,"1",,,,,,"true","true","true",,,,,,,,,,"SIDE-RIGHT",,,,,,,,,,,,,,,,,,,,,,,,,,,,,,,,,
"756224","JC465983","2019-10-08T21:40:00","2","DRIVER","1","718332",,"BUICK","UNKNOWN","IL","2017","NONE","SPORT UTILITY VEHICLE (SUV)","PERSONAL","E","TURNING RIGHT",,,"2",,,,,"true","true",,,,,,,,,,,,"FRONT",,,,,,,,,,,,,,,,,,,,,,,,,,,,,,,,,
"755962","JC465412","2019-10-08T21:20:00","1","DRIVER",,"718068",,"VOLKSWAGEN","UNKNOWN","IL","2012","UNKNOWN","PASSENGER","PERSONAL","UNKNOWN","STRAIGHT AHEAD",,,"1",,,,,,,,,,,,,,,,,"true","UNKNOWN",,,,,,,,,,,,,,,,,,,,,,,,,,,,,,,,,
"755963","JC465412","2019-10-08T21:20:00","2","PARKED",,"718077",,"ACURA (DIV. OF AMERICAN HONDA MOTOR CO.)","TL","IL","2006","UNKNOWN","PASSENGER","PERSONAL","UNKNOWN","PARKED",,,"0",,,,,,,,"true","true",,,,,,,,,"REAR",,,,,,,,,,,,,,,,,,,,,,,,,,,,,,,,,
"755964","JC456420","2019-10-08T21:03:00","1","DRIVER",,"718073",,"MERCEDES-BENZ","C300","IL","2009","NONE","PASSENGER","PERSONAL","S","PASSING/OVERTAKING",,,"1",,,,,,,,,,,,"true","true",,,,,"FRONT-LEFT",,,,,,,,,,,,,,,,,,,,,,,,,,,,,,,,,
"755965","JC456420","2019-10-08T21:03:00","2","DRIVER",,"718076",,"JEEP","UNKNOWN","IL","2006","NONE","PASSENGER","PERSONAL","S","BACKING",,,"1",,,,,,,,,,,,,,"true","true",,,"TOTAL (ALL AREAS)",,,,,,,,,,,,,,,,,,,,,,,,,,,,,,,,,
"755952","JC465397","2019-10-08T21:00:00","1","DRIVER",,"718061",,"ACURA","ACURA","IL","2015","NONE","PASSENGER","RIDESHARE SERVICE","W","STRAIGHT AHEAD",,,"1",,,,,"true",,,,,,,,,,,,,"FRONT",,,,,,,,,,,,,,,,,,,,,,,,,,,,,,,,,
"755953","JC465397","2019-10-08T21:00:00","2","DRIVER",,"718064",,"HONDA","CIVIC","IL","2012","NONE","PASSENGER","PERSONAL","W","TURNING LEFT",,,"1",,,,,,,,,,,"true","true","true","true","false",,,"ROOF",,,,,,,,,,,,,,,,,,,,,,,,,,,,,,,,,
"755961","JC465387","2019-10-08T20:55:00","1","DRIVER",,"718070",,"ACURA (DIV. OF AMERICAN HONDA MOTOR CO.)","UNKNOWN","IL","2011","NONE","MOTORCYCLE (OVER 150CC)","PERSONAL","N","STRAIGHT AHEAD","true",,"1",,"city tow","ss066979",,,,,,,,,,,,,,,"FRONT-LEFT",,,,,,,,,,,,,,,,,,,,,,,,,,,,,,,,,
"755956","JC465400","2019-10-08T20:40:00","1","DRIVER",,"718063",,"BUICK","LUCERNE",,"2006","UNKNOWN","PASSENGER","PERSONAL","UNKNOWN","STRAIGHT AHEAD",,,"1",,,,,"true",,,,,,,,,,,,,"FRONT",,,,,,,,,,,,,,,,,,,,,,,,,,,,,,,,,
"756399","JC466320","2019-10-08T20:30:00","2","PARKED",,"718488",,"TOYOTA MOTOR COMPANY, LTD.","Highlander(beginning vehicle year 2001)","IL","2016","NONE","PASSENGER","PERSONAL","UNKNOWN","PARKED",,,"0",,,,,"true",,,,,,,,,,,"true",,"FRONT",,,,,,,,,,,,,,,,,,,,,,,,,,,,,,,,,
"755941","JC465362","2019-10-08T20:25:00","2","DRIVER",,"718051",,"HYUNDAI","HYUNDAI","IL","2013","NONE","PASSENGER","PERSONAL","E","OTHER",,,"1",,,,,"true",,,,,,,,,,,,,"FRONT",,,,,,,,,,,,,,,,,,,,,,,,,,,,,,,,,
"755951","JC465359","2019-10-08T20:20:00","1","DRIVER","1","718060",,"FORD","UNKNOWN","IL","2012","NONE","PASSENGER","POLICE","S","BACKING",,,"2",,,,,,,,,"true",,,,,,,,,"REAR",,,,,,,,,,,,,,,,,,,,,,,,,,,,,,,,,
"756319","JC466181","2019-10-08T20:15:00","1","DRIVER",,"718412",,"JEEP","JEEP - YEAR GREATER 1988","IL","2013","NONE","SPORT UTILITY VEHICLE (SUV)","PERSONAL","S","TURNING RIGHT",,,"1",,,,,,,,,,,,,,,"true","true",,"TOTAL (ALL AREAS)",,,,,,,,,,,,,,,,,,,,,,,,,,,,,,,,,
"756320","JC466181","2019-10-08T20:15:00","2","DRIVER",,"718418",,"NISSAN","NISSAN MAXIMA","IL","2017","UNKNOWN","PASSENGER","UNKNOWN/NA","W","STRAIGHT AHEAD",,,"1",,,,,,,,,,,,,,,,,"true","UNKNOWN",,,,,,,,,,,,,,,,,,,,,,,,,,,,,,,,,
"755942","JC465322","2019-10-08T20:15:00","1","DRIVER","1","718050",,"MINI","COOPER","IL","2017","UNKNOWN","PASSENGER","PERSONAL","E","SLOW/STOP IN TRAFFIC",,,"2",,,,,,,,,,,,,,,,"true",,"OTHER",,,,,,,,,,,,,,,,,,,,,,,,,,,,,,,,,
"755943","JC465322","2019-10-08T20:15:00","2","DRIVER","1","718057",,"VOLKSWAGEN","PASSAT","IL","2013","NONE","PASSENGER","RIDESHARE SERVICE","E","STRAIGHT AHEAD",,,"2",,,,,,,,,,"true",,,,,,,,"REAR-LEFT",,,,,,,,,,,,,,,,,,,,,,,,,,,,,,,,,
"755949","JC465328","2019-10-08T20:04:00","1","DRIVER",,"718062",,"MINI","COOPER","IL","2015","NONE","PASSENGER","PERSONAL","E","BACKING",,,"1",,,,,,,,,,"true",,,,,,,,"REAR-LEFT",,,,,,,,,,,,,,,,,,,,,,,,,,,,,,,,,
"755950","JC465328","2019-10-08T20:04:00","2","DRIVER",,"718066",,"AUDI","A6","IL","2019","NONE","PASSENGER","PERSONAL","S","STRAIGHT AHEAD",,,"1",,,,,,,,,,,,,"true","true",,,,"ROOF",,,,,,,,,,,,,,,,,,,,,,,,,,,,,,,,,
"755944","JC465366","2019-10-08T20:00:00","1","DRIVER",,"718056",,"NISSAN","UNKNOWN",,"2015","NONE","PASSENGER","PERSONAL","S","STRAIGHT AHEAD",,,"1",,,,,,,,,,,,,,,,"true",,"OTHER",,,,,,,,,,,,,,,,,,,,,,,,,,,,,,,,,
"755945","JC465366","2019-10-08T20:00:00","2","DRIVER","1","718059",,"FORD","Focus","IL","2014","NONE","PASSENGER","PERSONAL","S","SLOW/STOP IN TRAFFIC",,,"2",,,,,,,,,,"true",,,,,,,,"REAR-LEFT",,,,,,,,,,,,,,,,,,,,,,,,,,,,,,,,,
"755938","JC465314","2019-10-08T19:50:00","1","DRIVER",,"718047",,"JEEP","CHEROKEE","IL","2006","UNKNOWN","UNKNOWN/NA","UNKNOWN/NA","N","BACKING",,,"1",,,,,,,,,,,,,,,,,"true","REAR-LEFT",,,,,,,,,,,,,,,,,,,,,,,,,,,,,,,,,
"755939","JC465314","2019-10-08T19:50:00","2","PARKED",,"718049",,"MERCEDES-BENZ","GLK350","IL","2011","NONE","PASSENGER","PERSONAL","N","PARKED",,,"0",,,,,"false",,,,,,,,,,"false","true",,"OTHER",,,,,,,,,,,,,,,,,,,,,,,,,,,,,,,,,
"755927","JC465280","2019-10-08T19:33:00","1","DRIVER",,"718037",,"HONDA","CRV","IL","2007","NONE","SPORT UTILITY VEHICLE (SUV)","PERSONAL","S","MERGING",,,"1",,,,,"true",,,,,,,,,,,,,"FRONT",,,,,,,,,,,,,,,,,,,,,,,,,,,,,,,,,
"755928","JC465280","2019-10-08T19:33:00","2","DRIVER",,"718038",,"MERCEDES-BENZ","UNKNOWN","IL","2012","NONE","PASSENGER","PERSONAL","S","STRAIGHT AHEAD",,,"1",,,,,,,,,,,,,"true","true",,,,"ROOF",,,,,,,,,,,,,,,,,,,,,,,,,,,,,,,,,
"755936","JC465329","2019-10-08T19:30:00","1","DRIVER","1","718048",,"JEEP","UNKNOWN","IL","2008","NONE","PASSENGER","PERSONAL","S","STRAIGHT AHEAD",,,"2",,,,,,,,,,,,,,,,"true",,"OTHER",,,,,,,,,,,,,,,,,,,,,,,,,,,,,,,,,
"755937","JC465329","2019-10-08T19:30:00","2","DRIVER",,"718054",,"CHRYSLER","200","IL","2013","NONE","PASSENGER","PERSONAL","W","STRAIGHT AHEAD","true",,"1",,"PRIVATE TOW",,,,,,"true","true","true",,,,,,,,"REAR",,,,,,,,,,,,,,,,,,,,,,,,,,,,,,,,,
"756626","JC466644","2019-10-08T19:15:00","2","PARKED",,"718704",,"JEEP","PATRIOT","IN","2014","UNKNOWN","SPORT UTILITY VEHICLE (SUV)","PERSONAL","N","PARKED",,,"0",,,,,,,,,,,"true",,,,,,,"SIDE-LEFT",,,,,,,,,,,,,,,,,,,,,,,,,,,,,,,,,
"756353","JC465267","2019-10-08T19:10:00","1","DRIVER",,"718449",,"CHEVROLET","UNKNOWN","IL","2015","NONE","PASSENGER","UNKNOWN/NA","W","BACKING",,,"1",,,,,,,,,"true","true","true",,,,,,,"REAR-LEFT",,,,,,,,,,,,,,,,,,,,,,,,,,,,,,,,,
"756354","JC465267","2019-10-08T19:10:00","2","DRIVER",,"718450",,"TOYOTA MOTOR COMPANY, LTD.","CAMRY","IL","2014","NONE","PASSENGER","PERSONAL","W","STRAIGHT AHEAD",,,"1",,,,,,,,,,,,"true","true",,,,,"FRONT-LEFT",,,,,,,,,,,,,,,,,,,,,,,,,,,,,,,,,
"755925","JC465245","2019-10-08T19:07:00","1","DRIVER",,"718031",,"JEEP","CHEROKEE","IL","2018","NONE","PASSENGER","PERSONAL","E","TURNING LEFT","true",,"1",,"private tow",,,"true","true",,,,,,,,,,"true",,"FRONT",,,,,,,,,,,,,,,,,,,,,,,,,,,,,,,,,
"755926","JC465245","2019-10-08T19:07:00","2","DRIVER","1","718036",,"CHEVROLET","COBALT","IL","2008","NONE","PASSENGER","PERSONAL","W","STRAIGHT AHEAD","true",,"2",,"private tow",,,"true","true",,,,,,,,"true","true","true",,"OTHER",,,,,,,,,,,,,,,,,,,,,,,,,,,,,,,,,
"755921","JC465256","2019-10-08T19:05:00","1","DRIVER","1","718028",,"DODGE","DART","IL","2014","NONE","PASSENGER","PERSONAL","W","TURNING LEFT","true",,"2",,"PRIVATE TOW","UNKNOWN",,,,,,"true","true",,,,,,,,"REAR",,,,,,,,,,,,,,,,,,,,,,,,,,,,,,,,,
"755922","JC465256","2019-10-08T19:05:00","2","DRIVER",,"718033",,"DODGE","GRAND CARAVAN","IL","2012","NONE","VAN/MINI-VAN","PERSONAL","W","STRAIGHT AHEAD","true",,"1",,"PRIVATE TOW","UNKNOWN",,"true",,,,,,,,,,"true","true",,"OTHER",,,,,,,,,,,,,,,,,,,,,,,,,,,,,,,,,
"756326","JC466193","2019-10-08T19:00:00","1","DRIVER",,"718419",,"NISSAN","NISSAN ALTIMA","IL","2013","UNKNOWN","PASSENGER","PERSONAL","UNKNOWN","BACKING",,,"1",,,,,,,,,,"true","true",,,,,,,"SIDE-LEFT",,,,,,,,,,,,,,,,,,,,,,,,,,,,,,,,,
"756327","JC466193","2019-10-08T19:00:00","2","DRIVER",,"718425",,"HONDA","HONDA","IL","2018","NONE","PASSENGER","PERSONAL","W","STRAIGHT AHEAD",,,"1",,,,,,,,,,,,,,,"true",,,"TOTAL (ALL AREAS)",,,,,,,,,,,,,,,,,,,,,,,,,,,,,,,,,
"756227","JC465933","2019-10-08T19:00:00","1","DRIVER",,"718335",,"CHEVROLET","Trail Blazer","IL","2008","UNKNOWN","PASSENGER","PERSONAL","W","OTHER",,,"1",,,,,,,,,,,,,,,"true",,,"TOTAL (ALL AREAS)",,,,,,,,,,,,,,,,,,,,,,,,,,,,,,,,,
"756228","JC465933","2019-10-08T19:00:00","2","PARKED","1","718339",,"FORD","Focus","IL","2008","UNKNOWN","PASSENGER","PERSONAL","W","PARKED",,,"1",,,,,"true","true","true",,,,,,,,,,,"SIDE-RIGHT",,,,,,,,,,,,,,,,,,,,,,,,,,,,,,,,,
"755897","JC465268","2019-10-08T19:00:00","1","DRIVER","1","718007",,"HYUNDAI","Accent","IL","2010","NONE","PASSENGER","PERSONAL","S","STRAIGHT AHEAD",,,"2",,,,,,,,,,,,,,,,,,"OTHER",,,,,,,,,,,,,,,,,,,,,,,,,,,,,,,,,
"755898","JC465268","2019-10-08T19:00:00","2","DRIVER",,"718015",,"HONDA","CRV",,"2013","NONE","SPORT UTILITY VEHICLE (SUV)","PERSONAL","W","STRAIGHT AHEAD",,,"1",,,,,"true",,,,,,,,,,,,,"FRONT",,,,,,,,,,,,,,,,,,,,,,,,,,,,,,,,,
"755891","JC465229","2019-10-08T19:00:00","1","DRIVER",,"718003",,"FORD","Focus","IL","2016","NONE","PASSENGER","PERSONAL","N","STRAIGHT AHEAD",,,"1",,,,,"true",,,,,,,,,,,,,"FRONT",,,,,,,,,,,,,,,,,,,,,,,,,,,,,,,,,
"755892","JC465229","2019-10-08T19:00:00","2","DRIVER","1","718004",,"HONDA","UNKNOWN","IL","2013","NONE","PASSENGER","PERSONAL","N","STRAIGHT AHEAD",,,"2",,,,,,,,,,,,"true","true","true",,,,"ROOF",,,,,,,,,,,,,,,,,,,,,,,,,,,,,,,,,
"756274","JC465239","2019-10-08T18:40:00","1","DRIVER",,"718513",,"CHEVROLET","CRUZE","IL","2014","NONE","PASSENGER","PERSONAL","S","OTHER","true",,"1",,"STREETS AND SANITATION","323 E LOWER WACKER DRIVE",,"true","true","true","true",,,,"true","true","true","true","true",,"OTHER",,,,,,,,,,,,,,,,,,,,,,,,,,,,,,,,,
"756275","JC465239","2019-10-08T18:40:00","2","DRIVER",,"718549",,"CADILLAC","UNKNOWN","IL","2013","NONE","PASSENGER","PERSONAL","S","STRAIGHT AHEAD",,,"1",,,,,,,,,,"true","true","true","true","true","true",,,"REAR-LEFT",,,,,,,,,,,,,,,,,,,,,,,,,,,,,,,,,
"756276","JC465239","2019-10-08T18:40:00","3","DRIVER",,"718586",,"NISSAN","Pathfinder","IL","2015","NONE","PASSENGER","PERSONAL","S","STRAIGHT AHEAD",,,"2",,,,,"true","true","true","true","true",,,,,,,,,"REAR",,,,,,,,,,,,,,,,,,,,,,,,,,,,,,,,,
"756637","JC465239","2019-10-08T18:40:00","4","DRIVER","1","718719",,"TOYOTA MOTOR COMPANY, LTD.","CAMRY","IN","2016","NONE","PASSENGER","RIDESHARE SERVICE","S","STRAIGHT AHEAD",,,"2",,,,,,,,,,,"true","true","true","true","true",,,"SIDE-LEFT",,,,,,,,,,,,,,,,,,,,,,,,,,,,,,,,,
"755929","JC465217","2019-10-08T18:15:00","1","DRIVER",,"718040",,"CHEVROLET","MALIBU (CHEVELLE)","IL","2018","UNKNOWN","PASSENGER","PERSONAL","S","STRAIGHT AHEAD","true",,"1",,,,,"true",,,,,,,,,,"true","true",,"OTHER",,,,,,,,,,,,,,,,,,,,,,,,,,,,,,,,,
"755954","JC465404","2019-10-08T18:00:00","1","DRIVER",,"718065",,"CHEVROLET","MALIBU (CHEVELLE)","IL","2018","NONE","PASSENGER","PERSONAL","E","STRAIGHT AHEAD",,,"1",,,,,,,,,,"true",,,,,,,,"REAR-LEFT",,,,,,,,,,,,,,,,,,,,,,,,,,,,,,,,,
"755955","JC465404","2019-10-08T18:00:00","2","DRIVER",,"718069",,"CHEVROLET","IMPALA","IL","2014","NONE","PASSENGER","PERSONAL","W","STRAIGHT AHEAD",,,"1",,,,,,,,,,"true",,,,,,,,"REAR-LEFT",,,,,,,,,,,,,,,,,,,,,,,,,,,,,,,,,
"755946","JC465365","2019-10-08T18:00:00","1","DRIVER",,"718055",,"HONDA","UNKNOWN","IL","2012","UNKNOWN","SPORT UTILITY VEHICLE (SUV)","PERSONAL","S","TURNING LEFT",,,"1",,,,,,,,,"true",,,,,,,,,"REAR",,,,,,,,,,,,,,,,,,,,,,,,,,,,,,,,,
"755947","JC465365","2019-10-08T18:00:00","2","DRIVER",,"718058",,"FORD","FUSION","IL","2011","UNKNOWN","PASSENGER","PERSONAL","N","STRAIGHT AHEAD",,,"1",,,,,"true",,,,,,,,,,,,,"FRONT",,,,,,,,,,,,,,,,,,,,,,,,,,,,,,,,,
"755875","JC465198","2019-10-08T18:00:00","1","DRIVER",,"717986",,"MITSUBISHI","UNKNOWN","IL","2017","UNKNOWN","TRUCK - SINGLE UNIT","UNKNOWN/NA","N","UNKNOWN/NA",,,"1",,,,,,,,,,"false",,,,,,,"true","REAR-LEFT",,,,,,,,,,,,,,,,,,,,,,,,,,,,,,,,,