"crash_unit_id","rd_no","crash_date","unit_no","unit_type","num_passengers","vehicle_id","cmrc_veh_i","make","model","lic_plate_state","vehicle_year","vehicle_defect","vehicle_type","vehicle_use","travel_direction","maneuver","towed_i","fire_i","occupant_cnt","exceed_speed_limit_i","towed_by","towed_to","area_00_i","area_01_i","area_02_i","area_03_i","area_04_i","area_05_i","area_06_i","area_07_i","area_08_i","area_09_i","area_10_i","area_11_i","area_12_i","area_99_i","first_contact_point","cmv_id","usdot_no","ccmc_no","ilcc_no","commercial_src","gvwr","carrier_name","carrier_state","carrier_city","hazmat_placards_i","hazmat_name","un_no","hazmat_present_i","hazmat_report_i","hazmat_report_no","mcs_report_i","mcs_report_no","hazmat_vio_cause_crash_i","mcs_vio_cause_crash_i","idot_permit_no","wide_load_i","trailer1_width","trailer2_width","trailer1_length","trailer2_length","total_vehicle_length","axle_cnt","vehicle_config","cargo_body_type","load_type","hazmat_out_of_service_i","mcs_out_of_service_i","hazmat_class"
"755876","JC465198","2019-10-08T18:00:00","2","PARKED",,"717993",,"LEXUS","RX300","IL","2010","NONE","PASSENGER","PERSONAL","N","PARKED",,,"0",,,,,,,,,,"true","true",,,,,,,"ROOF",,,,,,,,,,,,,,,,,,,,,,,,,,,,,,,,,
"756740","JC465447","2019-10-08T17:59:00","1","DRIVER",,"718816",,"FORD","FUSION","IL","2012","NONE","UNKNOWN/NA","UNKNOWN/NA","UNKNOWN","BACKING",,,"1",,,,,,,,,,,,,,,,,"true","UNKNOWN",,,,,,,,,,,,,,,,,,,,,,,,,,,,,,,,,
"756741","JC465447","2019-10-08T17:59:00","2","DRIVER",,"718818",,"TOYOTA MOTOR COMPANY, LTD.","CAMRY","IL","2013","NONE","PASSENGER","PERSONAL","UNKNOWN","STRAIGHT AHEAD",,,"1",,,,,,,,,,,,"true","true","true","false",,,"ROOF",,,,,,,,,,,,,,,,,,,,,,,,,,,,,,,,,
"755907","JC465271","2019-10-08T17:56:00","1","DRIVER",,"718011",,"TOYOTA MOTOR COMPANY, LTD.","CAMRY","IL","2008","UNKNOWN","PASSENGER","UNKNOWN/NA","UNKNOWN","UNKNOWN/NA",,,"1",,,,,,,,,,,,,,,,,"true","OTHER",,,,,,,,,,,,,,,,,,,,,,,,,,,,,,,,,
"755908","JC465271","2019-10-08T17:56:00","2","DRIVER",,"718017",,"CHRYSLER","300","TN","2006","UNKNOWN","UNKNOWN/NA","UNKNOWN/NA","W","STRAIGHT AHEAD",,,"1",,,,,"true",,,,,,,,,,,"true",,"OTHER",,,,,,,,,,,,,,,,,,,,,,,,,,,,,,,,,
"755871","JC465186","2019-10-08T17:45:00","1","DRIVER","1","717976",,"JEEP","Grand Cherokee (for vehicle years 1989 to present)","IL","2015","UNKNOWN","UNKNOWN/NA","UNKNOWN/NA","S","MERGING",,,"2",,,,,,,,,,,"true",,,,,,,"FRONT-LEFT",,,,,,,,,,,,,,,,,,,,,,,,,,,,,,,,,
"755872","JC465186","2019-10-08T17:45:00","2","DRIVER",,"717980",,"DODGE","JOURNEY","IL","2018","NONE","PASSENGER","PERSONAL","S","STRAIGHT AHEAD",,,"1",,,,,"true","true",,,,,,,,,,,,"FRONT",,,,,,,,,,,,,,,,,,,,,,,,,,,,,,,,,
"755867","JC465167","2019-10-08T17:40:00","1","DRIVER",,"717974",,"HONDA","CRV","IL","2014","UNKNOWN","PASSENGER","PERSONAL","SE","STRAIGHT AHEAD",,,"1",,,,,"true",,,,,,,,,,"true","true",,"OTHER",,,,,,,,,,,,,,,,,,,,,,,,,,,,,,,,,
"755868","JC465167","2019-10-08T17:40:00","2","DRIVER",,"717982",,"SUBARU","360 (various styles)","IL","2016","UNKNOWN","PASSENGER","PERSONAL","SE","SLOW/STOP IN TRAFFIC",,,"1",,,,,,,,"true","true","true",,,,,,,,"REAR",,,,,,,,,,,,,,,,,,,,,,,,,,,,,,,,,
"755895","JC465214","2019-10-08T17:30:00","1","DRIVER",,"718019",,"KIA MOTORS CORP","Sportage (sport utility)","IL","2017","NONE","PASSENGER","PERSONAL","UNKNOWN","U-TURN",,,"1",,,,,,,,,,,,,,,,,,"UNKNOWN",,,,,,,,,,,,,,,,,,,,,,,,,,,,,,,,,
"755896","JC465214","2019-10-08T17:30:00","2","DRIVER",,"718026",,"FORD","ESCAPE (SUV)","IL","2006","NONE","PASSENGER","PERSONAL","UNKNOWN","STRAIGHT AHEAD",,,"1",,,,,,,,,,,,,,,,,,"SIDE-LEFT",,,,,,,,,,,,,,,,,,,,,,,,,,,,,,,,,
"755850","JC465153","2019-10-08T17:30:00","1","DRIVER",,"717955",,"HYUNDAI","ELANTRA","IL","2018","NONE","PASSENGER","PERSONAL","W","STRAIGHT AHEAD",,,"1",,,,,,"true","true",,,,,,,,,,,"SIDE-RIGHT",,,,,,,,,,,,,,,,,,,,,,,,,,,,,,,,,
"755851","JC465153","2019-10-08T17:30:00","2","DRIVER",,"717961",,"BUICK","Rendezvous","IL","2007","NONE","SPORT UTILITY VEHICLE (SUV)","PERSONAL","W","TURNING LEFT",,,"1",,,,,,,,,,,,,,,"true",,,"TOTAL (ALL AREAS)",,,,,,,,,,,,,,,,,,,,,,,,,,,,,,,,,
"756547","JC466456","2019-10-08T17:29:00","1","DRIVER",,"718648",,"FORD","UNKNOWN","IL","2018","UNKNOWN","VAN/MINI-VAN","UNKNOWN/NA","N","STRAIGHT AHEAD",,,"1",,,,,"true",,,,,,,,,,"true","true",,"OTHER",,,,,,,,,,,,,,,,,,,,,,,,,,,,,,,,,
"756548","JC466456","2019-10-08T17:29:00","2","DRIVER",,"718642",,"CHEVROLET","CRUZE","IL","2013","UNKNOWN","PASSENGER","PERSONAL","W","STRAIGHT AHEAD","true",,"1",,"PRIVATE TOW",,,,,,,,,"true","true","true","true","true",,,"ROOF",,,,,,,,,,,,,,,,,,,,,,,,,,,,,,,,,
"755818","JC465085","2019-10-08T17:25:00","2","DRIVER",,"717962",,"CHEVROLET","EQUINOX","TN","2019","NONE","PASSENGER","PERSONAL","W","STRAIGHT AHEAD",,,"1",,,,,,,,,,"true",,,,,,,,"REAR-LEFT",,,,,,,,,,,,,,,,,,,,,,,,,,,,,,,,,
"755905","JC465161","2019-10-08T17:22:00","1","DRIVER",,"718022",,"JEEP","Grand Cherokee (for vehicle years 1989 to present)","IL","2014","NONE","PASSENGER","PERSONAL","E","BACKING",,,"1",,,,,,,,,,"true",,,,,,,,"REAR-LEFT",,,,,,,,,,,,,,,,,,,,,,,,,,,,,,,,,
"755906","JC465161","2019-10-08T17:22:00","2","DRIVER",,"718032",,"HYUNDAI","UNKNOWN","IL","2019","NONE","PASSENGER","PERSONAL","N","STRAIGHT AHEAD",,,"1",,,,,,,,,,,,,"true","true",,,,,,,,,,,,,,,,,,,,,,,,,,,,,,,,,,,,,
"755819","JC465108","2019-10-08T17:20:00","1","DRIVER",,"717918",,"HYUNDAI","SONATA","IL","2016","NONE","PASSENGER","PERSONAL","W","MERGING",,,"1",,,,,,,,,,,,,,"true",,,,"ROOF",,,,,,,,,,,,,,,,,,,,,,,,,,,,,,,,,
"755820","JC465108","2019-10-08T17:20:00","2","DRIVER",,"717930",,"FORD","F150","IL","2012","NONE","PICKUP","PERSONAL","W","STRAIGHT AHEAD",,,"1",,,,,"true",,,,,,,,,,,,,"SIDE-RIGHT",,,,,,,,,,,,,,,,,,,,,,,,,,,,,,,,,
"755862","JC465168","2019-10-08T17:15:00","2","DRIVER",,"717977",,"ACURA","ACURA","IL","2019","NONE","PASSENGER","PERSONAL","N","SLOW/STOP IN TRAFFIC",,,"1",,,,,,,,,"true","true","true",,,,,,,"REAR-LEFT",,,,,,,,,,,,,,,,,,,,,,,,,,,,,,,,,
"755910","JC465099","2019-10-08T17:14:00","2","DRIVER",,"718035",,"TOYOTA MOTOR COMPANY, LTD.","COROLLA","IL","2016","NONE","PASSENGER","PERSONAL","S","TURNING LEFT","true",,"1",,,,,,,,,,,"true","true",,,,"true",,"OTHER",,,,,,,,,,,,,,,,,,,,,,,,,,,,,,,,,
"755807","JC465084","2019-10-08T17:07:00","1","DRIVER","1","717924",,"SATURN","UNKNOWN","IL","2008","UNKNOWN","PASSENGER","UNKNOWN/NA","S","STRAIGHT AHEAD",,,"2",,,,,,,,,,,,,,,,,"true","OTHER",,,,,,,,,,,,,,,,,,,,,,,,,,,,,,,,,
"755808","JC465084","2019-10-08T17:07:00","2","DRIVER",,"717917",,"AUDI","A4","IN","2013","NONE","PASSENGER","PERSONAL","S","STRAIGHT AHEAD",,,"1",,,,,,,,,,"true",,,,,,,,"REAR-LEFT",,,,,,,,,,,,,,,,,,,,,,,,,,,,,,,,,
"756498","JC466450","2019-10-08T17:00:00","2","PARKED",,"718596",,"JEEP","CHEROKEE","IL","2008","NONE","SPORT UTILITY VEHICLE (SUV)","PERSONAL","N","PARKED",,,"0",,,,,,,,,,,,,,,,"true",,"OTHER",,,,,,,,,,,,,,,,,,,,,,,,,,,,,,,,,
"756257","JC466069","2019-10-08T17:00:00","2","PARKED",,"718371",,"FORD","TAURUS","IL","2007","NONE","PASSENGER","NOT IN USE","W","PARKED",,,"0",,,,,,,,,,,"true","true",,,,,,"SIDE-LEFT",,,,,,,,,,,,,,,,,,,,,,,,,,,,,,,,,
"755934","JC465212","2019-10-08T16:55:00","2","PARKED",,"718046",,"KIA MOTORS CORP","UNKNOWN","IL","2029","NONE","PASSENGER","NOT IN USE","UNKNOWN","PARKED",,,"0",,,,,,,,,,"true",,,,,,"true",,"OTHER",,,,,,,,,,,,,,,,,,,,,,,,,,,,,,,,,
"755843","JC465154","2019-10-08T16:55:00","2","DRIVER",,"717948",,"TOYOTA MOTOR COMPANY, LTD.","CAMRY","IL","2014","NONE","PASSENGER","PERSONAL","W","STRAIGHT AHEAD",,,"1",,,,,,,,,,"true",,,,,,,,"REAR-LEFT",,,,,,,,,,,,,,,,,,,,,,,,,,,,,,,,,
"755814","JC465034","2019-10-08T16:48:00","1","DRIVER",,"717925","true","UNKNOWN","UNKNOWN","FL","2009","UNKNOWN","TRUCK - SINGLE UNIT","COMMERCIAL - SINGLE UNIT","E","ENTERING TRAFFIC LANE FROM PARKING",,,"1",,,,,,,,,,,,,,"true","true",,,"TOTAL (ALL AREAS)","8365",,,,"DRIVER","2","FEDEX","IL",,,,,"N","N",,"N",,"N","N",,,,,,,,,"SINGLE UNIT TRUCK, 2 AXLES, 6 TIRES","OTHER","OTHER","false","false",
"755815","JC465034","2019-10-08T16:48:00","2","DRIVER",,"717956",,"SUZUKI","UNKNOWN","IL","2006","UNKNOWN","PASSENGER","PERSONAL","E","STRAIGHT AHEAD","true",,"1",,,,,"true","true","true",,,,,,,,,,,"FRONT",,,,,,,,,,,,,,,,,,,,,,,,,,,,,,,,,
"755816","JC465034","2019-10-08T16:48:00","3","PARKED",,"717970",,"HYUNDAI","ELANTRA","IL","2016","UNKNOWN","PASSENGER","PERSONAL","E","PARKED","true",,"0",,,,,,,,,,,"true","true","true","true","true",,,"ROOF",,,,,,,,,,,,,,,,,,,,,,,,,,,,,,,,,
"755887","JC465208","2019-10-08T16:40:00","1","DRIVER",,"717999",,"TOYOTA MOTOR COMPANY, LTD.","Sienna (van)","IL","2009","NONE","VAN/MINI-VAN","PERSONAL","E","BACKING",,,"1",,,,,,,,,,,"true","true",,,,,,"FRONT-LEFT",,,,,,,,,,,,,,,,,,,,,,,,,,,,,,,,,
"755888","JC465208","2019-10-08T16:40:00","2","PARKED",,"718001",,"JEEP","Liberty","IL","2014","NONE","SPORT UTILITY VEHICLE (SUV)","NOT IN USE","W","PARKED",,,"0",,,,,,,,,,,,,"true",,,,,"ROOF",,,,,,,,,,,,,,,,,,,,,,,,,,,,,,,,,
"755835","JC465093","2019-10-08T16:40:00","1","DRIVER",,"717943",,"FORD","Explorer","IL","2006","UNKNOWN","PASSENGER","PERSONAL","E","ENTER FROM DRIVE/ALLEY",,,"1",,,,,,,,,,,,,,,,"true",,"OTHER",,,,,,,,,,,,,,,,,,,,,,,,,,,,,,,,,
"755836","JC465093","2019-10-08T16:40:00","2","DRIVER",,"717959",,"MAZDA","MX-6","IL","2015","UNKNOWN","PASSENGER","PERSONAL","E","STRAIGHT AHEAD","true",,"1",,,,,"true",,,,,,,,,,,"true",,"FRONT",,,,,,,,,,,,,,,,,,,,,,,,,,,,,,,,,
"755823","JC465101","2019-10-08T16:30:00","1","DRIVER",,"717931",,"TOYOTA MOTOR COMPANY, LTD.","RAV4 (sport utility)","IL","2017","NONE","SPORT UTILITY VEHICLE (SUV)","PERSONAL","E","OTHER",,,"1",,,,,,,,,,,,,"true",,,,,"SIDE-RIGHT",,,,,,,,,,,,,,,,,,,,,,,,,,,,,,,,,
"755824","JC465101","2019-10-08T16:30:00","2","DRIVER",,"717944",,"AUDI","QUATRRO","IL","2018","UNKNOWN","SPORT UTILITY VEHICLE (SUV)","PERSONAL","E","STRAIGHT AHEAD",,,"1",,,,,,"true",,,,,,,,,,,,"SIDE-RIGHT",,,,,,,,,,,,,,,,,,,,,,,,,,,,,,,,,
"755788","JC465062","2019-10-08T16:30:00","1","DRIVER",,"717900",,"TOYOTA MOTOR COMPANY, LTD.","RAV4 (sport utility)","IL","2016","NONE","PASSENGER","TAXI/FOR HIRE","W","STRAIGHT AHEAD",,,"2",,,,,,,"true",,,,,,,,,,,"SIDE-RIGHT",,,,,,,,,,,,,,,,,,,,,,,,,,,,,,,,,
"755911","JC465031","2019-10-08T16:30:00","1","DRIVER",,"718010",,"DODGE","UNKNOWN","IL","2017","UNKNOWN","PASSENGER","UNKNOWN/NA","W","STRAIGHT AHEAD",,,"1",,,,,,,,,,,,,,,,,"true","UNKNOWN",,,,,,,,,,,,,,,,,,,,,,,,,,,,,,,,,
"755856","JC465008","2019-10-08T16:25:00","1","DRIVER",,"717971",,"HONDA","Odyssey (minivan)","IL","2019","NONE","VAN/MINI-VAN","PERSONAL","S","STRAIGHT AHEAD",,,"1",,,,,,,,,,,,,,,"true","true",,"OTHER",,,,,,,,,,,,,,,,,,,,,,,,,,,,,,,,,
"755804","JC465003","2019-10-08T16:22:00","1","DRIVER",,"717912",,"HYUNDAI","TUCSON","IL","2016","UNKNOWN","PASSENGER","PERSONAL","W","TURNING RIGHT",,,"1",,,,,"true","true",,,,,,,,,"true","false",,"FRONT",,,,,,,,,,,,,,,,,,,,,,,,,,,,,,,,,
"755806","JC465003","2019-10-08T16:22:00","3","DRIVER",,"717920",,"FORD","UNKNOWN","IL","2016","UNKNOWN","VAN/MINI-VAN","UNKNOWN/NA","W","TURNING LEFT",,,"1",,,,,,,,"true","true",,,,,,,,,"REAR",,,,,,,,,,,,,,,,,,,,,,,,,,,,,,,,,
"755769","JC465004","2019-10-08T16:20:00","1","DRIVER",,"717877",,"DODGE","Avenger",,"2013","NONE","PASSENGER","PERSONAL","UNKNOWN","TURNING RIGHT",,,"1",,,,,,,,,,,,,,,"true",,,"UNDER CARRIAGE",,,,,,,,,,,,,,,,,,,,,,,,,,,,,,,,,
"755834","JC465081","2019-10-08T16:15:00","2","DRIVERLESS",,"717935",,"HYUNDAI","TUCSON","IL","2006","NONE","PASSENGER","PERSONAL","N","PARKED",,,"0",,,,,,,,,"true",,,,,,,,,"REAR",,,,,,,,,,,,,,,,,,,,,,,,,,,,,,,,,
"755763","JC465054","2019-10-08T16:10:00","1","DRIVER",,"717878",,"HYUNDAI","UNKNOWN","IL","2008","UNKNOWN","UNKNOWN/NA","UNKNOWN/NA","S","STRAIGHT AHEAD",,,"1",,,,,,,,,,,"true",,,,,,,"FRONT-LEFT",,,,,,,,,,,,,,,,,,,,,,,,,,,,,,,,,
"755764","JC465054","2019-10-08T16:10:00","2","DRIVER",,"717891",,"TOYOTA MOTOR COMPANY, LTD.","Sienna (van)","IN","2013","NONE","VAN/MINI-VAN","PERSONAL","S","STRAIGHT AHEAD",,,"1",,,,,,,,"true","true",,,,,,,,,"REAR-RIGHT",,,,,,,,,,,,,,,,,,,,,,,,,,,,,,,,,
"755803","JC465044","2019-10-08T16:05:00","2","PARKED",,"717916",,"HARLEY-DAVIDSON","UNKNOWN","IL","2014","UNKNOWN","MOTORCYCLE (OVER 150CC)","PERSONAL","UNKNOWN","PARKED",,,"0",,,,,,,,,,,,"true",,"true","true",,,"ROOF",,,,,,,,,,,,,,,,,,,,,,,,,,,,,,,,,
"755771","JC465009","2019-10-08T16:04:00","1","DRIVER",,"717882",,"TOYOTA MOTOR COMPANY, LTD.","CAMRY","IL","2012","NONE","PASSENGER","TAXI/FOR HIRE","N","STRAIGHT AHEAD",,,"1",,,,,,,"true","true",,,,,,,,,,"SIDE-RIGHT",,,,,,,,,,,,,,,,,,,,,,,,,,,,,,,,,
"755772","JC465009","2019-10-08T16:04:00","2","DRIVER","1","717885",,"TOYOTA MOTOR COMPANY, LTD.","COROLLA","PA","2019","NONE","PASSENGER","OTHER","N","SLOW/STOP IN TRAFFIC",,,"2",,,,,,,,,,,"true",,,,,,,"SIDE-LEFT",,,,,,,,,,,,,,,,,,,,,,,,,,,,,,,,,
"755767","JC464975","2019-10-08T16:03:00","1","DRIVER",,"717883",,"JEEP","Liberty","IL","2006","UNKNOWN","PASSENGER","PERSONAL","W","STRAIGHT AHEAD",,,"1",,,,,,,,,,,,,,,"true",,,"TOTAL (ALL AREAS)",,,,,,,,,,,,,,,,,,,,,,,,,,,,,,,,,
"755768","JC464975","2019-10-08T16:03:00","2","DRIVER",,"717888",,"CHEVROLET","SILVERADO","MI","2017","UNKNOWN","PICKUP","PERSONAL","W","STRAIGHT AHEAD",,,"1",,,,,"true",,,,,,,,,,,,,"FRONT",,,,,,,,,,,,,,,,,,,,,,,,,,,,,,,,,
"757139","JC467593","2019-10-08T16:00:00","1","DRIVER",,"719203",,"TOYOTA MOTOR COMPANY, LTD.","UNKNOWN","IL","2016","UNKNOWN","PASSENGER","UNKNOWN/NA","S","STRAIGHT AHEAD",,,"1",,,,,,,,,,,,,,,,"true",,"OTHER",,,,,,,,,,,,,,,,,,,,,,,,,,,,,,,,,
"755837","JC465129","2019-10-08T16:00:00","1","DRIVER",,"717949",,"NISSAN","NISSAN ALTIMA","IL","2015","NONE","PASSENGER","PERSONAL","E","STRAIGHT AHEAD",,,"1",,,,,"true",,,,,,,,,,"false","true",,"FRONT-RIGHT",,,,,,,,,,,,,,,,,,,,,,,,,,,,,,,,,
"755827","JC465115","2019-10-08T16:00:00","1","DRIVER",,"717938",,"TOYOTA MOTOR COMPANY, LTD.","UNKNOWN","IL","2016","UNKNOWN","PASSENGER","TAXI/FOR HIRE","N","UNKNOWN/NA",,,"1",,,,,,,,,,,,,,,,"true",,"OTHER",,,,,,,,,,,,,,,,,,,,,,,,,,,,,,,,,
"755828","JC465115","2019-10-08T16:00:00","2","DRIVER",,"717923",,"HONDA","CIVIC","IL","2015","NONE","PASSENGER","PERSONAL","N","STRAIGHT AHEAD",,,"1",,,,,,,,,,"true",,,,,,,,"REAR-LEFT",,,,,,,,,,,,,,,,,,,,,,,,,,,,,,,,,
"755781","JC465036","2019-10-08T16:00:00","1","DRIVER",,"717894",,"FORD","ESCAPE (SUV)","IL","2012","NONE","SPORT UTILITY VEHICLE (SUV)","PERSONAL","S","STRAIGHT AHEAD",,,"1",,,,,"true",,,,,,,,,,,,,"FRONT",,,,,,,,,,,,,,,,,,,,,,,,,,,,,,,,,
"755782","JC465036","2019-10-08T16:00:00","2","DRIVER",,"717898",,"NISSAN","NISSAN ALTIMA","IL","2014","NONE","PASSENGER","PERSONAL","E","STRAIGHT AHEAD",,,"1",,,,,,,,,,,,,,,"true",,,"TOTAL (ALL AREAS)",,,,,,,,,,,,,,,,,,,,,,,,,,,,,,,,,
"755775","JC465018","2019-10-08T16:00:00","1","DRIVER",,"717887",,"TOYOTA MOTOR COMPANY, LTD.","Matrix (sport wagon)","IL","2013","NONE","PASSENGER","PERSONAL","S","MERGING",,,"1",,,,,,,,,,,,,,"true","true",,,"UNDER CARRIAGE",,,,,,,,,,,,,,,,,,,,,,,,,,,,,,,,,
"755800","JC465027","2019-10-08T15:57:00","1","DRIVER",,"717909",,"NEW FLYER","NEW FLYER","IL","2009","NONE","BUS OVER 15 PASS.","CTA","S","CHANGING LANES",,,"1",,,,,,,,,,,,,,,,,,"SIDE-RIGHT",,,,,,,,,,,,,,,,,,,,,,,,,,,,,,,,,
"755801","JC465027","2019-10-08T15:57:00","2","DRIVER",,"717947",,"MOTOR COACH INDUSTRIES, INC.","MOTOR COACH INDUSTRIES, INC.","IL","2014","NONE","BUS OVER 15 PASS.","OTHER","S","SLOW/STOP IN TRAFFIC",,,"1",,,,,,,,,,,,,,"false","true",,,"TOTAL (ALL AREAS)",,,,,,,,,,,,,,,,,,,,,,,,,,,,,,,,,
"755773","JC464966","2019-10-08T15:52:00","1","DRIVER","5","717884",,"CHEVROLET","TRAVERSE","IL","2016","UNKNOWN","PASSENGER","PERSONAL","W","TURNING LEFT",,,"6",,,,,"true","true",,,,,,,,,,,,"FRONT",,,,,,,,,,,,,,,,,,,,,,,,,,,,,,,,,
"755774","JC464966","2019-10-08T15:52:00","2","DRIVER","4","717893",,"TOYOTA MOTOR COMPANY, LTD.","Sienna (van)","IL","2019","UNKNOWN","VAN/MINI-VAN","PERSONAL","S","STRAIGHT AHEAD",,,"5",,,,,,,,,,,"true","true","true",,,,,"FRONT-LEFT",,,,,,,,,,,,,,,,,,,,,,,,,,,,,,,,,
"756272","JC466118","2019-10-08T15:45:00","1","DRIVER",,"718372",,"DODGE","CARAVAN","IL","2015","UNKNOWN","PASSENGER","PERSONAL","E","PASSING/OVERTAKING",,,"1",,,,,"true","true","true","true","true",,,,,,,,,"SIDE-RIGHT",,,,,,,,,,,,,,,,,,,,,,,,,,,,,,,,,
"755785","JC465064","2019-10-08T15:45:00","2","PARKED",,"717910",,"HYUNDAI","Accent","IL","2018","NONE","PASSENGER","NOT IN USE","N","PARKED",,,"0",,,,,,,,,,,,,,,"true",,,"TOTAL (ALL AREAS)",,,,,,,,,,,,,,,,,,,,,,,,,,,,,,,,,
"755777","JC464976","2019-10-08T15:45:00","1","DRIVER",,"717890",,"DODGE","JOURNEY",,"2015","UNKNOWN","SPORT UTILITY VEHICLE (SUV)","UNKNOWN/NA","E","STRAIGHT AHEAD",,,"1",,,,,,,"true","true",,,,,,,,,,"SIDE-RIGHT",,,,,,,,,,,,,,,,,,,,,,,,,,,,,,,,,
"755778","JC464976","2019-10-08T15:45:00","2","DRIVER",,"717899",,"BUICK","ENCLAVE","IL","2015","NONE","SPORT UTILITY VEHICLE (SUV)","UNKNOWN/NA","N","TURNING LEFT",,,"1",,,,,,,,,,,,,,,,,,"OTHER",,,,,,,,,,,,,,,,,,,,,,,,,,,,,,,,,
"755844","JC465130","2019-10-08T15:40:00","1","DRIVER","2","717951",,"KIA MOTORS CORP","UNKNOWN","IL","2016","UNKNOWN","UNKNOWN/NA","UNKNOWN/NA","NE","TURNING LEFT",,,"3",,,,,"false",,,,,,,,,,,,"true","OTHER",,,,,,,,,,,,,,,,,,,,,,,,,,,,,,,,,
"755741","JC464946","2019-10-08T15:39:00","2","PARKED",,"717858",,"TOYOTA MOTOR COMPANY, LTD.","Sienna (van)","IL","2013","OTHER","PASSENGER","PERSONAL","E","PARKED",,,"0",,,,,,,,,,,,,"true","true","true",,,"TOTAL (ALL AREAS)",,,,,,,,,,,,,,,,,,,,,,,,,,,,,,,,,
"755736","JC464940","2019-10-08T15:37:00","1","DRIVER",,"717845",,"KIA MOTORS CORP","UNKNOWN","IL","2018","UNKNOWN","SPORT UTILITY VEHICLE (SUV)","UNKNOWN/NA","W","STRAIGHT AHEAD",,,"1",,,,,"true",,,,,,,,,,"true","true",,"OTHER",,,,,,,,,,,,,,,,,,,,,,,,,,,,,,,,,
"755737","JC464940","2019-10-08T15:37:00","2","DRIVER","1","717867",,"JEEP","Liberty","IL","2006","NONE","SPORT UTILITY VEHICLE (SUV)","PERSONAL","W","STRAIGHT AHEAD",,,"2",,,,,,,,,,"true",,,,,,,,"REAR-LEFT",,,,,,,,,,,,,,,,,,,,,,,,,,,,,,,,,
"756163","JC465860","2019-10-08T15:30:00","1","DRIVER",,"718271",,"CHEVROLET","UNKNOWN","IL","2008","UNKNOWN","PASSENGER","UNKNOWN/NA","NE","BACKING",,,"1",,,,,,,,,"false","true",,,,,,,,"REAR-LEFT",,,,,,,,,,,,,,,,,,,,,,,,,,,,,,,,,
"756164","JC465860","2019-10-08T15:30:00","2","DRIVER",,"718278",,"BUICK","UNKNOWN","IL","2018","NONE","SPORT UTILITY VEHICLE (SUV)","PERSONAL","NW","SLOW/STOP IN TRAFFIC",,,"1",,,,,,,,,,,,,"true","true",,,,"UNDER CARRIAGE",,,,,,,,,,,,,,,,,,,,,,,,,,,,,,,,,
"755780","JC464974","2019-10-08T15:30:00","2","DRIVER",,"717896",,"HONDA","Pilot","IL","2010","UNKNOWN","SPORT UTILITY VEHICLE (SUV)","PERSONAL","N","STRAIGHT AHEAD",,,"1",,,,,,,,,,,,,,"true","true",,,"TOTAL (ALL AREAS)",,,,,,,,,,,,,,,,,,,,,,,,,,,,,,,,,
"755751","JC464978","2019-10-08T15:26:00","2","DRIVER",,"717866",,"TOYOTA MOTOR COMPANY, LTD.","COROLLA","IL","2013","NONE","PASSENGER","PERSONAL","E","TURNING RIGHT",,,"1",,,,,,,,,,,,,,,,"true",,"OTHER",,,,,,,,,,,,,,,,,,,,,,,,,,,,,,,,,
"755811","JC464982","2019-10-08T15:20:00","1","DRIVER",,"717972",,"CHRYSLER","200","IN","2016","UNKNOWN","PASSENGER","UNKNOWN/NA","S","STRAIGHT AHEAD","true",,"1",,"RITE HOOK (PRIVATE TOW)","PRIVATE TOW",,,,,,,,,,,,,"true",,"OTHER",,,,,,,,,,,,,,,,,,,,,,,,,,,,,,,,,
"755812","JC464982","2019-10-08T15:20:00","2","DRIVER","1","717953",,"HONDA","ACCORD","IL","2015","UNKNOWN","PASSENGER","PERSONAL","S","SLOW/STOP IN TRAFFIC",,,"2",,,,,,,,,,"true",,,,,,"true",,"REAR-LEFT",,,,,,,,,,,,,,,,,,,,,,,,,,,,,,,,,
"755822","JC464984","2019-10-08T15:15:00","2","DRIVER",,"717926",,"LINCOLN-CONTINENTAL","MKZ","IL","2017","UNKNOWN","PASSENGER","UNKNOWN/NA","NE","UNKNOWN/NA",,,"1",,,,,,,,,,,,,,,"true",,,"TOTAL (ALL AREAS)",,,,,,,,,,,,,,,,,,,,,,,,,,,,,,,,,
"755838","JC465124","2019-10-08T15:10:00","1","DRIVER",,"717939",,"FORD","FIESTA","IL","2015","UNKNOWN","PASSENGER","UNKNOWN/NA","N","STRAIGHT AHEAD",,,"1",,,,,,,,,,,,,,,,"true",,"OTHER",,,,,,,,,,,,,,,,,,,,,,,,,,,,,,,,,
"755839","JC465124","2019-10-08T15:10:00","2","DRIVER",,"717945",,"LEXUS","UNKNOWN","IL","2018","UNKNOWN","SPORT UTILITY VEHICLE (SUV)","UNKNOWN/NA","N","SLOW/STOP IN TRAFFIC",,,"1",,,,,,,,,,"true",,,,,,,,"REAR-LEFT",,,,,,,,,,,,,,,,,,,,,,,,,,,,,,,,,
"755752","JC464920","2019-10-08T15:09:00","1","DRIVER",,"717870",,"HYUNDAI","ELANTRA","IL","2017","NONE","PASSENGER","RIDESHARE SERVICE","S","ENTERING TRAFFIC LANE FROM PARKING",,,"1",,,,,"true",,,,,,,,,"true","true","true",,"UNDER CARRIAGE",,,,,,,,,,,,,,,,,,,,,,,,,,,,,,,,,
"755753","JC464920","2019-10-08T15:09:00","2","DRIVER",,"717875",,"DODGE","JOURNEY","IL","2015","NONE","VAN/MINI-VAN","PERSONAL","S","STRAIGHT AHEAD",,,"1",,,,,"true","true",,,,,,,,,,"true",,"FRONT-RIGHT",,,,,,,,,,,,,,,,,,,,,,,,,,,,,,,,,