"crash_unit_id","rd_no","crash_date","unit_no","unit_type","num_passengers","vehicle_id","cmrc_veh_i","make","model","lic_plate_state","vehicle_year","vehicle_defect","vehicle_type","vehicle_use","travel_direction","maneuver","towed_i","fire_i","occupant_cnt","exceed_speed_limit_i","towed_by","towed_to","area_00_i","area_01_i","area_02_i","area_03_i","area_04_i","area_05_i","area_06_i","area_07_i","area_08_i","area_09_i","area_10_i","area_11_i","area_12_i","area_99_i","first_contact_point","cmv_id","usdot_no","ccmc_no","ilcc_no","commercial_src","gvwr","carrier_name","carrier_state","carrier_city","hazmat_placards_i","hazmat_name","un_no","hazmat_present_i","hazmat_report_i","hazmat_report_no","mcs_report_i","mcs_report_no","hazmat_vio_cause_crash_i","mcs_vio_cause_crash_i","idot_permit_no","wide_load_i","trailer1_width","trailer2_width","trailer1_length","trailer2_length","total_vehicle_length","axle_cnt","vehicle_config","cargo_body_type","load_type","hazmat_out_of_service_i","mcs_out_of_service_i","hazmat_class"
"755572","JC464571","2019-10-08T11:00:00","2","DRIVER","1","717700",,"TOYOTA MOTOR COMPANY, LTD.","RAV4 (sport utility)","IL","2019","NONE","SPORT UTILITY VEHICLE (SUV)","PERSONAL","W","SLOW/STOP IN TRAFFIC",,,"2",,,,,,,,,,"true",,,,,,,,"REAR-LEFT",,,,,,,,,,,,,,,,,,,,,,,,,,,,,,,,,
"755563","JC464534","2019-10-08T11:00:00","2","DRIVER",,"717696",,"NEW FLYER","NEW FLYER","IL","2017","UNKNOWN","BUS OVER 15 PASS.","CTA","S","STRAIGHT AHEAD",,,"1",,,,"true",,,,,,,,,,,"true",,,"TOTAL (ALL AREAS)",,,,,,,,,,,,,,,,,,,,,,,,,,,,,,,,,
"755893","JC464812","2019-10-08T10:50:00","1","DRIVER",,"718005",,"TOYOTA MOTOR COMPANY, LTD.","RAV4 (sport utility)","IL","2013","UNKNOWN","SPORT UTILITY VEHICLE (SUV)","UNKNOWN/NA","UNKNOWN","BACKING",,,"1",,,,,,,,,,,,,,,,,"true","REAR-LEFT",,,,,,,,,,,,,,,,,,,,,,,,,,,,,,,,,
"755894","JC464812","2019-10-08T10:50:00","2","DRIVER",,"718014",,"KIA MOTORS CORP","Optima","IL","2012","NONE","PASSENGER","PERSONAL","UNKNOWN","SLOW/STOP IN TRAFFIC",,,"1",,,,,,,,"true",,,,,,,,,,"REAR-RIGHT",,,,,,,,,,,,,,,,,,,,,,,,,,,,,,,,,
"756009","JC464529","2019-10-08T10:45:00","1","DRIVER",,"718122",,"JEEP","PATRIOT","IL","2011","UNKNOWN","PASSENGER","PERSONAL","S","STRAIGHT AHEAD",,,"1",,,,,,,,,,,,,,,,"true",,"OTHER",,,,,,,,,,,,,,,,,,,,,,,,,,,,,,,,,
"756010","JC464529","2019-10-08T10:45:00","2","DRIVER",,"718125",,"FORD","Focus","IL","2014","UNKNOWN","PASSENGER","PERSONAL","S","STRAIGHT AHEAD",,,"1",,,,,,,,,,"true",,,,,,,,"REAR-LEFT",,,,,,,,,,,,,,,,,,,,,,,,,,,,,,,,,
"756159","JC464558","2019-10-08T10:40:00","1","DRIVER",,"718277",,"CHRYSLER","200","IL","2015","NONE","PASSENGER","PERSONAL","W","STRAIGHT AHEAD","true",,"1",,"PRIVATE","UNKOWN",,,,,,,,,,,,,"true",,"OTHER",,,,,,,,,,,,,,,,,,,,,,,,,,,,,,,,,
"756160","JC464558","2019-10-08T10:40:00","2","DRIVER",,"718295",,"NISSAN","SENTRA (DATSUN AND NISSAN HAVE MERGED)","IL","2019","NONE","PASSENGER","PERSONAL","W","STRAIGHT AHEAD","true",,"1",,"PRIVATE","UNKNOWN",,,,,,,"true",,,,,,,,"REAR-LEFT",,,,,,,,,,,,,,,,,,,,,,,,,,,,,,,,,
"755583","JC464523","2019-10-08T10:38:00","1","DRIVER","1","717709",,"CHEVROLET","CRUZE","IL","2016","NONE","PASSENGER","PERSONAL","E","TURNING LEFT",,,"2",,,,,,,,,,,,,,,,"true",,"OTHER",,,,,,,,,,,,,,,,,,,,,,,,,,,,,,,,,
"755639","JC464715","2019-10-08T10:27:00","1","DRIVER",,"717754",,"JEEP","JEEP - YEAR GREATER 1988","WI","2017","UNKNOWN","UNKNOWN/NA","UNKNOWN/NA","W","ENTERING TRAFFIC LANE FROM PARKING",,,"1",,,,,,,,,,,,,,,"true",,,"TOTAL (ALL AREAS)",,,,,,,,,,,,,,,,,,,,,,,,,,,,,,,,,
"755640","JC464715","2019-10-08T10:27:00","2","DRIVER",,"717759",,"FORD","FORD","IL","2014","NONE","BUS UP TO 15 PASS.","OTHER","W","STRAIGHT AHEAD",,,"1",,,,,,,,"true",,,,,,,,,,"REAR-RIGHT",,,,,,,,,,,,,,,,,,,,,,,,,,,,,,,,,
"755526","JC464480","2019-10-08T10:25:00","1","DRIVER","1","717685",,"DODGE","CARAVAN","IL","2006","NONE","VAN/MINI-VAN","PERSONAL","E","STRAIGHT AHEAD","true",,"2",,"Streets and Sanitation","pound 2",,"true","true",,,,,,,,"true","true","true",,"OTHER",,,,,,,,,,,,,,,,,,,,,,,,,,,,,,,,,
"755528","JC464480","2019-10-08T10:25:00","3","PARKED",,"717697",,"JEEP","CHEROKEE","IL","2018","NONE","PASSENGER","NOT IN USE","E","PARKED",,,"0",,,,,,,,,,,"true","true","true","true","true",,,"SIDE-LEFT",,,,,,,,,,,,,,,,,,,,,,,,,,,,,,,,,
"755592","JC464559","2019-10-08T10:24:00","1","DRIVER",,"717722",,"HINO","HINO","IL","2014","UNKNOWN","OTHER","TOW TRUCK","N","STRAIGHT AHEAD",,,"1",,,,"true",,,,,,,,,,,,,,"TOTAL (ALL AREAS)",,,,,,,,,,,,,,,,,,,,,,,,,,,,,,,,,
"755593","JC464559","2019-10-08T10:24:00","2","DRIVER",,"717737",,"HYUNDAI","TUCSON","IL","2017","UNKNOWN","PASSENGER","PERSONAL","N","STRAIGHT AHEAD",,,"1",,,,,,,,,"true",,,,,,,,,"REAR",,,,,,,,,,,,,,,,,,,,,,,,,,,,,,,,,
"756791","JC466242","2019-10-08T10:20:00","1","DRIVER",,"718868",,"CHEVROLET","IMPALA","IL","2009","UNKNOWN","PASSENGER","UNKNOWN/NA","S","STRAIGHT AHEAD",,,"1",,,,,,,,,,,,,,,,,"true","REAR-LEFT",,,,,,,,,,,,,,,,,,,,,,,,,,,,,,,,,
"756792","JC466242","2019-10-08T10:20:00","2","PARKED",,"718864",,"HYUNDAI","SONATA","IL","2011","NONE","PASSENGER","NOT IN USE","S","PARKED",,,"0",,,,,,,,,,,,,,,,"true",,"OTHER",,,,,,,,,,,,,,,,,,,,,,,,,,,,,,,,,
"755573","JC464537","2019-10-08T10:19:00","1","DRIVER",,"717702",,"BANTAM CRANE","BANTAM CRANE","IL","2016","NONE","OTHER","OTHER","W","STRAIGHT AHEAD",,,"1",,,,,,,,,,,,,,,,,,"FRONT",,,,,,,,,,,,,,,,,,,,,,,,,,,,,,,,,
"755515","JC464484","2019-10-08T10:16:00","1","DRIVER",,"717664",,"HYUNDAI","TUCSON","IL","2012","UNKNOWN","UNKNOWN/NA","UNKNOWN/NA","E","UNKNOWN/NA",,,"1",,,,,"true",,,,,,,,,,,,,"FRONT",,,,,,,,,,,,,,,,,,,,,,,,,,,,,,,,,
"755516","JC464484","2019-10-08T10:16:00","2","DRIVER",,"717667",,"HYUNDAI","SONATA","IL","2018","UNKNOWN","UNKNOWN/NA","UNKNOWN/NA","E","STRAIGHT AHEAD",,,"1",,,,,,,,,,,"true","true","true",,,,,"SIDE-LEFT",,,,,,,,,,,,,,,,,,,,,,,,,,,,,,,,,
"755981","JC465448","2019-10-08T10:15:00","1","DRIVER","3","718093","true","TOYOTA MOTOR COMPANY, LTD.","CAMRY","IL","2012","NONE","PASSENGER","OTHER","N","STRAIGHT AHEAD",,,"4",,,,,"true","true",,,,,,,,,,,,"FRONT","8368",,,,,,"EFFICIENT TRANSPORTATION INC","IL","NEPERVILLE",,,,,,,,,,,,,,,,,,,,,,,,
"755517","JC464481","2019-10-08T10:11:00","1","DRIVER",,"717668",,"AUTOCAR","AUTOCAR","IL","2009","NONE","OTHER","OTHER","N","STRAIGHT AHEAD",,,"1",,,,"true",,,,,,,,,,,,,,"NONE",,,,,,,,,,,,,,,,,,,,,,,,,,,,,,,,,
"755518","JC464481","2019-10-08T10:11:00","2","PARKED",,"717673",,"QUALITY TRAILER","QUALITY TRAILER","IL","2018","NONE","OTHER","PERSONAL","N","PARKED",,,"0",,,,,,,,,,,,,,,,,,,,,,,,,,,,,,,,,,,,,,,,,,,,,,,,,,,
"755628","JC464676","2019-10-08T10:10:00","1","DRIVER",,"717746",,"DODGE","GRAND CARAVAN","IL","2014","NONE","VAN/MINI-VAN","PERSONAL","W","OTHER",,,"1",,,,,"true",,,,,,,,,,,"true",,"FRONT",,,,,,,,,,,,,,,,,,,,,,,,,,,,,,,,,
"755675","JC464479","2019-10-08T10:05:00","1","PARKED",,"717798",,"MERCEDES-BENZ","GLK350","IL","2013","NONE","SPORT UTILITY VEHICLE (SUV)","PERSONAL","W","PARKED",,,"0",,,,,,,,,,,,,,,"true","true",,"TOTAL (ALL AREAS)",,,,,,,,,,,,,,,,,,,,,,,,,,,,,,,,,
"755688","JC464467","2019-10-08T10:05:00","1","DRIVER",,"717808",,"CHEVROLET","EQUINOX","IL","2011","NONE","PASSENGER","PERSONAL","S","STRAIGHT AHEAD","true",,"1",,"UNK","UNK",,,,,,,,,,,,,"true",,"OTHER",,,,,,,,,,,,,,,,,,,,,,,,,,,,,,,,,
"755689","JC464467","2019-10-08T10:05:00","2","PARKED",,"717810",,"FREIGHTLINER CORP.","UNKNOWN","IL","2014","NONE","OTHER","COMMERCIAL - SINGLE UNIT","S","PARKED",,,"0",,,,,,,,,,"true",,,,,,,,"REAR-LEFT",,,,,,,,,,,,,,,,,,,,,,,,,,,,,,,,,
"756692","JC466772","2019-10-08T10:00:00","2","DRIVER",,"718774",,"CHEVROLET","EQUINOX","IL","2010","UNKNOWN","SPORT UTILITY VEHICLE (SUV)","PERSONAL","W","STRAIGHT AHEAD",,,"1",,,,,,,,"true","true",,,,,,,,,"REAR-RIGHT",,,,,,,,,,,,,,,,,,,,,,,,,,,,,,,,,
"755550","JC464505","2019-10-08T10:00:00","1","DRIVER",,"717712","true","INTERNATIONAL COACH MFG.","UNKNOWN","IL","2019","UNKNOWN","TRACTOR W/ SEMI-TRAILER","COMMERCIAL - MULTI-UNIT","UNKNOWN","UNKNOWN/NA",,,"1",,,,,,,,,,,"true",,,,,,,"SIDE-LEFT","8362","2271487","775710",,"SIDE OF TRUCK",,"JOSEPH MCMAHON DAIRY SERVICE, INC","IL","OAK BROOK",,,,"N","N",,"N",,"N","U",,,,,,,,,"TRACTOR/SEMI-TRAILER","VAN/ENCLOSED BOX","UNKNOWN","false","false",
"755551","JC464505","2019-10-08T10:00:00","2","PARKED",,"717717",,"HONDA","CIVIC","IL","2006","UNKNOWN","PASSENGER","PERSONAL","UNKNOWN","PARKED",,,"0",,,,,,,,,,,"true","false","false",,,,,"SIDE-LEFT",,,,,,,,,,,,,,,,,,,,,,,,,,,,,,,,,
"755501","JC464446","2019-10-08T10:00:00","1","DRIVER",,"717649",,"MINI","COOPER","IL","2015","UNKNOWN","PASSENGER","UNKNOWN/NA","N","STRAIGHT AHEAD",,,"1",,,,,,,,,,,,,,,"true",,,"UNDER CARRIAGE",,,,,,,,,,,,,,,,,,,,,,,,,,,,,,,,,
"755502","JC464446","2019-10-08T10:00:00","2","DRIVER",,"717657",,"TOYOTA MOTOR COMPANY, LTD.","COROLLA","IL","2014","UNKNOWN","PASSENGER","PERSONAL","N","STRAIGHT AHEAD",,,"1",,,,,,,,,,,"true",,,,,,,"SIDE-LEFT",,,,,,,,,,,,,,,,,,,,,,,,,,,,,,,,,
"755553","JC464518","2019-10-08T09:53:00","2","DRIVER",,"717682",,"CHEVROLET","Aveo","IL","2011","NONE","PASSENGER","PERSONAL","N","SLOW/STOP IN TRAFFIC",,,"1",,,,,,,,,,"true",,,,,,,,"REAR-LEFT",,,,,,,,,,,,,,,,,,,,,,,,,,,,,,,,,
"755506","JC464443","2019-10-08T09:51:00","2","DRIVER",,"717659",,"TOYOTA MOTOR COMPANY, LTD.","CAMRY","IL","2019","NONE","PASSENGER","PERSONAL","E","STRAIGHT AHEAD",,,"1",,,,,"true","true","true",,,,,,,,,,,"FRONT",,,,,,,,,,,,,,,,,,,,,,,,,,,,,,,,,
"756064","JC465633","2019-10-08T09:45:00","2","DRIVER",,"718183",,"LINCOLN-CONTINENTAL","UNKNOWN","IL","2011","NONE","PASSENGER","PERSONAL","W","STRAIGHT AHEAD",,,"1",,,,,,,,,,,,,,,,"true",,"OTHER",,,,,,,,,,,,,,,,,,,,,,,,,,,,,,,,,
"755498","JC464442","2019-10-08T09:40:00","1","DRIVER",,"717646",,"MERCEDES-BENZ","C300","OH","2013","NONE","PASSENGER","PERSONAL","W","SKIDDING/CONTROL LOSS","true",,"1",,"city of chicago","400 east lwr wacker",,"true","true",,,,,,"true",,,,,,"FRONT",,,,,,,,,,,,,,,,,,,,,,,,,,,,,,,,,
"755499","JC464442","2019-10-08T09:40:00","2","DRIVER",,"717651",,"FORD","FORD","IL","2017","NONE","VAN/MINI-VAN","PERSONAL","W","SLOW/STOP IN TRAFFIC",,,"1",,,,,,,,,"true","true","true",,,,,,,"REAR-LEFT",,,,,,,,,,,,,,,,,,,,,,,,,,,,,,,,,
"756043","JC464451","2019-10-08T09:30:00","1","DRIVER",,"718168",,"LEXUS","ES250","IL","2012","NONE","PASSENGER","PERSONAL","N","STRAIGHT AHEAD",,,"1",,,,,"true",,,,,,,,,,"true","true",,"OTHER",,,,,,,,,,,,,,,,,,,,,,,,,,,,,,,,,
"756044","JC464451","2019-10-08T09:30:00","2","DRIVER",,"718182",,"FORD","ESCAPE (SUV)","IL","2008","NONE","PASSENGER","PERSONAL","N","SLOW/STOP IN TRAFFIC",,,"1",,,,,,,,,,,,,,,,"true",,"REAR-LEFT",,,,,,,,,,,,,,,,,,,,,,,,,,,,,,,,,
"755568","JC464452","2019-10-08T09:26:00","1","DRIVER",,"717704",,"TOYOTA MOTOR COMPANY, LTD.","Prius","IL","2012","UNKNOWN","UNKNOWN/NA","UNKNOWN/NA","S","TURNING LEFT",,,"1",,,,,,,,,,,,,,,"true",,,"TOTAL (ALL AREAS)",,,,,,,,,,,,,,,,,,,,,,,,,,,,,,,,,
"756015","JC464409","2019-10-08T09:16:00","1","DRIVER",,"718129",,"TOYOTA MOTOR COMPANY, LTD.","COROLLA","IL","2006","NONE","PASSENGER","PERSONAL","S","STRAIGHT AHEAD",,,"1",,,,,,,,,,,,,,,"true",,,"TOTAL (ALL AREAS)",,,,,,,,,,,,,,,,,,,,,,,,,,,,,,,,,
"756016","JC464409","2019-10-08T09:16:00","2","DRIVER",,"718131",,"HYUNDAI","ELANTRA","IL","2013","NONE","PASSENGER","PERSONAL","W","STRAIGHT AHEAD",,,"1",,,,,"true",,,,,,,,,,,,,"FRONT",,,,,,,,,,,,,,,,,,,,,,,,,,,,,,,,,
"755512","JC464445","2019-10-08T09:12:00","1","DRIVER",,"717660",,"FORD","Explorer","IL","2017","NONE","PASSENGER","POLICE","S","TURNING RIGHT",,,"1",,,,,,,"true","true",,,,,,,,,,"SIDE-RIGHT",,,,,,,,,,,,,,,,,,,,,,,,,,,,,,,,,
"755487","JC464411","2019-10-08T09:12:00","2","DRIVER","1","717653",,"NISSAN","SENTRA (DATSUN AND NISSAN HAVE MERGED)","IL","2016","NONE","PASSENGER","OTHER","E","STRAIGHT AHEAD",,,"2",,,,,,,,"false","true",,,,,,,,,"REAR-RIGHT",,,,,,,,,,,,,,,,,,,,,,,,,,,,,,,,,
"755542","JC464404","2019-10-08T09:06:00","1","DRIVER",,"717694",,"TOYOTA MOTOR COMPANY, LTD.","CAMRY","IL","2013","NONE","PASSENGER","TAXI/FOR HIRE","NE","TURNING RIGHT",,,"1",,,,,,,,,"true","true","true",,,,,,,"REAR",,,,,,,,,,,,,,,,,,,,,,,,,,,,,,,,,
"755543","JC464404","2019-10-08T09:06:00","2","DRIVER","1","718200",,"NEW FLYER","NEW FLYER","IL","2012","NONE","BUS OVER 15 PASS.","CTA","N","STRAIGHT AHEAD",,,"2",,,,,,,,,,,,,,,"true",,,"TOTAL (ALL AREAS)",,,,,,,,,,,,,,,,,,,,,,,,,,,,,,,,,
"755521","JC464388","2019-10-08T09:05:00","1","DRIVER",,"717670",,"BMW","X3","IL","2017","NONE","SPORT UTILITY VEHICLE (SUV)","PERSONAL","N","STRAIGHT AHEAD",,,"1",,,,,,,,,,,,,,,,"true",,"OTHER",,,,,,,,,,,,,,,,,,,,,,,,,,,,,,,,,
"755513","JC464462","2019-10-08T09:00:00","1","DRIVER",,"717674",,"HONDA","ACCORD","IL","2006","NONE","PASSENGER","PERSONAL","S","TURNING RIGHT",,,"1",,,,"true",,,,,,,,,,,,,,"OTHER",,,,,,,,,,,,,,,,,,,,,,,,,,,,,,,,,
"755492","JC464428","2019-10-08T09:00:00","2","DRIVER",,"717644",,"KIA MOTORS CORP","Optima","AR","2012","NONE","PASSENGER","PERSONAL","W","SLOW/STOP IN TRAFFIC",,,"1",,,,,,,,,"true","true","true",,,,,,,"REAR-LEFT",,,,,,,,,,,,,,,,,,,,,,,,,,,,,,,,,
"755503","JC464419","2019-10-08T09:00:00","1","DRIVER",,"717652",,"CHRYSLER","TOWN & COUNTRY","IL","2009","UNKNOWN","VAN/MINI-VAN","PERSONAL","S","STRAIGHT AHEAD",,,"1",,,,,"true",,,,,,,,,,,,,"FRONT",,,,,,,,,,,,,,,,,,,,,,,,,,,,,,,,,
"755504","JC464419","2019-10-08T09:00:00","2","PARKED",,"717658",,"PONTIAC","TORRENT","KY","2009","UNKNOWN","PASSENGER","NOT IN USE","S","PARKED","true",,"0",,"PRIVATE TOW","UNKNOWN",,,,,,,,"true",,,,,,,"SIDE-LEFT",,,,,,,,,,,,,,,,,,,,,,,,,,,,,,,,,
"755472","JC464395","2019-10-08T08:48:00","1","DRIVER",,"717616",,"LEXUS","GS350","IL","2009","UNKNOWN","PASSENGER","UNKNOWN/NA","S","SLOW/STOP IN TRAFFIC",,,"1",,,,,"true",,,,,,,,,,"true","true",,"OTHER",,,,,,,,,,,,,,,,,,,,,,,,,,,,,,,,,
"755473","JC464395","2019-10-08T08:48:00","2","DRIVER",,"717626",,"SUBARU","UNKNOWN","IL","2016","UNKNOWN","PASSENGER","UNKNOWN/NA","S","SLOW/STOP IN TRAFFIC",,,"1",,,,,,,,,"true","true","true",,,,,,,"REAR-LEFT",,,,,,,,,,,,,,,,,,,,,,,,,,,,,,,,,
"758264","JC469354","2019-10-08T08:45:00","1","DRIVER",,"720266",,"BUICK","LACROSSE","IL","2013","NONE","PASSENGER","PERSONAL","N","STRAIGHT AHEAD",,,"1",,,,,,"true",,,,,,,,,,,,"FRONT-RIGHT",,,,,,,,,,,,,,,,,,,,,,,,,,,,,,,,,
"755448","JC464382","2019-10-08T08:45:00","1","DRIVER",,"717610",,"SUZUKI","FORENZA/RENO","IL","2007","NONE","PASSENGER","PERSONAL","E","STRAIGHT AHEAD",,,"1",,,,,"true",,,,,,,,,,,,,"FRONT",,,,,,,,,,,,,,,,,,,,,,,,,,,,,,,,,
"755449","JC464382","2019-10-08T08:45:00","2","DRIVER",,"717602","false","MITSUBISHI","MITSUBISHI","IL","2017","NONE","TRUCK - SINGLE UNIT","OTHER","E","SLOW/STOP IN TRAFFIC",,,"1",,,,,,,,"false","true","false",,,,,,,,"REAR",,,,,,,,,,,,,,,,,,,,,,,,,,,,,,,,,
"755666","JC464773","2019-10-08T08:40:00","2","DRIVER",,"717780",,"GENERAL MOTORS CORP.","UNKNOWN","IL","2007","NONE","TRUCK - SINGLE UNIT","UNKNOWN/NA","W","STRAIGHT AHEAD",,,"1",,,,,,"true","false",,,,,,,,,,,"FRONT",,,,,,,,,,,,,,,,,,,,,,,,,,,,,,,,,
"755507","JC464434","2019-10-08T08:40:00","1","DRIVER",,"717655",,"DODGE","GRAND CARAVAN","IL","2013","UNKNOWN","PASSENGER","PERSONAL","E","STRAIGHT AHEAD",,,"1",,,,"true",,,,,,,,,,,,,,"OTHER",,,,,,,,,,,,,,,,,,,,,,,,,,,,,,,,,
"755508","JC464434","2019-10-08T08:40:00","2","DRIVER",,"717662",,"CHEVROLET","UNKNOWN","IL","2019","NONE","PASSENGER","PERSONAL","E","STRAIGHT AHEAD",,,"1",,,,"true",,,,,,,,,,,,,,"REAR-LEFT",,,,,,,,,,,,,,,,,,,,,,,,,,,,,,,,,
"755460","JC464374","2019-10-08T08:40:00","1","DRIVER","1","717609",,"UNKNOWN","UNKNOWN","IL","2017","UNKNOWN","BUS OVER 15 PASS.","SCHOOL BUS","W","TURNING RIGHT",,,"2",,,,,,"true","true","true",,,,,,,,,,"SIDE-RIGHT",,,,,,,,,,,,,,,,,,,,,,,,,,,,,,,,,
"755461","JC464374","2019-10-08T08:40:00","2","PARKED",,"717627",,"NISSAN","SENTRA (DATSUN AND NISSAN HAVE MERGED)","IL","2007","UNKNOWN","PASSENGER","NOT IN USE","UNKNOWN","PARKED",,,"0",,,,,,,,,,,"true","true","true","true",,,,"REAR",,,,,,,,,,,,,,,,,,,,,,,,,,,,,,,,,
"755619","JC464453","2019-10-08T08:39:00","1","DRIVER","1","717756",,"DODGE","JOURNEY","IL","2018","UNKNOWN","SPORT UTILITY VEHICLE (SUV)","PERSONAL","N","STRAIGHT AHEAD",,,"2",,,,,,,,,,,,,,,,"true",,"OTHER",,,,,,,,,,,,,,,,,,,,,,,,,,,,,,,,,
"755620","JC464453","2019-10-08T08:39:00","2","DRIVER","1","717763",,"FORD","UNKNOWN","IL","2013","UNKNOWN","PASSENGER","PERSONAL","E","STRAIGHT AHEAD","true",,"2",,"PRIVATE TOW","PRIVATE TOW INSURANCE",,"true","true","true","true","true",,,,,,,"true",,"SIDE-RIGHT",,,,,,,,,,,,,,,,,,,,,,,,,,,,,,,,,
"755621","JC464453","2019-10-08T08:39:00","3","DRIVER","1","717768","true","DODGE","UNKNOWN","IL","2014","UNKNOWN","VAN/MINI-VAN","COMMERCIAL - MULTI-UNIT","W","STRAIGHT AHEAD","true",,"2",,"CITY TOW","CITY TOW",,,,,,,"true",,,,,,"true",,"OTHER","8363",,,,"SIDE OF TRUCK",,,,,,,,,,,,,,,,,,,,,,,,,,,,
"755622","JC464453","2019-10-08T08:39:00","4","DRIVER",,"717773",,"TOYOTA MOTOR COMPANY, LTD.","UNKNOWN","IL","2019","UNKNOWN","SPORT UTILITY VEHICLE (SUV)","PERSONAL","W","STRAIGHT AHEAD",,,"1",,,,,,,,,,,,,,,,"true",,"OTHER",,,,,,,,,,,,,,,,,,,,,,,,,,,,,,,,,
"755648","JC464684","2019-10-08T08:30:00","2","PARKED",,"717779",,"TOYOTA MOTOR COMPANY, LTD.","UNKNOWN","IL","2013","NONE","PASSENGER","NOT IN USE","S","PARKED",,,"0",,,,,,,,,,,"true","true","true","true","true",,,"SIDE-LEFT",,,,,,,,,,,,,,,,,,,,,,,,,,,,,,,,,
"755462","JC464393","2019-10-08T08:30:00","1","DRIVER",,"717618",,"UNKNOWN","UNKNOWN","IL","2014","UNKNOWN","UNKNOWN/NA","UNKNOWN/NA","NW","ENTERING TRAFFIC LANE FROM PARKING",,,"1",,,,,,,,,,,,,,,"true",,,"TOTAL (ALL AREAS)",,,,,,,,,,,,,,,,,,,,,,,,,,,,,,,,,
"755463","JC464393","2019-10-08T08:30:00","2","DRIVER",,"717625",,"LINCOLN-CONTINENTAL","MKZ","IL","2014","UNKNOWN","PASSENGER","PERSONAL","N","STRAIGHT AHEAD",,,"1",,,,,,,,"true","true",,,,,,,,,"REAR",,,,,,,,,,,,,,,,,,,,,,,,,,,,,,,,,
"755468","JC464367","2019-10-08T08:30:00","1","DRIVER",,"717613",,"MERCEDES-BENZ","ML350","IL","2010","UNKNOWN","SPORT UTILITY VEHICLE (SUV)","PERSONAL","W","STRAIGHT AHEAD","true",,"1",,"PRIVATE",,,"true",,,,,,,,,,"true","true",,"FRONT",,,,,,,,,,,,,,,,,,,,,,,,,,,,,,,,,
"755469","JC464367","2019-10-08T08:30:00","2","DRIVER",,"717629",,"DODGE","GRAND CARAVAN","IL","2017","UNKNOWN","PASSENGER","PERSONAL","N","STRAIGHT AHEAD",,,"1",,,,,"true","true","true",,,,,,,,,,,"FRONT-RIGHT",,,,,,,,,,,,,,,,,,,,,,,,,,,,,,,,,
"755482","JC464346","2019-10-08T08:30:00","1","DRIVER",,"717630",,"NISSAN","Pathfinder","IL","2013","NONE","SPORT UTILITY VEHICLE (SUV)","PERSONAL","E","STRAIGHT AHEAD","true",,"1",,"d&g",,,,,,,,,,,,,"true","true",,"OTHER",,,,,,,,,,,,,,,,,,,,,,,,,,,,,,,,,
"755483","JC464346","2019-10-08T08:30:00","2","DRIVER",,"717637",,"CHRYSLER","TOWN & COUNTRY","IL","2015","NONE","VAN/MINI-VAN","PERSONAL","E","SLOW/STOP IN TRAFFIC",,,"1",,,,,,,,,,"true",,,,,,,,"REAR-LEFT",,,,,,,,,,,,,,,,,,,,,,,,,,,,,,,,,
"755446","JC464335","2019-10-08T08:30:00","1","DRIVER",,"717598",,"HYUNDAI","UNKNOWN","IL","2016","NONE","PASSENGER","PERSONAL","E","STARTING IN TRAFFIC",,,"1",,,,,,,,,,,,,,,"true",,,"TOTAL (ALL AREAS)",,,,,,,,,,,,,,,,,,,,,,,,,,,,,,,,,
"755447","JC464335","2019-10-08T08:30:00","2","DRIVER",,"717599",,"MERCEDES-BENZ","C63","WI","2006","NONE","PASSENGER","PERSONAL","SW","STRAIGHT AHEAD",,,"1",,,,,,,,,,,,,,,,"true",,"OTHER",,,,,,,,,,,,,,,,,,,,,,,,,,,,,,,,,
"755464","JC464403","2019-10-08T08:25:00","1","DRIVER",,"717611",,"FORD","ESCAPE (SUV)","IL","2010","UNKNOWN","PASSENGER","TAXI/FOR HIRE","E","CHANGING LANES",,,"1",,,,,,,,,,,,,,,"true",,,"TOTAL (ALL AREAS)",,,,,,,,,,,,,,,,,,,,,,,,,,,,,,,,,
"755465","JC464403","2019-10-08T08:25:00","2","DRIVER",,"717623",,"HONDA","ACCORD","IL","2014","UNKNOWN","PASSENGER","PERSONAL","E","MERGING",,,"1",,,,,,,,,,"true",,,,,,,,"REAR-LEFT",,,,,,,,,,,,,,,,,,,,,,,,,,,,,,,,,
"755429","JC464352","2019-10-08T08:24:00","1","DRIVER",,"717582",,"HONDA","CRV","IL","2006","UNKNOWN","SPORT UTILITY VEHICLE (SUV)","PERSONAL","E","CHANGING LANES",,,"1",,,,,"true",,,,,,,,,,,"true",,"FRONT",,,,,,,,,,,,,,,,,,,,,,,,,,,,,,,,,
"755430","JC464352","2019-10-08T08:24:00","2","DRIVER",,"717584",,"SUBARU","FORESTER","IL","2019","NONE","PASSENGER","OTHER","E","TURNING LEFT",,,"1",,,,,,,,,,,,"true","true","true",,,,"ROOF",,,,,,,,,,,,,,,,,,,,,,,,,,,,,,,,,
"755450","JC464353","2019-10-08T08:21:00","1","DRIVER",,"717600",,"HONDA","ACCORD","IL","2018","NONE","PASSENGER","PERSONAL","N","STRAIGHT AHEAD","true",,"1",,"owner","owner",,,,,,,,,,,,,"true",,"OTHER",,,,,,,,,,,,,,,,,,,,,,,,,,,,,,,,,
"755451","JC464353","2019-10-08T08:21:00","2","DRIVER",,"717604",,"FORD","Focus","IL","2008","UNKNOWN","PASSENGER","PERSONAL","E","STRAIGHT AHEAD","true",,"1",,"owner","owner",,"true","true",,,,,,,,,,,,"FRONT",,,,,,,,,,,,,,,,,,,,,,,,,,,,,,,,,