"crash_unit_id","rd_no","crash_date","unit_no","unit_type","num_passengers","vehicle_id","cmrc_veh_i","make","model","lic_plate_state","vehicle_year","vehicle_defect","vehicle_type","vehicle_use","travel_direction","maneuver","towed_i","fire_i","occupant_cnt","exceed_speed_limit_i","towed_by","towed_to","area_00_i","area_01_i","area_02_i","area_03_i","area_04_i","area_05_i","area_06_i","area_07_i","area_08_i","area_09_i","area_10_i","area_11_i","area_12_i","area_99_i","first_contact_point","cmv_id","usdot_no","ccmc_no","ilcc_no","commercial_src","gvwr","carrier_name","carrier_state","carrier_city","hazmat_placards_i","hazmat_name","un_no","hazmat_present_i","hazmat_report_i","hazmat_report_no","mcs_report_i","mcs_report_no","hazmat_vio_cause_crash_i","mcs_vio_cause_crash_i","idot_permit_no","wide_load_i","trailer1_width","trailer2_width","trailer1_length","trailer2_length","total_vehicle_length","axle_cnt","vehicle_config","cargo_body_type","load_type","hazmat_out_of_service_i","mcs_out_of_service_i","hazmat_class"
"756994","JC467373","2019-10-08T08:20:00","1","DRIVER",,"719065",,"FORD","Focus","IL","2014","NONE","PASSENGER","PERSONAL","S","CHANGING LANES",,,"1",,,,,"true","true",,,,,,,,,,,,"FRONT",,,,,,,,,,,,,,,,,,,,,,,,,,,,,,,,,
"756995","JC467373","2019-10-08T08:20:00","2","DRIVER",,"719060",,"TOYOTA MOTOR COMPANY, LTD.","CAMRY","IL","2007","NONE","PASSENGER","PERSONAL","S","STRAIGHT AHEAD",,,"1",,,,,,,,,,,,,,,"true",,,"TOTAL (ALL AREAS)",,,,,,,,,,,,,,,,,,,,,,,,,,,,,,,,,
"756209","JC465937","2019-10-08T08:20:00","1","DRIVER",,"718320",,"HYUNDAI","UNKNOWN","IL","2017","NONE","PASSENGER","UNKNOWN/NA","S","OTHER",,,"1",,,,,,"true","true","true",,,"false","false",,,,,,"REAR",,,,,,,,,,,,,,,,,,,,,,,,,,,,,,,,,
"756210","JC465937","2019-10-08T08:20:00","2","DRIVER",,"718326",,"FORD","FUSION","IL","2015","NONE","PASSENGER","PERSONAL","S","OTHER",,,"1",,,,,,,,,,,"true","true",,,,,,"SIDE-LEFT",,,,,,,,,,,,,,,,,,,,,,,,,,,,,,,,,
"755787","JC465046","2019-10-08T08:20:00","1","DRIVER",,"717901",,"KAWASAKI MOTORS CORP.","KAWASAKI MOTORS CORP.","IL","2019","NONE","MOTORCYCLE (OVER 150CC)","PERSONAL","N","STRAIGHT AHEAD",,,"1",,,,,,,,,,,,,,,,,,"NONE",,,,,,,,,,,,,,,,,,,,,,,,,,,,,,,,,
"755488","JC464334","2019-10-08T08:16:00","1","DRIVER","1","717639",,"FORD","CLUB WAGON E250","IL","2017","NONE","VAN/MINI-VAN","FIRE","N","BACKING",,,"2",,,,,,,,,,"true",,,,,,,,"REAR-LEFT",,,,,,,,,,,,,,,,,,,,,,,,,,,,,,,,,
"755584","JC464549","2019-10-08T08:15:00","1","DRIVER",,"717713",,"DODGE","CALIBER","IL","2008","NONE","PASSENGER","PERSONAL","NW","OTHER",,,"1",,,,,,,,,,,,,,,,"true",,"OTHER",,,,,,,,,,,,,,,,,,,,,,,,,,,,,,,,,
"755585","JC464549","2019-10-08T08:15:00","2","DRIVER",,"717716",,"HONDA","CIVIC","IL","2014","NONE","PASSENGER","PERSONAL","NW","OTHER",,,"1",,,,,,,,,,"true",,,,,,,,"REAR-LEFT",,,,,,,,,,,,,,,,,,,,,,,,,,,,,,,,,
"755456","JC464379","2019-10-08T08:15:00","1","DRIVER",,"717607",,"CADILLAC","STS","IL","2011","NONE","PASSENGER","PERSONAL","N","STRAIGHT AHEAD",,,"1",,,,,,"true",,,,,,,,,,,,"FRONT",,,,,,,,,,,,,,,,,,,,,,,,,,,,,,,,,
"755437","JC464357","2019-10-08T08:15:00","1","DRIVER",,"717596",,"CHEVROLET","IMPALA","IL","2008","UNKNOWN","PASSENGER","UNKNOWN/NA","N","STRAIGHT AHEAD",,,"1",,,,,,,,,,,,,,,,"true",,"OTHER",,,,,,,,,,,,,,,,,,,,,,,,,,,,,,,,,
"755438","JC464357","2019-10-08T08:15:00","2","DRIVER",,"717587",,"TOYOTA MOTOR COMPANY, LTD.","CAMRY","IL","2016","NONE","PASSENGER","PERSONAL","N","STRAIGHT AHEAD",,,"1",,,,,,,,,,"true",,,,,,,,"REAR-LEFT",,,,,,,,,,,,,,,,,,,,,,,,,,,,,,,,,
"755544","JC464351","2019-10-08T08:15:00","1","DRIVER",,"717678",,"OLDSMOBILE","Bravada","IL","2016","UNKNOWN","PASSENGER","PERSONAL","N","STRAIGHT AHEAD",,,"1",,,,,,,,,,,,,,,,"true",,"OTHER",,,,,,,,,,,,,,,,,,,,,,,,,,,,,,,,,
"755545","JC464351","2019-10-08T08:15:00","2","DRIVER",,"717683",,"HYUNDAI","ELANTRA","IL","2019","UNKNOWN","PASSENGER","PERSONAL","N","OTHER",,,"1",,,,,,,,,,"true",,,,,,,,"REAR-LEFT",,,,,,,,,,,,,,,,,,,,,,,,,,,,,,,,,
"755427","JC464331","2019-10-08T08:10:00","1","DRIVER","1","717577",,"TOYOTA MOTOR COMPANY, LTD.","CAMRY","IL","2014","UNKNOWN","PASSENGER","PERSONAL","W","STRAIGHT AHEAD",,,"2",,,,,,,,,,,,,,"true","true",,,"TOTAL (ALL AREAS)",,,,,,,,,,,,,,,,,,,,,,,,,,,,,,,,,
"755428","JC464331","2019-10-08T08:10:00","2","DRIVER",,"717583",,"DODGE","JOURNEY","IL","2018","UNKNOWN","PASSENGER","PERSONAL","W","UNKNOWN/NA",,,"1",,,,,,,"true","true",,,,,,,,,,"REAR-RIGHT",,,,,,,,,,,,,,,,,,,,,,,,,,,,,,,,,
"755433","JC464356","2019-10-08T08:08:00","1","DRIVER",,"717586",,"SCION","TC","IL","2007","NONE","PASSENGER","PERSONAL","S","STRAIGHT AHEAD",,,"1",,,,,"true",,,,,,,,,,,,,"FRONT",,,,,,,,,,,,,,,,,,,,,,,,,,,,,,,,,
"755434","JC464356","2019-10-08T08:08:00","2","DRIVER",,"717594",,"HYUNDAI","ELANTRA","IL","2009","NONE","PASSENGER","PERSONAL","E","AVOIDING VEHICLES/OBJECTS",,,"1",,,,,,,,,,,,,,,"true",,,"TOTAL (ALL AREAS)",,,,,,,,,,,,,,,,,,,,,,,,,,,,,,,,,
"755442","JC464330","2019-10-08T08:05:00","2","DRIVER",,"717595","true","FREIGHTLINER CORP.","FREIGHTLINER CORP.","IL","2016","NONE","TRACTOR W/ SEMI-TRAILER","COMMERCIAL - SINGLE UNIT","S","TURNING RIGHT",,,"1",,,,,,,,,,,,,,,"true",,,"UNDER CARRIAGE","8360",,,,"LOG BOOK","3","HARRIS TRUCKING COMPANY","IL","MAHOMET",,,,"N","N",,"N",,"N","N","2842292",,,,,,,,"TRACTOR/SEMI-TRAILER","VAN/ENCLOSED BOX","OTHER","false","false",
"755541","JC464490","2019-10-08T08:00:00","2","DRIVER",,"717684",,"KIA MOTORS CORP","Sedona","IL","2007","NONE","PASSENGER","PERSONAL","W","TURNING LEFT",,,"1",,,,,,,,"true","true",,,,,,,,,"REAR-RIGHT",,,,,,,,,,,,,,,,,,,,,,,,,,,,,,,,,
"755444","JC464354","2019-10-08T08:00:00","1","DRIVER",,"717593",,"FREIGHTLINER CORP.","FREIGHTLINER CORP.","IN","2018","UNKNOWN","TRUCK - SINGLE UNIT","OTHER","W","STRAIGHT AHEAD",,,"1",,,,,,,,,,,,,,,,,,,,,,,,,,,,,,,,,,,,,,,,,,,,,,,,,,,
"755440","JC464317","2019-10-08T07:55:00","2","DRIVER",,"717597",,"DODGE","CHALLENGER","IL","2016","UNKNOWN","PASSENGER","PERSONAL","N","STRAIGHT AHEAD",,,"1",,,,,,,,,"true",,,,,,,,,"REAR",,,,,,,,,,,,,,,,,,,,,,,,,,,,,,,,,
"755421","JC464327","2019-10-08T07:50:00","1","DRIVER","1","717572",,"CHEVROLET","CHEVROLET-TRUCK,VAN,SUV,ETC","IL","2007","NONE","VAN/MINI-VAN","UNKNOWN/NA","S","STRAIGHT AHEAD",,,"2",,,,,,,,,,,,,,,,,"true","UNKNOWN",,,,,,,,,,,,,,,,,,,,,,,,,,,,,,,,,
"755422","JC464327","2019-10-08T07:50:00","2","PARKED",,"717579",,"TOYOTA MOTOR COMPANY, LTD.","COROLLA","IL","2008","NONE","PASSENGER","PERSONAL","S","PARKED",,,"0",,,,,,,,,,,,,,,"true",,,"TOTAL (ALL AREAS)",,,,,,,,,,,,,,,,,,,,,,,,,,,,,,,,,
"755431","JC464323","2019-10-08T07:50:00","1","DRIVER",,"717592","true","VOLVO","UNKNOWN","IL","2006","UNKNOWN","SINGLE UNIT TRUCK WITH TRAILER","UNKNOWN/NA","E","STRAIGHT AHEAD",,,"1",,,,"false","true",,,,,,,,,,"false","false","false","FRONT","8361","1723942","851254","187177","LOG BOOK","3","MTZ TRUCKING SWEVICES INC","IL","CHICAGO",,,,"N","N",,"N",,"N","N","1723942",,,,,,,,"TRUCK/TRAILER",,"OTHER","false","false",
"755432","JC464323","2019-10-08T07:50:00","2","DRIVER","1","717617",,"FORD","EXPLORER","IL","2019","UNKNOWN","PASSENGER","PERSONAL","E","UNKNOWN/NA",,,"2",,,,,,,,,,"true","true",,,,,,,"SIDE-LEFT",,,,,,,,,,,,,,,,,,,,,,,,,,,,,,,,,
"755436","JC464358","2019-10-08T07:45:00","2","DRIVER",,"717588",,"BUICK","ENCLAVE","IL","2008","NONE","SPORT UTILITY VEHICLE (SUV)","PERSONAL","S","STRAIGHT AHEAD",,,"1",,,,,"true","true","true","true",,,,,,,,"false",,"SIDE-RIGHT",,,,,,,,,,,,,,,,,,,,,,,,,,,,,,,,,
"755423","JC464321","2019-10-08T07:45:00","1","DRIVER",,"717574",,"AUDI","A3","IL","2009","NONE","PASSENGER","PERSONAL","N","TURNING LEFT",,,"1",,,,,,,,,,,,"true","true",,,,,"FRONT-LEFT",,,,,,,,,,,,,,,,,,,,,,,,,,,,,,,,,
"755424","JC464321","2019-10-08T07:45:00","2","DRIVER",,"717581",,"KIA MOTORS CORP","Sedona","IL","2011","NONE","VAN/MINI-VAN","PERSONAL","N","STRAIGHT AHEAD",,,"1",,,,,"true",,,,,,,,,,"true","true",,"OTHER",,,,,,,,,,,,,,,,,,,,,,,,,,,,,,,,,
"755418","JC464315","2019-10-08T07:45:00","2","DRIVER","1","717567",,"INFINITI","G35","IL","2008","FUEL SYSTEM","OTHER VEHICLE WITH TRAILER","PERSONAL","W","STRAIGHT AHEAD",,,"2",,,,,,,,,"true",,,,,,,,,"REAR",,,,,,,,,,,,,,,,,,,,,,,,,,,,,,,,,
"755458","JC464400","2019-10-08T07:40:00","1","DRIVER",,"717606",,"NISSAN","NISSAN ALTIMA","IL","2016","NONE","PASSENGER","PERSONAL","N","STRAIGHT AHEAD",,,"1",,,,,"true",,,,,,,,,,,,,"FRONT",,,,,,,,,,,,,,,,,,,,,,,,,,,,,,,,,
"755459","JC464400","2019-10-08T07:40:00","2","DRIVER",,"717612",,"HONDA","ACCORD","IL","2008","NONE","PASSENGER","PERSONAL","N","LEAVING TRAFFIC LANE TO PARK",,,"1",,,,,,,,,,,,,"true","true",,,,"ROOF",,,,,,,,,,,,,,,,,,,,,,,,,,,,,,,,,
"755416","JC464308","2019-10-08T07:40:00","2","DRIVER",,"717573",,"BUICK","VERANO","IL","2013","NONE","PASSENGER","PERSONAL","S","STRAIGHT AHEAD",,,"1",,,,,"true",,,,,,,,,,,,,"FRONT",,,,,,,,,,,,,,,,,,,,,,,,,,,,,,,,,
"755493","JC464396","2019-10-08T07:35:00","1","DRIVER",,"717642",,"FORD","Explorer","IL","2016","NONE","PASSENGER","POLICE","S","STRAIGHT AHEAD",,,"1",,,,,,,"true",,,,,,,,,,,"SIDE-RIGHT",,,,,,,,,,,,,,,,,,,,,,,,,,,,,,,,,
"755846","JC465144","2019-10-08T07:30:00","1","DRIVER",,"717957",,"MACK TRUCKS, INC.","MACK TRUCKS, INC.","IL","2017","UNKNOWN","TRUCK - SINGLE UNIT","COMMERCIAL - SINGLE UNIT","E","SLOW/STOP IN TRAFFIC",,,"1",,,,,,,,,,,,,,,,"true",,"OTHER",,,,,,,,,,,,,,,,,,,,,,,,,,,,,,,,,
"755847","JC465144","2019-10-08T07:30:00","2","DRIVER",,"717969",,"DODGE","GRAND CARAVAN","IL","2016","NONE","PASSENGER","PERSONAL","E","SLOW/STOP IN TRAFFIC",,,"1",,,,,,,,,,"true",,,,,,,,"REAR-LEFT",,,,,,,,,,,,,,,,,,,,,,,,,,,,,,,,,
"755413","JC464299","2019-10-08T07:25:00","1","DRIVER",,"717564",,"FORD","FORD-TRUCK,VAN,SUV, ETC","IL","2017","NONE","VAN/MINI-VAN","PERSONAL","SW","TURNING LEFT",,,"1",,,,,"true",,,,,,,,,,,,,"FRONT",,,,,,,,,,,,,,,,,,,,,,,,,,,,,,,,,
"755414","JC464299","2019-10-08T07:25:00","2","DRIVER",,"717570",,"HONDA","CIVIC","IL","2019","NONE","PASSENGER","PERSONAL","S","STRAIGHT AHEAD","true",,"1",,"private","private",,,,,,,,,"true",,,,,,"FRONT-LEFT",,,,,,,,,,,,,,,,,,,,,,,,,,,,,,,,,
"755411","JC464296","2019-10-08T07:25:00","1","DRIVER",,"717558",,"KENWORTH MOTOR TRUCK CO.","KENWORTH MOTOR TRUCK CO.","IL","2006","NONE","OTHER","OTHER","S","STRAIGHT AHEAD",,,"1",,,,"true",,,,,,,,,,,,,,"SIDE-RIGHT",,,,,,,,,,,,,,,,,,,,,,,,,,,,,,,,,
"755412","JC464296","2019-10-08T07:25:00","2","DRIVER",,"717562",,"JEEP","CHEROKEE","IL","2019","NONE","PASSENGER","PERSONAL","S","STRAIGHT AHEAD",,,"1",,,,,,,,,,,,,,,"true",,,"TOTAL (ALL AREAS)",,,,,,,,,,,,,,,,,,,,,,,,,,,,,,,,,
"756795","JC467025","2019-10-08T07:15:00","1","DRIVER",,"718872",,"FORD","F150","IL","2017","UNKNOWN","PICKUP","PERSONAL","E","TURNING LEFT",,,"1",,,,,,,,,,,,,,,"true",,,"TOTAL (ALL AREAS)",,,,,,,,,,,,,,,,,,,,,,,,,,,,,,,,,
"756796","JC467025","2019-10-08T07:15:00","2","DRIVER",,"718867",,"VOLKSWAGEN","JETTA","IL","2011","NONE","PASSENGER","PERSONAL","S","STRAIGHT AHEAD",,,"1",,,,,"true",,,,,,,,,,,,,"FRONT",,,,,,,,,,,,,,,,,,,,,,,,,,,,,,,,,
"755797","JC465074","2019-10-08T07:15:00","2","DRIVER",,"717908",,"TOYOTA MOTOR COMPANY, LTD.","COROLLA","IL","2014","NONE","PASSENGER","PERSONAL","N","STRAIGHT AHEAD",,,"1",,,,,,,,,,,"true","true",,,,,,"FRONT-LEFT",,,,,,,,,,,,,,,,,,,,,,,,,,,,,,,,,
"756013","JC464415","2019-10-08T07:15:00","1","DRIVER",,"718128",,"HONDA","UNKNOWN","IL","2016","NONE","PASSENGER","PERSONAL","N","STRAIGHT AHEAD",,,"1",,,,,,,,,,,,,,,,"true",,"OTHER",,,,,,,,,,,,,,,,,,,,,,,,,,,,,,,,,
"756014","JC464415","2019-10-08T07:15:00","2","DRIVER","2","718130",,"BUICK","LACROSSE","IL","2010","NONE","PASSENGER","PERSONAL","N","STRAIGHT AHEAD",,,"3",,,,,,,,,,"true",,,,,,,,"REAR-LEFT",,,,,,,,,,,,,,,,,,,,,,,,,,,,,,,,,
"755615","JC464326","2019-10-08T07:15:00","1","DRIVER","4","717743",,"LINCOLN-CONTINENTAL","MKZ","IL","2016","NONE","PASSENGER","RIDESHARE SERVICE","S","MERGING","true",,"5",,"city of chicago","321 E. Lower Wacker Drive",,,,"true",,,,,,,,,"true",,"OTHER",,,,,,,,,,,,,,,,,,,,,,,,,,,,,,,,,
"755616","JC464326","2019-10-08T07:15:00","2","DRIVER",,"718115",,"LINCOLN-CONTINENTAL","MKX","NY","2010","NONE","SPORT UTILITY VEHICLE (SUV)","PERSONAL","S","STRAIGHT AHEAD",,,"1",,,,,,,,,,"true",,,,,,"true",,"REAR-LEFT",,,,,,,,,,,,,,,,,,,,,,,,,,,,,,,,,
"755617","JC464326","2019-10-08T07:15:00","3","DRIVER","3","718116",,"JEEP","PATRIOT","IL","2014","NONE","SPORT UTILITY VEHICLE (SUV)","PERSONAL","S","STRAIGHT AHEAD",,,"4",,,,,"true",,,,,"true",,,,,,,,"REAR-LEFT",,,,,,,,,,,,,,,,,,,,,,,,,,,,,,,,,
"755618","JC464326","2019-10-08T07:15:00","4","DRIVER",,"718120",,"TOYOTA MOTOR COMPANY, LTD.","Prius","IL","2013","NONE","PASSENGER","RIDESHARE SERVICE","S","STRAIGHT AHEAD",,,"2",,,,,,,,,,,,,"true",,,,,"ROOF",,,,,,,,,,,,,,,,,,,,,,,,,,,,,,,,,
"755489","JC464313","2019-10-08T07:07:00","1","DRIVER",,"717663",,"CHEVROLET","CRUZE","IL","2014","NONE","PASSENGER","PERSONAL","S","SLOW/STOP IN TRAFFIC",,,"1",,,,,,,,,,,,,,,,"true",,"OTHER",,,,,,,,,,,,,,,,,,,,,,,,,,,,,,,,,
"755490","JC464313","2019-10-08T07:07:00","2","DRIVER",,"717666",,"HONDA","CRV","IL","2009","NONE","PASSENGER","PERSONAL","S","SLOW/STOP IN TRAFFIC",,,"1",,,,,,,,,,"true",,,,,,,,"REAR-LEFT",,,,,,,,,,,,,,,,,,,,,,,,,,,,,,,,,
"755400","JC464291","2019-10-08T07:04:00","1","DRIVER",,"717552",,"DODGE","CARAVAN","IL","2017","NONE","VAN/MINI-VAN","OTHER","S","STRAIGHT AHEAD",,,"1",,,,,,,,,,,,,,,,"true",,"OTHER",,,,,,,,,,,,,,,,,,,,,,,,,,,,,,,,,
"755401","JC464291","2019-10-08T07:04:00","2","DRIVER",,"717553",,"TOYOTA MOTOR COMPANY, LTD.","CAMRY","IL","2008","NONE","PASSENGER","PERSONAL","S","SLOW/STOP IN TRAFFIC",,,"1",,,,,,,,,,"true",,,,,,,,"REAR-LEFT",,,,,,,,,,,,,,,,,,,,,,,,,,,,,,,,,
"756761","JC466981","2019-10-08T07:00:00","2","DRIVER",,"718839",,"CADILLAC","Escalade","IL","2019","NONE","PASSENGER","PERSONAL","E","SLOW/STOP IN TRAFFIC",,,"1",,,,,,,,,,"true",,,,,,"false",,"REAR-LEFT",,,,,,,,,,,,,,,,,,,,,,,,,,,,,,,,,
"755470","JC464376","2019-10-08T07:00:00","1","DRIVER",,"717614",,"JEEP","Wrangler (for vehicle years 1989 to present)","IL","2015","NONE","PASSENGER","PERSONAL","W","BACKING",,,"1",,,,"true",,,,,,,,,,,,,,"NONE",,,,,,,,,,,,,,,,,,,,,,,,,,,,,,,,,
"755471","JC464376","2019-10-08T07:00:00","2","DRIVER",,"717636",,"DODGE","DART","IL","2014","NONE","PASSENGER","PERSONAL","W","OTHER",,,"1",,,,,,,,,,,,,,,,"true",,"OTHER",,,,,,,,,,,,,,,,,,,,,,,,,,,,,,,,,
"756302","JC466120","2019-10-08T06:55:00","2","PARKED",,"718403",,"MAZDA","CX-7","IL","2015","NONE","SPORT UTILITY VEHICLE (SUV)","PERSONAL","W","PARKED",,,"0",,,,,,,,,,"true",,,,,,,,"REAR-LEFT",,,,,,,,,,,,,,,,,,,,,,,,,,,,,,,,,
"755402","JC464280","2019-10-08T06:55:00","1","DRIVER",,"717554",,"AUDI","A6","IL","2012","NONE","PASSENGER","PERSONAL","NW","TURNING LEFT",,,"1",,,,,,,"true",,,,,,,,,,,"SIDE-RIGHT",,,,,,,,,,,,,,,,,,,,,,,,,,,,,,,,,
"756772","JC466998","2019-10-08T06:50:00","1","DRIVER",,"718847",,"HONDA","ACCORD","IL","2015","UNKNOWN","PASSENGER","PERSONAL","N","TURNING RIGHT",,,"1",,,,,,,"true","true",,,,,,,,,,"REAR-RIGHT",,,,,,,,,,,,,,,,,,,,,,,,,,,,,,,,,
"756773","JC466998","2019-10-08T06:50:00","2","DRIVER",,"718851",,"KIA MOTORS CORP","Optima","IL","2014","UNKNOWN","PASSENGER","PERSONAL","N","TURNING RIGHT",,,"1",,,,,,,,,,,,,,,"true",,,"TOTAL (ALL AREAS)",,,,,,,,,,,,,,,,,,,,,,,,,,,,,,,,,
"755391","JC464272","2019-10-08T06:45:00","1","DRIVER",,"717551",,"KIA MOTORS CORP","FORTE","IL","2017","NONE","PASSENGER","PERSONAL","S","TURNING RIGHT",,,"1",,,,,,,,,,,,,,,"true","true",,"TOTAL (ALL AREAS)",,,,,,,,,,,,,,,,,,,,,,,,,,,,,,,,,
"755392","JC464272","2019-10-08T06:45:00","2","DRIVER",,"717545",,"HONDA","HONDA","IL","2016","NONE","PASSENGER","PERSONAL","N","STRAIGHT AHEAD",,,"1",,,,,,,,,,,,"true",,,,,,"FRONT-LEFT",,,,,,,,,,,,,,,,,,,,,,,,,,,,,,,,,
"755389","JC464273","2019-10-08T06:30:00","1","DRIVER","1","717541",,"TOYOTA MOTOR COMPANY, LTD.","UNKNOWN","IL","2015","UNKNOWN","PASSENGER","TAXI/FOR HIRE","S","SLOW/STOP IN TRAFFIC",,,"2",,,,,,,,,,,,,"true",,,,,"ROOF",,,,,,,,,,,,,,,,,,,,,,,,,,,,,,,,,
"755390","JC464273","2019-10-08T06:30:00","2","DRIVER",,"717542",,"ISUZU","UNKNOWN","IL","2015","UNKNOWN","TRUCK - SINGLE UNIT","COMMERCIAL - SINGLE UNIT","SE","STRAIGHT AHEAD",,,"1",,,,,,"true",,,,,,"false",,,,,,"SIDE-RIGHT",,,,,,,,,,,,,,,,,,,,,,,,,,,,,,,,,
"755404","JC464275","2019-10-08T06:22:00","1","DRIVER",,"717578",,"HYUNDAI","SONATA","IL","2013","NONE","PASSENGER","PERSONAL","E","CHANGING LANES",,,"1",,,,,,,,,,,"true",,,,,,,"SIDE-LEFT",,,,,,,,,,,,,,,,,,,,,,,,,,,,,,,,,
"755405","JC464275","2019-10-08T06:22:00","2","DRIVER",,"717619",,"BUICK","ENCLAVE","IL","2013","NONE","PASSENGER","PERSONAL","E","STRAIGHT AHEAD",,,"1",,,,,"true",,,,,,,,,,,,,"FRONT",,,,,,,,,,,,,,,,,,,,,,,,,,,,,,,,,
"755386","JC464257","2019-10-08T06:00:00","2","PARKED",,"717539",,"CHEVROLET","HHR","IL","2007","NONE","PASSENGER","NOT IN USE","N","PARKED",,,"0",,,,,,,,,,,,"true","true","true","true",,,"ROOF",,,,,,,,,,,,,,,,,,,,,,,,,,,,,,,,,
"755387","JC464252","2019-10-08T05:30:00","1","DRIVER",,"717538",,"FORD","F250","IL","2009","NONE","PICKUP","PERSONAL","W","STRAIGHT AHEAD",,,"1",,,,,"true",,,,,,,,,,"true","true",,"OTHER",,,,,,,,,,,,,,,,,,,,,,,,,,,,,,,,,
"755388","JC464252","2019-10-08T05:30:00","2","DRIVER","2","717540",,"TOYOTA MOTOR COMPANY, LTD.","Prius","IN","2013","NONE","PASSENGER","PERSONAL","N","STRAIGHT AHEAD","true",,"3",,"PRIVATE","UNKNOWN",,,,"true","true","true",,,"true",,,,,,"SIDE-RIGHT",,,,,,,,,,,,,,,,,,,,,,,,,,,,,,,,,
"755406","JC464293","2019-10-08T05:24:00","1","DRIVER",,"717556",,"HYUNDAI","ELANTRA","VA","2018","NONE","PASSENGER","OTHER","W","STRAIGHT AHEAD","true",,"2",,"STREETS AND SANITATION",,,"true","true",,,,,,,,"true","true","true",,"TOTAL (ALL AREAS)",,,,,,,,,,,,,,,,,,,,,,,,,,,,,,,,,
"755852","JC465023","2019-10-08T04:22:00","1","DRIVER",,"717968",,"SATURN","Vue","IL","2008","NONE","PASSENGER","PERSONAL","W","PASSING/OVERTAKING",,,"1",,,,,,,,,"true",,,,,,,,,"REAR-RIGHT",,,,,,,,,,,,,,,,,,,,,,,,,,,,,,,,,
"755509","JC464383","2019-10-08T04:00:00","4","PARKED",,"717656",,"TOYOTA MOTOR COMPANY, LTD.","COROLLA","IL","2007","UNKNOWN","PASSENGER","PERSONAL","S","PARKED",,,"0",,,,,,,,,,"true",,,,,,,,"REAR-LEFT",,,,,,,,,,,,,,,,,,,,,,,,,,,,,,,,,
"755377","JC464226","2019-10-08T03:00:00","3","PARKED",,"717529",,"BMW","UNKNOWN","IL","2007","UNKNOWN","PASSENGER","NOT IN USE","UNKNOWN","PARKED","true",,"0",,"PRIVATE TOW",,,"true",,,"true","true","true","true","true",,,"true","true",,"FRONT-LEFT",,,,,,,,,,,,,,,,,,,,,,,,,,,,,,,,,
"755378","JC464226","2019-10-08T03:00:00","4","PARKED",,"717530",,"ACURA","ACURA","IL","2015","UNKNOWN","PASSENGER","NOT IN USE","UNKNOWN","PARKED",,,"0",,,,,,,,,"true","true","true",,,,,,,"REAR-LEFT",,,,,,,,,,,,,,,,,,,,,,,,,,,,,,,,,
"755646","JC464737","2019-10-08T02:00:00","2","PARKED",,"717769",,"VOLKSWAGEN","PASSAT","IL","2013","NONE","PASSENGER","PERSONAL","N","PARKED",,,"0",,,,,"true","true",,"true","true",,,,,,,,,"SIDE-RIGHT",,,,,,,,,,,,,,,,,,,,,,,,,,,,,,,,,
"755884","JC465228","2019-10-08T01:00:00","2","PARKED",,"717995",,"ACURA","ACURA","IL","2007","NONE","PASSENGER","PERSONAL","N","PARKED",,,"0",,,,,,,,,,,"true","true","true","true",,,,"ROOF",,,,,,,,,,,,,,,,,,,,,,,,,,,,,,,,,
"755567","JC464552","2019-10-08T01:00:00","2","PARKED",,"718132",,"TOYOTA MOTOR COMPANY, LTD.","Avalon","IL","2006","UNKNOWN","PASSENGER","NOT IN USE","W","PARKED",,,"0",,,,,"true","true","true","true","true",,,,,,,,,"UNKNOWN",,,,,,,,,,,,,,,,,,,,,,,,,,,,,,,,,
"755511","JC464435","2019-10-08T00:30:00","2","PARKED",,"717661",,"NISSAN","NISSAN ALTIMA","IL","2011","UNKNOWN","PASSENGER","TAXI/FOR HIRE","W","PARKED",,,"0",,,,,,,,,,"true","true","true",,,,,"false","SIDE-LEFT",,,,,,,,,,,,,,,,,,,,,,,,,,,,,,,,,
"755371","JC464182","2019-10-07T23:50:00","1","DRIVER","1","717522",,"NISSAN","NISSAN ALTIMA",,"2012","NONE","PASSENGER","PERSONAL","N","STRAIGHT AHEAD","true",,"2",,"CPD","POUND 1",,"true","true","true",,,,,,"true","true","true","true",,"TOTAL (ALL AREAS)",,,,,,,,,,,,,,,,,,,,,,,,,,,,,,,,,
"755372","JC464182","2019-10-07T23:50:00","2","PARKED",,"717523",,"NISSAN","VERSA","IL","2018","NONE","PASSENGER","NOT IN USE","N","PARKED",,,"0",,,,,,"true","true",,,,,,,,,,,"SIDE-RIGHT",,,,,,,,,,,,,,,,,,,,,,,,,,,,,,,,,
"755373","JC464182","2019-10-07T23:50:00","3","DRIVER","1","717525",,"FORD","EXPLORER","IL","2015","NONE","SPORT UTILITY VEHICLE (SUV)","POLICE","N","SLOW/STOP IN TRAFFIC",,,"2",,,,,,,,,"true",,"true",,,,,,,"REAR",,,,,,,,,,,,,,,,,,,,,,,,,,,,,,,,,
"755374","JC464182","2019-10-07T23:50:00","4","PARKED",,"717526",,"CHEVROLET","MALIBU (CHEVELLE)","IL","2011","NONE","PASSENGER","NOT IN USE","N","PARKED",,,"0",,,,,,,,"true","true","true",,,,,,,,"REAR",,,,,,,,,,,,,,,,,,,,,,,,,,,,,,,,,