"crash_unit_id","rd_no","crash_date","unit_no","unit_type","num_passengers","vehicle_id","cmrc_veh_i","make","model","lic_plate_state","vehicle_year","vehicle_defect","vehicle_type","vehicle_use","travel_direction","maneuver","towed_i","fire_i","occupant_cnt","exceed_speed_limit_i","towed_by","towed_to","area_00_i","area_01_i","area_02_i","area_03_i","area_04_i","area_05_i","area_06_i","area_07_i","area_08_i","area_09_i","area_10_i","area_11_i","area_12_i","area_99_i","first_contact_point","cmv_id","usdot_no","ccmc_no","ilcc_no","commercial_src","gvwr","carrier_name","carrier_state","carrier_city","hazmat_placards_i","hazmat_name","un_no","hazmat_present_i","hazmat_report_i","hazmat_report_no","mcs_report_i","mcs_report_no","hazmat_vio_cause_crash_i","mcs_vio_cause_crash_i","idot_permit_no","wide_load_i","trailer1_width","trailer2_width","trailer1_length","trailer2_length","total_vehicle_length","axle_cnt","vehicle_config","cargo_body_type","load_type","hazmat_out_of_service_i","mcs_out_of_service_i","hazmat_class"
"755169","JC463726","2019-10-07T16:55:00","2","DRIVER",,"717334",,"CHEVROLET","IMPALA","IL","2016","UNKNOWN","PASSENGER","PERSONAL","S","STRAIGHT AHEAD",,,"1",,,,,,,,,,,"true",,,,,,,"SIDE-LEFT",,,,,,,,,,,,,,,,,,,,,,,,,,,,,,,,,
"755171","JC463764","2019-10-07T16:50:00","2","DRIVER",,"717349",,"JEEP","Grand Cherokee (for vehicle years 1989 to present)","IL","2012","NONE","PASSENGER","PERSONAL","E","STRAIGHT AHEAD",,,"1",,,,,,,,,,,"true",,,,,,,"SIDE-LEFT",,,,,,,,,,,,,,,,,,,,,,,,,,,,,,,,,
"755135","JC463708","2019-10-07T16:50:00","2","DRIVER",,"717286",,"GENERAL MOTORS CORP.","ACADIA","IL","2012","UNKNOWN","UNKNOWN/NA","UNKNOWN/NA","E","STRAIGHT AHEAD",,,"1",,,,,,"true","true","true",,,,,,,,,,"SIDE-RIGHT",,,,,,,,,,,,,,,,,,,,,,,,,,,,,,,,,
"756363","JC466233","2019-10-07T16:45:00","1","DRIVER",,"718463",,"INTERNATIONAL COACH MFG.","INTERNATIONAL COACH MFG.","IL","2006","UNKNOWN","BUS OVER 15 PASS.","SCHOOL BUS","W","STRAIGHT AHEAD",,,"1",,,,,"true",,,,,,,,,,,,,"FRONT",,,,,,,,,,,,,,,,,,,,,,,,,,,,,,,,,
"756364","JC466233","2019-10-07T16:45:00","2","PARKED","1","718467",,"NISSAN","Quest","IL","2006","NONE","PASSENGER","PERSONAL","W","PARKED",,,"1",,,,,,,,,,,,"true","true","true","true",,,"ROOF",,,,,,,,,,,,,,,,,,,,,,,,,,,,,,,,,
"755190","JC463685","2019-10-07T16:45:00","2","DRIVER","1","717347",,"PONTIAC","G6","IL","2008","UNKNOWN","PASSENGER","PERSONAL","S","TURNING LEFT",,,"2",,,,,,,,,"true","true","true",,,,,,,"UNKNOWN",,,,,,,,,,,,,,,,,,,,,,,,,,,,,,,,,
"755125","JC463659","2019-10-07T16:45:00","2","DRIVER",,"717292",,"NISSAN","NISSAN ALTIMA","IL","2017","NONE","PASSENGER","PERSONAL","S","STRAIGHT AHEAD",,,"1",,,,,,,,,"true","true","true",,,,,,,"REAR-LEFT",,,,,,,,,,,,,,,,,,,,,,,,,,,,,,,,,
"755331","JC463676","2019-10-07T16:42:00","1","DRIVER",,"717490",,"UNKNOWN","UNKNOWN","IL","2014","NONE","MOTORCYCLE (OVER 150CC)","PERSONAL","N","SKIDDING/CONTROL LOSS","true",,"1",,"TRUCK 8189","10300 S DOTY RD",,,,,,,,,,,,,,,"UNKNOWN",,,,,,,,,,,,,,,,,,,,,,,,,,,,,,,,,
"755690","JC464816","2019-10-07T16:34:00","1","DRIVER","1","717807",,"JEEP","PATRIOT","IL","2008","UNKNOWN","SPORT UTILITY VEHICLE (SUV)","UNKNOWN/NA","W","PASSING/OVERTAKING",,,"2",,,,,,,,,,,,,,,"true",,,"TOTAL (ALL AREAS)",,,,,,,,,,,,,,,,,,,,,,,,,,,,,,,,,
"755691","JC464816","2019-10-07T16:34:00","2","DRIVER",,"717809",,"TOYOTA MOTOR COMPANY, LTD.","RAV4 (sport utility)","IL","2015","UNKNOWN","SPORT UTILITY VEHICLE (SUV)","PERSONAL","S","SLOW/STOP IN TRAFFIC",,,"1",,,,,,,,,"true",,,,,,,,,"REAR",,,,,,,,,,,,,,,,,,,,,,,,,,,,,,,,,
"755152","JC463639","2019-10-07T16:33:00","1","DRIVER",,"717310",,"FORD","ESCAPE (SUV)","IL","2015","UNKNOWN","PASSENGER","PERSONAL","S","TURNING LEFT",,,"1",,,,,"true",,,,,,,,,,"false",,,"FRONT",,,,,,,,,,,,,,,,,,,,,,,,,,,,,,,,,
"755153","JC463639","2019-10-07T16:33:00","2","DRIVER","2","717321",,"TOYOTA MOTOR COMPANY, LTD.","CAMRY","IL","2009","UNKNOWN","PASSENGER","PERSONAL","N","STRAIGHT AHEAD",,,"3",,,,,,,,,,,,,,,"true",,,"TOTAL (ALL AREAS)",,,,,,,,,,,,,,,,,,,,,,,,,,,,,,,,,
"755607","JC464483","2019-10-07T16:30:00","2","DRIVER",,"717742",,"KIA MOTORS CORP","Sportage (sport utility)","IL","2015","NONE","PASSENGER","PERSONAL","S","STRAIGHT AHEAD",,,"1",,,,,,,,,,"true",,,,,,,,"REAR-LEFT",,,,,,,,,,,,,,,,,,,,,,,,,,,,,,,,,
"755199","JC463773","2019-10-07T16:30:00","1","DRIVER",,"717350",,"TOYOTA MOTOR COMPANY, LTD.","RAV4 (sport utility)","IL","2012","UNKNOWN","PASSENGER","PERSONAL","W","STRAIGHT AHEAD",,,"1",,,,,"true",,,,,,,,,,,,,"FRONT",,,,,,,,,,,,,,,,,,,,,,,,,,,,,,,,,
"755155","JC463634","2019-10-07T16:30:00","1","DRIVER",,"717398",,"HYUNDAI","SONATA","TN","2019","NONE","PASSENGER","PERSONAL","E","STRAIGHT AHEAD","true",,"3",,"e&r towing","10300 s doty",,,,,,,,"true","true","true","true","true",,,"ROOF",,,,,,,,,,,,,,,,,,,,,,,,,,,,,,,,,
"755126","JC463634","2019-10-07T16:30:00","2","DRIVER",,"717289",,"INFINITI","G35","IL","2006","UNKNOWN","PASSENGER","PERSONAL","S","TURNING RIGHT","true",,"1",,"bottom line towing","owners residence",,"true",,,,,,,,,,"true","true",,"OTHER",,,,,,,,,,,,,,,,,,,,,,,,,,,,,,,,,
"755098","JC463633","2019-10-07T16:30:00","2","DRIVER",,"717256",,"FORD","ESCAPE (SUV)","IL","2011","NONE","PASSENGER","TAXI/FOR HIRE","S","CHANGING LANES",,,"1",,,,,,,"true",,,,,,,,,,,"SIDE-RIGHT",,,,,,,,,,,,,,,,,,,,,,,,,,,,,,,,,
"755130","JC463617","2019-10-07T16:30:00","1","DRIVER","1","717290",,"TOYOTA MOTOR COMPANY, LTD.","CAMRY","IL","2017","NONE","PASSENGER","RIDESHARE SERVICE","E","STRAIGHT AHEAD",,,"2",,,,,,,,,,,,,,,"false","true",,"OTHER",,,,,,,,,,,,,,,,,,,,,,,,,,,,,,,,,
"755131","JC463617","2019-10-07T16:30:00","2","DRIVER",,"717307",,"CHEVROLET","TRAVERSE","IL","2016","NONE","SPORT UTILITY VEHICLE (SUV)","PERSONAL","E","STRAIGHT AHEAD",,,"1",,,,,,"true","true","true",,,,,,,,,,"SIDE-RIGHT",,,,,,,,,,,,,,,,,,,,,,,,,,,,,,,,,
"755105","JC463611","2019-10-07T16:30:00","1","DRIVER",,"717262",,"TOYOTA MOTOR COMPANY, LTD.","Prius","IL","2008","UNKNOWN","PASSENGER","PERSONAL","N","STRAIGHT AHEAD",,,"1",,,,,"true","true","true",,,,,,,,"false","true",,"FRONT",,,,,,,,,,,,,,,,,,,,,,,,,,,,,,,,,
"755106","JC463611","2019-10-07T16:30:00","2","DRIVER",,"717275",,"FORD","FIESTA","IL","2011","NONE","PASSENGER","PERSONAL","W","STRAIGHT AHEAD","true",,"1",,"PRIVATE",,,,,,,,,,,"true","true","true","true",,"TOTAL (ALL AREAS)",,,,,,,,,,,,,,,,,,,,,,,,,,,,,,,,,
"755119","JC463661","2019-10-07T16:25:00","2","DRIVER",,"717294",,"FORD","UNKNOWN","IL","2006","NONE","VAN/MINI-VAN","COMMERCIAL - SINGLE UNIT","SE","TURNING LEFT",,,"1",,,,,"true",,,,,,,,,,,,,"FRONT",,,,,,,,,,,,,,,,,,,,,,,,,,,,,,,,,
"755302","JC463968","2019-10-07T16:20:00","1","DRIVER",,"717459",,"TOYOTA MOTOR COMPANY, LTD.","UNKNOWN","IL","2013","UNKNOWN","SPORT UTILITY VEHICLE (SUV)","UNKNOWN/NA","UNKNOWN","UNKNOWN/NA",,,"1",,,,,,,,,,,,,,,,,"true","UNKNOWN",,,,,,,,,,,,,,,,,,,,,,,,,,,,,,,,,
"755303","JC463968","2019-10-07T16:20:00","2","DRIVER",,"717465",,"HYUNDAI","ELANTRA","IL","2010","NONE","PASSENGER","PERSONAL","S","TURNING LEFT",,,"1",,,,,,"true","true","true",,,,,,,,,,"SIDE-RIGHT",,,,,,,,,,,,,,,,,,,,,,,,,,,,,,,,,
"755137","JC463675","2019-10-07T16:20:00","2","DRIVER",,"717302",,"HONDA","CIVIC","IL","2008","UNKNOWN","PASSENGER","PERSONAL","E","SLOW/STOP IN TRAFFIC",,,"1",,,,,,,,,,"true",,,,,,,,"REAR-LEFT",,,,,,,,,,,,,,,,,,,,,,,,,,,,,,,,,
"755228","JC463630","2019-10-07T16:20:00","1","DRIVER",,"717391",,"FORD","TAURUS","IL","2008","NONE","PASSENGER","PERSONAL","W","PASSING/OVERTAKING",,,"1",,,,,,,,,,,,,,,"true",,,"TOTAL (ALL AREAS)",,,,,,,,,,,,,,,,,,,,,,,,,,,,,,,,,
"756264","JC466080","2019-10-07T16:15:00","1","DRIVER",,"718363",,"FORD","Focus","IL","2012","NONE","PASSENGER","PERSONAL","N","STRAIGHT AHEAD",,,"1",,,,,,,,,"true","true","true",,,,"true","true",,"TOTAL (ALL AREAS)",,,,,,,,,,,,,,,,,,,,,,,,,,,,,,,,,
"755061","JC463600","2019-10-07T16:15:00","2","DRIVER",,"717229",,"FORD","EDGE","IL","2014","UNKNOWN","UNKNOWN/NA","UNKNOWN/NA","W","SLOW/STOP IN TRAFFIC",,,"1",,,,,"true","true",,,,,,,,,,,,"FRONT",,,,,,,,,,,,,,,,,,,,,,,,,,,,,,,,,
"755085","JC463603","2019-10-07T16:12:00","1","DRIVER","1","717246",,"CHEVROLET","CRUZE","IL","2011","NONE","PASSENGER","PERSONAL","S","TURNING LEFT",,,"2",,,,,"true",,,,,,,,,,"true","true",,"TOTAL (ALL AREAS)",,,,,,,,,,,,,,,,,,,,,,,,,,,,,,,,,
"755086","JC463603","2019-10-07T16:12:00","2","DRIVER","1","717254",,"FORD","F150","IL","2010","NONE","PICKUP","PERSONAL","W","STRAIGHT AHEAD",,,"2",,,,,,,"true","true",,,,,,,,,,"SIDE-RIGHT",,,,,,,,,,,,,,,,,,,,,,,,,,,,,,,,,
"757107","JC467536","2019-10-07T16:10:00","1","DRIVER",,"719156",,"JEEP","CHEROKEE","IL","2017","UNKNOWN","UNKNOWN/NA","UNKNOWN/NA","E","STRAIGHT AHEAD",,,"1",,,,,,,,,,,,,,,,"true",,"OTHER",,,,,,,,,,,,,,,,,,,,,,,,,,,,,,,,,
"757108","JC467536","2019-10-07T16:10:00","2","DRIVER","1","719160",,"MAZDA","UNKNOWN",,"2018","NONE","PASSENGER","PERSONAL","W","TURNING LEFT",,,"2",,,,,,,"true","true","true",,,,,,,,,"SIDE-RIGHT",,,,,,,,,,,,,,,,,,,,,,,,,,,,,,,,,
"755160","JC463664","2019-10-07T16:10:00","1","PARKED","1","717318",,"CHEVROLET","Express (full-size van)","IL","2009","UNKNOWN","VAN/MINI-VAN","PERSONAL","S","PARKED",,,"1",,,,,,,"true",,,,,,,,,,,,,,,,,,,,,,,,,,,,,,,,,,,,,,,,,,,,
"755161","JC463664","2019-10-07T16:10:00","2","DRIVER",,"717331",,"CHEVROLET","IMPALA","IL","2011","OTHER","PASSENGER","PERSONAL","S","STRAIGHT AHEAD",,,"1",,,,,,,,,,,,,,,"true",,,"TOTAL (ALL AREAS)",,,,,,,,,,,,,,,,,,,,,,,,,,,,,,,,,
"755484","JC464429","2019-10-07T16:00:00","1","DRIVER",,"717633",,"CHEVROLET","TRAVERSE","IL","2006","UNKNOWN","SPORT UTILITY VEHICLE (SUV)","UNKNOWN/NA","N","CHANGING LANES",,,"1",,,,,,,,,,,,,,,,,"true","SIDE-RIGHT",,,,,,,,,,,,,,,,,,,,,,,,,,,,,,,,,
"755485","JC464429","2019-10-07T16:00:00","2","DRIVER",,"717638",,"FORD","ECONOLINE E250","IL","2011","NONE","VAN/MINI-VAN","OTHER","N","STRAIGHT AHEAD",,,"1",,,,,,,,,,,,,"true","true",,,,"ROOF",,,,,,,,,,,,,,,,,,,,,,,,,,,,,,,,,
"755113","JC463668","2019-10-07T16:00:00","2","DRIVER","1","717277",,"DODGE","DURANGO","IL","2011","NONE","SPORT UTILITY VEHICLE (SUV)","PERSONAL","W","STRAIGHT AHEAD",,,"2",,,,,,"true","true","true",,,,,,,,,,"SIDE-RIGHT",,,,,,,,,,,,,,,,,,,,,,,,,,,,,,,,,
"755093","JC463579","2019-10-07T15:52:00","1","DRIVER",,"717462","false","NEW FLYER","NEW FLYER","IL","2006","UNKNOWN","BUS OVER 15 PASS.","CTA","N","STRAIGHT AHEAD",,,"1",,,,,,,,,,,,,,,"true",,,"TOTAL (ALL AREAS)",,,,,,,,,,,,,,,,,,,,,,,,,,,,,,,,,
"755094","JC463579","2019-10-07T15:52:00","2","DRIVER",,"717257",,"CHEVROLET","TRAVERSE","IL","2017","UNKNOWN","PASSENGER","PERSONAL","N","STRAIGHT AHEAD",,,"1",,,,,"true",,,,,,,,,,,,,"FRONT",,,,,,,,,,,,,,,,,,,,,,,,,,,,,,,,,
"755178","JC463551","2019-10-07T15:49:00","1","DRIVER",,"717330",,"DODGE","RAM 2500 PU","IL","2014","NONE","PICKUP","PERSONAL","W","TURNING LEFT",,,"1",,,,,"true",,,,,,,,,,,"true",,"FRONT",,,,,,,,,,,,,,,,,,,,,,,,,,,,,,,,,
"755179","JC463551","2019-10-07T15:49:00","2","DRIVER",,"717333",,"FORD","Explorer","IL","2015","NONE","SPORT UTILITY VEHICLE (SUV)","PERSONAL","W","STRAIGHT AHEAD","true",,"1",,,,,"true",,,,"true",,"true","true",,,,,,"FRONT-LEFT",,,,,,,,,,,,,,,,,,,,,,,,,,,,,,,,,
"756579","JC466575","2019-10-07T15:45:00","2","DRIVER",,"718657",,"HYUNDAI","SONATA","IL","2006","NONE","PASSENGER","PERSONAL","S","STRAIGHT AHEAD",,,"1",,,,,,,,,"false","true","false",,,,,,,"REAR-LEFT",,,,,,,,,,,,,,,,,,,,,,,,,,,,,,,,,
"755095","JC463581","2019-10-07T15:45:00","1","DRIVER",,"717267",,"VOLKSWAGEN","UNKNOWN","IL","2012","UNKNOWN","PASSENGER","PERSONAL","W","STRAIGHT AHEAD",,,"1",,,,,,,,,,,,,,"false","true","true",,"TOTAL (ALL AREAS)",,,,,,,,,,,,,,,,,,,,,,,,,,,,,,,,,
"755554","JC464439","2019-10-07T15:40:00","1","DRIVER",,"717732",,"HYUNDAI","UNKNOWN","IL","2015","UNKNOWN","PASSENGER","UNKNOWN/NA","S","STRAIGHT AHEAD",,,"1",,,,,,,,,,,,,,,,,"true","UNKNOWN",,,,,,,,,,,,,,,,,,,,,,,,,,,,,,,,,
"755555","JC464439","2019-10-07T15:40:00","2","DRIVER",,"717710",,"DODGE","DART","IL","2014","UNKNOWN","PASSENGER","PERSONAL","NW","TURNING LEFT",,,"1",,,,,,,,"true","true",,,,,,,,,"REAR-RIGHT",,,,,,,,,,,,,,,,,,,,,,,,,,,,,,,,,
"755128","JC463687","2019-10-07T15:40:00","1","DRIVER",,"717287",,"VOLKSWAGEN","BEETLE (SUPER BEETLE OR BUG)","IL","2016","UNKNOWN","PASSENGER","UNKNOWN/NA","NW","BACKING",,,"1",,,,,,,,,,"true",,,,,,,,"REAR-LEFT",,,,,,,,,,,,,,,,,,,,,,,,,,,,,,,,,
"755129","JC463687","2019-10-07T15:40:00","2","DRIVER",,"717306",,"MAZDA","Tribute","IL","2017","NONE","SPORT UTILITY VEHICLE (SUV)","PERSONAL","SE","SLOW/STOP IN TRAFFIC",,,"1",,,,,,,,,,,,,,,,"true",,"OTHER",,,,,,,,,,,,,,,,,,,,,,,,,,,,,,,,,
"755140","JC463643","2019-10-07T15:40:00","1","DRIVER","1","717341",,"KIA MOTORS CORP","Optima","IL","2018","UNKNOWN","PASSENGER","PERSONAL","S","STRAIGHT AHEAD",,,"2",,,,,,,,,,,,,,,"true",,,"TOTAL (ALL AREAS)",,,,,,,,,,,,,,,,,,,,,,,,,,,,,,,,,
"755141","JC463643","2019-10-07T15:40:00","2","DRIVER",,"717362",,"HYUNDAI","ELANTRA","IL","2017","UNKNOWN","PASSENGER","UNKNOWN/NA","S","STRAIGHT AHEAD",,,"1",,,,,"true","true","true","true",,,,,,,,,,"SIDE-RIGHT",,,,,,,,,,,,,,,,,,,,,,,,,,,,,,,,,
"755069","JC463567","2019-10-07T15:40:00","2","PARKED",,"717228",,"HYUNDAI","SONATA","IL","2009","NONE","UNKNOWN/NA","PERSONAL","UNKNOWN","PARKED","true",,"0",,"private tow","private tow",,,,,,,,,,,,"true",,,"TOTAL (ALL AREAS)",,,,,,,,,,,,,,,,,,,,,,,,,,,,,,,,,
"755144","JC463709","2019-10-07T15:33:00","1","DRIVER",,"717314",,"KIA MOTORS CORP","UNKNOWN","IL","2016","NONE","SPORT UTILITY VEHICLE (SUV)","PERSONAL","NE","U-TURN",,,"1",,,,,,,,,,,"true","true",,,,,,"FRONT-LEFT",,,,,,,,,,,,,,,,,,,,,,,,,,,,,,,,,
"755145","JC463709","2019-10-07T15:33:00","2","DRIVER",,"717329",,"FORD","Explorer",,"2020","NONE","SPORT UTILITY VEHICLE (SUV)","PERSONAL","E","SLOW/STOP IN TRAFFIC",,,"1",,,,,,,,,,,,,,,,"true",,"OTHER",,,,,,,,,,,,,,,,,,,,,,,,,,,,,,,,,
"755049","JC463558","2019-10-07T15:33:00","2","DRIVER","1","717233","false","FORD","Explorer","IL","2018","NONE","PASSENGER","POLICE","S","STRAIGHT AHEAD",,,"2",,,,,"true",,,,,,,,,,,,,"FRONT",,,,,,,,,,,,,,,,,,,,,,,,,,,,,,,,,
"755336","JC464113","2019-10-07T15:30:00","1","DRIVER",,"717494",,"GENERAL MOTORS CORP.","ACADIA","IL","2012","NONE","SPORT UTILITY VEHICLE (SUV)","PERSONAL","E","TURNING RIGHT",,,"1",,,,,,,"true",,,,,,,,,,,"REAR-RIGHT",,,,,,,,,,,,,,,,,,,,,,,,,,,,,,,,,
"755337","JC464113","2019-10-07T15:30:00","2","DRIVER","2","717495",,"HYUNDAI","SONATA","IL","2015","NONE","PASSENGER","PERSONAL","E","STRAIGHT AHEAD",,,"3",,,,,,,,,,,,,,,"true",,,"TOTAL (ALL AREAS)",,,,,,,,,,,,,,,,,,,,,,,,,,,,,,,,,
"755281","JC463949","2019-10-07T15:30:00","2","PARKED",,"717432",,"NISSAN","SENTRA (DATSUN AND NISSAN HAVE MERGED)","IL","2015","NONE","PASSENGER","PERSONAL","E","PARKED",,,"0",,,,,,,,,,,"true",,,,,,,"SIDE-LEFT",,,,,,,,,,,,,,,,,,,,,,,,,,,,,,,,,
"755257","JC463912","2019-10-07T15:30:00","1","DRIVER",,"717413",,"DODGE","UNKNOWN","IL","2018","NONE","BUS UP TO 15 PASS.","COMMERCIAL - SINGLE UNIT","W","STRAIGHT AHEAD",,,"1",,,,,,"true",,,,,,,,,,,,"SIDE-RIGHT",,,,,,,,,,,,,,,,,,,,,,,,,,,,,,,,,
"755046","JC463573","2019-10-07T15:30:00","1","DRIVER","1","717207",,"HINO","HINO","IL","2007","UNKNOWN","SINGLE UNIT TRUCK WITH TRAILER","TOW TRUCK","E","STRAIGHT AHEAD",,,"2",,,,,,,,,,,,,,,,"true",,"OTHER",,,,,,,,,,,,,,,,,,,,,,,,,,,,,,,,,
"755047","JC463573","2019-10-07T15:30:00","2","DRIVER",,"717211",,"FORD","EXPLORER","IL","2014","UNKNOWN","SPORT UTILITY VEHICLE (SUV)","PERSONAL","E","TURNING LEFT",,,"1",,,,,,,,,,"true",,,,,,,,"REAR-LEFT",,,,,,,,,,,,,,,,,,,,,,,,,,,,,,,,,
"755073","JC463565","2019-10-07T15:29:00","1","DRIVER",,"717239",,"NISSAN","SENTRA (DATSUN AND NISSAN HAVE MERGED)","IL","2013","NONE","PASSENGER","PERSONAL","W","TURNING LEFT",,,"1",,,,,,,,,,,,,,"true","true","true",,"TOTAL (ALL AREAS)",,,,,,,,,,,,,,,,,,,,,,,,,,,,,,,,,
"755074","JC463565","2019-10-07T15:29:00","2","DRIVER",,"717250",,"HONDA","CIVIC","IL","2013","NONE","PASSENGER","PERSONAL","NW","TURNING LEFT",,,"1",,,,,,,,"true","true",,,,,,"true",,,"REAR-RIGHT",,,,,,,,,,,,,,,,,,,,,,,,,,,,,,,,,
"755075","JC463565","2019-10-07T15:29:00","3","DRIVER",,"717268",,"HONDA","Pilot","IL","2009","NONE","PASSENGER","PERSONAL","NW","TURNING LEFT",,,"1",,,,,"true","true","true",,,,,,,,,,,"SIDE-RIGHT",,,,,,,,,,,,,,,,,,,,,,,,,,,,,,,,,
"755042","JC463514","2019-10-07T15:27:00","1","DRIVER",,"717209",,"TOYOTA MOTOR COMPANY, LTD.","Highlander(beginning vehicle year 2001)","IN","2018","NONE","SPORT UTILITY VEHICLE (SUV)","PERSONAL","W","ENTERING TRAFFIC LANE FROM PARKING","true",,"1",,"PRIVATE TOW","UNKNOWN",,"true",,,,,,,,,,"true","true",,"TOTAL (ALL AREAS)",,,,,,,,,,,,,,,,,,,,,,,,,,,,,,,,,
"755043","JC463514","2019-10-07T15:27:00","2","DRIVER",,"717214",,"CHEVROLET","VOLT","IL","2019","NONE","PASSENGER","PERSONAL","W","STRAIGHT AHEAD",,,"1",,,,,"true",,,,,,,,,,,,,"FRONT",,,,,,,,,,,,,,,,,,,,,,,,,,,,,,,,,
"755089","JC463589","2019-10-07T15:25:00","1","DRIVER",,"717247",,"TOYOTA MOTOR COMPANY, LTD.","RAV4 (sport utility)","IL","2008","UNKNOWN","PASSENGER","PERSONAL","N","STRAIGHT AHEAD",,,"1",,,,,"true","true",,,,,,,,,,"true",,"FRONT",,,,,,,,,,,,,,,,,,,,,,,,,,,,,,,,,
"755090","JC463589","2019-10-07T15:25:00","2","DRIVER","4","717258",,"CHEVROLET","MALIBU (CHEVELLE)","IL","2006","UNKNOWN","PASSENGER","PERSONAL","W","STRAIGHT AHEAD",,,"5",,,,,,,,,"true","true","true",,,,,,,"SIDE-LEFT",,,,,,,,,,,,,,,,,,,,,,,,,,,,,,,,,
"755156","JC463524","2019-10-07T15:24:00","1","DRIVER",,"717312",,"CHEVROLET","TAHOE","IL","2007","NONE","SPORT UTILITY VEHICLE (SUV)","PERSONAL","S","STRAIGHT AHEAD",,,"1",,,,,,,,,,,,,,,,"false",,"OTHER",,,,,,,,,,,,,,,,,,,,,,,,,,,,,,,,,
"755045","JC463541","2019-10-07T15:21:00","2","PARKED",,"717208",,"VOLKSWAGEN","JETTA","IL","2017","NONE","PASSENGER","NOT IN USE","W","PARKED",,,"0",,,,,,,,,,,,,,,"true",,,"TOTAL (ALL AREAS)",,,,,,,,,,,,,,,,,,,,,,,,,,,,,,,,,
"755018","JC463517","2019-10-07T15:20:00","2","DRIVER",,"717184",,"JEEP","Grand Cherokee (for vehicle years 1989 to present)","IL","2017","NONE","SPORT UTILITY VEHICLE (SUV)","PERSONAL","N","SLOW/STOP IN TRAFFIC",,,"1",,,,,,,,,,,"true","false",,,,,,"SIDE-LEFT",,,,,,,,,,,,,,,,,,,,,,,,,,,,,,,,,
"755038","JC463510","2019-10-07T15:17:00","1","DRIVER","1","717219",,"DODGE","RAM 3500 PU","MI","2019","UNKNOWN","VAN/MINI-VAN","OTHER","S","TURNING LEFT",,,"2",,,,,,,,,,,,,"true",,,,,"ROOF",,,,,,,,,,,,,,,,,,,,,,,,,,,,,,,,,
"755039","JC463510","2019-10-07T15:17:00","2","PARKED",,"717210",,"BUICK","VERANO","IL","2014","NONE","PASSENGER","PERSONAL","W","PARKED",,,"0",,,,,,,,,,,,,,,"true",,,"TOTAL (ALL AREAS)",,,,,,,,,,,,,,,,,,,,,,,,,,,,,,,,,
"755059","JC463522","2019-10-07T15:16:00","2","DRIVER",,"717230",,"BMW","X5","IL","2016","NONE","SPORT UTILITY VEHICLE (SUV)","PERSONAL","W","STRAIGHT AHEAD",,,"1",,,,,,,,,,"true",,,,,,,,"REAR-LEFT",,,,,,,,,,,,,,,,,,,,,,,,,,,,,,,,,
"755036","JC463496","2019-10-07T15:16:00","1","DRIVER",,"717199",,"NISSAN","NISSAN ALTIMA","IL","2010","NONE","PASSENGER","PERSONAL","N","STRAIGHT AHEAD",,,"1",,,,,"true","true","true",,,,,,,,,,,"FRONT",,,,,,,,,,,,,,,,,,,,,,,,,,,,,,,,,
"755037","JC463496","2019-10-07T15:16:00","2","PARKED",,"717203",,"NISSAN","SENTRA (DATSUN AND NISSAN HAVE MERGED)","IL","2018","NONE","PASSENGER","NOT IN USE","N","PARKED",,,"0",,,,,,,,,,,,,,"true","true",,,"TOTAL (ALL AREAS)",,,,,,,,,,,,,,,,,,,,,,,,,,,,,,,,,
"755132","JC463698","2019-10-07T15:15:00","2","DRIVER","2","717303",,"BUICK","UNKNOWN","IL","2018","NONE","SPORT UTILITY VEHICLE (SUV)","PERSONAL","W","STRAIGHT AHEAD",,,"3",,,,"true","true","true",,"true","true","true",,"true",,,,,,"FRONT",,,,,,,,,,,,,,,,,,,,,,,,,,,,,,,,,
"755133","JC463698","2019-10-07T15:15:00","3","DRIVER",,"717283",,"HYUNDAI","ELANTRA","IL","2017","NONE","PASSENGER","PERSONAL","W","STRAIGHT AHEAD",,,"1",,,,,,,,,"true","true","true",,,,,,,"REAR-LEFT",,,,,,,,,,,,,,,,,,,,,,,,,,,,,,,,,
"755027","JC463508","2019-10-07T15:12:00","2","DRIVER",,"717197",,"FORD","EDGE","IL","2008","UNKNOWN","PASSENGER","PERSONAL","W","STRAIGHT AHEAD",,,"1",,,,,,,,,,,,,,,,"true",,"OTHER",,,,,,,,,,,,,,,,,,,,,,,,,,,,,,,,,
"755029","JC463527","2019-10-07T15:10:00","2","DRIVER","1","717206",,"TOYOTA MOTOR COMPANY, LTD.","RAV4 (sport utility)","IL","2013","NONE","PASSENGER","PERSONAL","E","PASSING/OVERTAKING",,,"2",,,,,,,,,,,,,,,"true",,,"TOTAL (ALL AREAS)",,,,,,,,,,,,,,,,,,,,,,,,,,,,,,,,,
"755009","JC463476","2019-10-07T15:10:00","2","DRIVER","1","717179",,"HONDA","CRV","IL","2007","NONE","PASSENGER","PERSONAL","W","STRAIGHT AHEAD",,,"2",,,,,,,,,,"true",,,,,,,,"REAR-LEFT",,,,,,,,,,,,,,,,,,,,,,,,,,,,,,,,,
"755010","JC463476","2019-10-07T15:10:00","3","DRIVER",,"717183",,"TOYOTA MOTOR COMPANY, LTD.","CAMRY","IL","2011","NONE","PASSENGER","PERSONAL","W","STRAIGHT AHEAD",,,"1",,,,,,,,,,,,,,,,"true",,"OTHER",,,,,,,,,,,,,,,,,,,,,,,,,,,,,,,,,