"crash_unit_id","rd_no","crash_date","unit_no","unit_type","num_passengers","vehicle_id","cmrc_veh_i","make","model","lic_plate_state","vehicle_year","vehicle_defect","vehicle_type","vehicle_use","travel_direction","maneuver","towed_i","fire_i","occupant_cnt","exceed_speed_limit_i","towed_by","towed_to","area_00_i","area_01_i","area_02_i","area_03_i","area_04_i","area_05_i","area_06_i","area_07_i","area_08_i","area_09_i","area_10_i","area_11_i","area_12_i","area_99_i","first_contact_point","cmv_id","usdot_no","ccmc_no","ilcc_no","commercial_src","gvwr","carrier_name","carrier_state","carrier_city","hazmat_placards_i","hazmat_name","un_no","hazmat_present_i","hazmat_report_i","hazmat_report_no","mcs_report_i","mcs_report_no","hazmat_vio_cause_crash_i","mcs_vio_cause_crash_i","idot_permit_no","wide_load_i","trailer1_width","trailer2_width","trailer1_length","trailer2_length","total_vehicle_length","axle_cnt","vehicle_config","cargo_body_type","load_type","hazmat_out_of_service_i","mcs_out_of_service_i","hazmat_class"
"754869","JC463182","2019-10-07T11:06:00","1","DRIVER",,"717054",,"HYUNDAI","Accent","IL","2009","NONE","PASSENGER","PERSONAL","E","STRAIGHT AHEAD","true",,"1",,"Geico","Geico Authorized Garage",,"true","true",,,,,,,,"true","true","true",,"OTHER",,,,,,,,,,,,,,,,,,,,,,,,,,,,,,,,,
"754870","JC463182","2019-10-07T11:06:00","2","DRIVER",,"717056",,"HONDA","HONDA","IL","2016","NONE","SPORT UTILITY VEHICLE (SUV)","PERSONAL","E","STRAIGHT AHEAD",,,"1",,,,,,,,,"true","true","true",,,,,,,"REAR-LEFT",,,,,,,,,,,,,,,,,,,,,,,,,,,,,,,,,
"754895","JC463129","2019-10-07T10:47:00","1","DRIVER",,"717071",,"GENERAL MOTORS CORP.","SIERRA","IL","2006","NONE","TRUCK - SINGLE UNIT","PERSONAL","N","STRAIGHT AHEAD",,,"1",,,,,"true",,,,,,,,,,"true","true",,"TOTAL (ALL AREAS)",,,,,,,,,,,,,,,,,,,,,,,,,,,,,,,,,
"754896","JC463129","2019-10-07T10:47:00","2","DRIVER","1","717073",,"GENERAL MOTORS CORP.","TERRAIN","IL","2016","NONE","PASSENGER","PERSONAL","E","STRAIGHT AHEAD","true",,"2",,"public tow","unk",,"true","true","true","true",,,,,"true",,,,,"SIDE-RIGHT",,,,,,,,,,,,,,,,,,,,,,,,,,,,,,,,,
"755254","JC463891","2019-10-07T10:45:00","1","DRIVER",,"717411",,"MERCEDES-BENZ","ML320 (sport utility)","IA","2007","UNKNOWN","SPORT UTILITY VEHICLE (SUV)","PERSONAL","N","LEAVING TRAFFIC LANE TO PARK",,,"1",,,,,,,,"true","true",,,,,,,,,"REAR",,,,,,,,,,,,,,,,,,,,,,,,,,,,,,,,,
"755255","JC463891","2019-10-07T10:45:00","2","DRIVER",,"717421",,"FREIGHTLINER CORP.","FREIGHTLINER CORP.","IL","2013","NONE","OTHER","COMMERCIAL - SINGLE UNIT","N","STRAIGHT AHEAD",,,"1",,,,,,,,,,,,,,,"true",,,"OTHER",,,,,,,,,,,,,,,,,,,,,,,,,,,,,,,,,
"754826","JC463140","2019-10-07T10:45:00","1","DRIVER",,"717029",,"JEEP","CHEROKEE","IL","2016","BRAKES","SPORT UTILITY VEHICLE (SUV)","PERSONAL","W","STRAIGHT AHEAD",,,"1",,,,,,,,,,,,,,,,"true",,"OTHER",,,,,,,,,,,,,,,,,,,,,,,,,,,,,,,,,
"754827","JC463140","2019-10-07T10:45:00","2","DRIVER",,"717023",,"CHEVROLET","MALIBU (CHEVELLE)","IL","2013","NONE","PASSENGER","PERSONAL","W","STRAIGHT AHEAD",,,"1",,,,,,,,,,"true",,,,,,,,"REAR-LEFT",,,,,,,,,,,,,,,,,,,,,,,,,,,,,,,,,
"754830","JC463080","2019-10-07T10:10:00","1","DRIVER",,"717028",,"TOYOTA MOTOR COMPANY, LTD.","Sienna (van)","IL","2010","UNKNOWN","VAN/MINI-VAN","PERSONAL","S","STRAIGHT AHEAD","true",,"1",,"SELF",,,"true",,,,,,,,,,"true","true",,"OTHER",,,,,,,,,,,,,,,,,,,,,,,,,,,,,,,,,
"754832","JC463080","2019-10-07T10:10:00","3","PARKED",,"717042",,"HONDA","ACCORD","IL","2013","NONE","PASSENGER","NOT IN USE","S","PARKED",,,"0",,,,,"true",,,,"true","true","true",,,,"true","true",,"REAR-LEFT",,,,,,,,,,,,,,,,,,,,,,,,,,,,,,,,,
"754833","JC463080","2019-10-07T10:10:00","4","PARKED",,"717045",,"TOYOTA MOTOR COMPANY, LTD.","CAMRY","IL","2012","UNKNOWN","PASSENGER","NOT IN USE","S","PARKED",,,"0",,,,,,,,,,"true",,,,,,,,"REAR-LEFT",,,,,,,,,,,,,,,,,,,,,,,,,,,,,,,,,
"756334","JC466195","2019-10-07T10:00:00","2","PARKED",,"718434",,"CHEVROLET","MALIBU (CHEVELLE)","IN","2018","NONE","PASSENGER","PERSONAL","E","PARKED",,,"0",,,,,,,,,,,"true","true","true","true","true",,,"ROOF",,,,,,,,,,,,,,,,,,,,,,,,,,,,,,,,,
"754824","JC463111","2019-10-07T10:00:00","2","DRIVER",,"717019",,"HONDA","Odyssey (minivan)","IL","2006","NONE","VAN/MINI-VAN","PERSONAL","E","SLOW/STOP IN TRAFFIC",,,"1",,,,,,,,,"true","true","true",,,,,,,"REAR-LEFT",,,,,,,,,,,,,,,,,,,,,,,,,,,,,,,,,
"754847","JC463110","2019-10-07T09:57:00","1","DRIVER",,"717037","true","FREIGHTLINER CORP.","FREIGHTLINER CORP.","MO","2018","NONE","TRACTOR W/ SEMI-TRAILER","COMMERCIAL - SINGLE UNIT","E","STRAIGHT AHEAD",,,"1",,,,,,,,,,,,,,,,,,,"8353","2628007",,,"DRIVER","3","CACTUS LEASING","MO","KANSAS CITY",,,,,,,,,,,,,">102",,"53",,,,"TRACTOR/SEMI-TRAILER","VAN/ENCLOSED BOX","UNKNOWN",,,
"754859","JC463115","2019-10-07T09:50:00","1","DRIVER",,"717062",,"KIA MOTORS CORP","Sportage (sport utility)","IL","2016","UNKNOWN","SPORT UTILITY VEHICLE (SUV)","UNKNOWN/NA","W","UNKNOWN/NA",,,"1",,,,,,,,,,,,,,,,,"true","OTHER",,,,,,,,,,,,,,,,,,,,,,,,,,,,,,,,,
"754860","JC463115","2019-10-07T09:50:00","2","DRIVER",,"717699",,"DODGE","RAM 1500 PU","IL","2012","NONE","PICKUP","UNKNOWN/NA","W","SLOW/STOP IN TRAFFIC",,,"1",,,,,,,,,,"true",,,,,,,,"REAR-LEFT",,,,,,,,,,,,,,,,,,,,,,,,,,,,,,,,,
"754803","JC463078","2019-10-07T09:45:00","1","DRIVER",,"717001",,"INFINITI","G37","IL","2011","NONE","PASSENGER","PERSONAL","S","STRAIGHT AHEAD",,,"1",,,,,,,,,,,,,,,"true",,,"TOTAL (ALL AREAS)",,,,,,,,,,,,,,,,,,,,,,,,,,,,,,,,,
"754804","JC463078","2019-10-07T09:45:00","2","DRIVER",,"717007",,"NISSAN","VERSA","IL","2016","NONE","PASSENGER","PERSONAL","S","STRAIGHT AHEAD",,,"1",,,,,,,,,"true",,,,,,,,,"REAR",,,,,,,,,,,,,,,,,,,,,,,,,,,,,,,,,
"754820","JC463054","2019-10-07T09:37:00","1","DRIVER",,"717015",,"NISSAN","VERSA","IL","2008","UNKNOWN","PASSENGER","PERSONAL","SE","TURNING LEFT",,,"1",,,,,"true",,,,,,,,,,,,,"FRONT",,,,,,,,,,,,,,,,,,,,,,,,,,,,,,,,,
"754809","JC463058","2019-10-07T09:35:00","1","DRIVER",,"717005",,"HONDA","Odyssey (minivan)","IL","2007","UNKNOWN","PASSENGER","PERSONAL","N","TURNING LEFT",,,"1",,,,,"true",,,,,,,,,,,"true",,"FRONT",,,,,,,,,,,,,,,,,,,,,,,,,,,,,,,,,
"755259","JC463886","2019-10-07T09:30:00","1","DRIVER",,"717414",,"TOYOTA MOTOR COMPANY, LTD.","RAV4 (sport utility)","IL","2014","UNKNOWN","PASSENGER","PERSONAL","N","ENTER FROM DRIVE/ALLEY",,,"1",,,,,"true",,,,,,,,,,,,,"FRONT",,,,,,,,,,,,,,,,,,,,,,,,,,,,,,,,,
"755260","JC463886","2019-10-07T09:30:00","2","DRIVER",,"717418",,"HYUNDAI","UNKNOWN","IL","2018","NONE","PASSENGER","PERSONAL","N","STRAIGHT AHEAD",,,"1",,,,,,,,,,,,"true","true",,,"true",,"ROOF",,,,,,,,,,,,,,,,,,,,,,,,,,,,,,,,,
"755142","JC463720","2019-10-07T09:30:00","1","DRIVER",,"717295",,"DODGE","RAM 1500 PU","IL","2017","UNKNOWN","PICKUP","UNKNOWN/NA","NW","TURNING LEFT",,,"1",,,,,"false",,,,,,,,,,,,"true","FRONT",,,,,,,,,,,,,,,,,,,,,,,,,,,,,,,,,
"755143","JC463720","2019-10-07T09:30:00","2","DRIVER",,"717311",,"HYUNDAI","TUCSON","IL","2018","NONE","SPORT UTILITY VEHICLE (SUV)","PERSONAL","NW","TURNING LEFT",,,"1",,,,,,,,,,,,"true",,,,,,"FRONT-LEFT",,,,,,,,,,,,,,,,,,,,,,,,,,,,,,,,,
"754794","JC463070","2019-10-07T09:30:00","1","DRIVER",,"716986",,"FORD","UNKNOWN","IL","2013","NONE","VAN/MINI-VAN","OTHER","S","STRAIGHT AHEAD",,,"1",,,,,"true","true","true",,,,,,,,,,,"FRONT",,,,,,,,,,,,,,,,,,,,,,,,,,,,,,,,,
"754795","JC463070","2019-10-07T09:30:00","2","DRIVER",,"716993",,"CHEVROLET","IMPALA","IL","2015","NONE","PASSENGER","PERSONAL","S","STRAIGHT AHEAD",,,"1",,,,,,,,,,,,,"true","true","true","true",,"ROOF",,,,,,,,,,,,,,,,,,,,,,,,,,,,,,,,,
"754838","JC463069","2019-10-07T09:30:00","1","DRIVER",,"717027",,"MAZDA","UNKNOWN","IL","2011","NONE","PASSENGER","PERSONAL","N","BACKING",,,"1",,,,,,,,,,"true",,,,,,,,"REAR-LEFT",,,,,,,,,,,,,,,,,,,,,,,,,,,,,,,,,
"754839","JC463069","2019-10-07T09:30:00","2","PARKED",,"717031",,"INFINITI","QX56","IL","2015","NONE","SPORT UTILITY VEHICLE (SUV)","PERSONAL","N","PARKED",,,"0",,,,,,,,,,"true",,,,,,,,"REAR-LEFT",,,,,,,,,,,,,,,,,,,,,,,,,,,,,,,,,
"754799","JC463055","2019-10-07T09:30:00","3","DRIVER",,"717013",,"INTERNATIONAL TRAILER CORP.","INTERNATIONAL TRAILER CORP.","IL","2014","NONE","SINGLE UNIT TRUCK WITH TRAILER","COMMERCIAL - MULTI-UNIT","E","STRAIGHT AHEAD",,,"1",,,,"true",,,,,,,,,,,,,,"REAR",,,,,,,,,,,,,,,,,,,,,,,,,,,,,,,,,
"754782","JC463051","2019-10-07T09:30:00","1","DRIVER",,"716981",,"NISSAN","ROGUE","IL","2008","NONE","SPORT UTILITY VEHICLE (SUV)","PERSONAL","E","TURNING LEFT",,,"1",,,,,"true",,,,,,,,,,,"true",,"FRONT",,,,,,,,,,,,,,,,,,,,,,,,,,,,,,,,,
"754783","JC463051","2019-10-07T09:30:00","2","DRIVER",,"716996",,"NISSAN","SENTRA (DATSUN AND NISSAN HAVE MERGED)","MI","2019","NONE","PASSENGER","OTHER","W","STRAIGHT AHEAD",,,"1",,,,,"true",,,,,,,,,,"true","true",,"TOTAL (ALL AREAS)",,,,,,,,,,,,,,,,,,,,,,,,,,,,,,,,,
"754813","JC463044","2019-10-07T09:20:00","1","DRIVER",,"717011",,"FORD","EDGE","IL","2016","NONE","PASSENGER","PERSONAL","E","STRAIGHT AHEAD",,,"1",,,,,,,,,,,,,,,,,,"OTHER",,,,,,,,,,,,,,,,,,,,,,,,,,,,,,,,,
"754814","JC463044","2019-10-07T09:20:00","2","DRIVER",,"717020",,"MERCEDES-BENZ","450 SERIES","IL","2012","NONE","PASSENGER","PERSONAL","S","STRAIGHT AHEAD",,,"1",,,,,,,"true","true",,,,,,,,,,"SIDE-RIGHT",,,,,,,,,,,,,,,,,,,,,,,,,,,,,,,,,
"754775","JC463028","2019-10-07T09:17:00","1","DRIVER",,"716989","false","FORD","Explorer","IL","2018","NONE","PASSENGER","POLICE","W","BACKING",,,"1",,,,,,,,,,"true",,,,,,,,"REAR-LEFT",,,,,,,,,,,,,,,,,,,,,,,,,,,,,,,,,
"754776","JC463028","2019-10-07T09:17:00","2","PARKED",,"716995",,"SATURN","UNKNOWN","IL","2007","UNKNOWN","PASSENGER","NOT IN USE","E","PARKED",,,"0",,,,,,,,,,,,,,,,"true",,"OTHER",,,,,,,,,,,,,,,,,,,,,,,,,,,,,,,,,
"754807","JC463041","2019-10-07T09:16:00","1","DRIVER",,"717010",,"HONDA","HONDA","IL","2008","NONE","PASSENGER","PERSONAL","N","TURNING LEFT",,,"1",,,,,,"true",,,,,,,,,,,,"FRONT",,,,,,,,,,,,,,,,,,,,,,,,,,,,,,,,,
"754825","JC463041","2019-10-07T09:16:00","2","DRIVER",,"717021","false","ISUZU","ISUZU","IL","2007","NONE","TRUCK - SINGLE UNIT","AGRICULTURE","N","CHANGING LANES",,,"2",,,,,,,,,,,,"true",,,,,,"ROOF",,,,,,,,,,,,,,,,,,,,,,,,,,,,,,,,,
"754861","JC463036","2019-10-07T09:16:00","1","DRIVER",,"717048",,"FORD","UNKNOWN","IL","2017","NONE","PASSENGER","PERSONAL","W","STRAIGHT AHEAD","true",,"1",,"PRIVATE TOW","UNKNOWN",,"true",,,,,,,,,,"true","true",,"OTHER",,,,,,,,,,,,,,,,,,,,,,,,,,,,,,,,,
"754862","JC463036","2019-10-07T09:16:00","2","DRIVER",,"717053",,"NISSAN","Murano","IL","2007","NONE","PASSENGER","PERSONAL","W","STRAIGHT AHEAD",,,"1",,,,,,,,,,"true",,,,,,,,"REAR-LEFT",,,,,,,,,,,,,,,,,,,,,,,,,,,,,,,,,
"754787","JC463053","2019-10-07T09:15:00","2","PARKED",,"716982",,"CHRYSLER","300","IL","2013","NONE","PASSENGER","NOT IN USE","N","PARKED",,,"0",,,,,,,,,,"true",,"true",,,,,,"UNKNOWN",,,,,,,,,,,,,,,,,,,,,,,,,,,,,,,,,
"754777","JC473022","2019-10-07T09:00:00","1","DRIVER",,"716978",,"NEW FLYER","NEW FLYER","IL","2008","NONE","BUS OVER 15 PASS.","CTA","E","TURNING RIGHT",,,"1",,,,,,,"true","true",,,,,,,,,,"SIDE-RIGHT",,,,,,,,,,,,,,,,,,,,,,,,,,,,,,,,,
"754778","JC473022","2019-10-07T09:00:00","2","DRIVER",,"716991",,"HYUNDAI","ELANTRA","IL","2007","NONE","PASSENGER","PERSONAL","E","OTHER",,,"1",,,,,,,,,,"true","true",,,,,,,"SIDE-LEFT",,,,,,,,,,,,,,,,,,,,,,,,,,,,,,,,,
"757289","JC467779","2019-10-07T09:00:00","2","DRIVER",,"719339",,"TOYOTA MOTOR COMPANY, LTD.","COROLLA","IL","2006","NONE","PASSENGER","PERSONAL","S","STRAIGHT AHEAD",,,"1",,,,,,,,,,,,,,,,"true",,"OTHER",,,,,,,,,,,,,,,,,,,,,,,,,,,,,,,,,
"756500","JC466351","2019-10-07T09:00:00","2","PARKED",,"718582",,"TOYOTA MOTOR COMPANY, LTD.","CAMRY","IL","2013","NONE","PASSENGER","PERSONAL","S","PARKED",,,"0",,,,,,,,,,,"true","true","true",,,,,"ROOF",,,,,,,,,,,,,,,,,,,,,,,,,,,,,,,,,
"754836","JC463135","2019-10-07T09:00:00","1","DRIVER",,"717026",,"GENERAL MOTORS CORP.","TERRAIN","IL","2012","UNKNOWN","SPORT UTILITY VEHICLE (SUV)","PERSONAL","E","STRAIGHT AHEAD",,,"1",,,,,"true","true",,,,,,,,,,,,"FRONT",,,,,,,,,,,,,,,,,,,,,,,,,,,,,,,,,
"754837","JC463135","2019-10-07T09:00:00","2","DRIVER",,"717034",,"HYUNDAI","UNKNOWN","IL","2013","UNKNOWN","PASSENGER","PERSONAL","E","STRAIGHT AHEAD",,,"1",,,,,,,,,,,,"true","true","true",,,,"ROOF",,,,,,,,,,,,,,,,,,,,,,,,,,,,,,,,,
"755162","JC463729","2019-10-07T08:55:00","1","DRIVER",,"717313",,"TOYOTA MOTOR COMPANY, LTD.","RAV4 (sport utility)","IL","2019","NONE","PASSENGER","PERSONAL","W","STRAIGHT AHEAD",,,"1",,,,,,,,,,,,,,,,"true",,"OTHER",,,,,,,,,,,,,,,,,,,,,,,,,,,,,,,,,
"754769","JC463029","2019-10-07T08:55:00","1","DRIVER",,"716987","true","INTENATIONAL INDUSTRIES, INC.","INTENATIONAL INDUSTRIES, INC.","IN","2019","NONE","TRACTOR W/ SEMI-TRAILER","COMMERCIAL - SINGLE UNIT","W","TURNING RIGHT",,,"1",,,,,"true","true",,,,,,,,,,,,"FRONT","8351","428823",,,"PAPERS","3","KNIGHT TRANSPORTATION","IL","NOBLESVILLE",,,,,,,"N",,,"N",,,"0-96",,"53",,"75","5","TRACTOR/SEMI-TRAILER","VAN/ENCLOSED BOX","OTHER",,"false",
"754770","JC463029","2019-10-07T08:55:00","2","DRIVER",,"717004",,"PONTIAC","TORRENT","IL","2007","NONE","SPORT UTILITY VEHICLE (SUV)","PERSONAL","W","PASSING/OVERTAKING","true",,"1",,"LOYA","DRIVER'S CHOICE",,,,,,,,,,"true","true","true",,,"TOTAL (ALL AREAS)",,,,,,,,,,,,,,,,,,,,,,,,,,,,,,,,,
"754801","JC463040","2019-10-07T08:50:00","1","DRIVER",,"716999",,"FORD","Focus","IL","2006","UNKNOWN","PASSENGER","PERSONAL","SE","TURNING RIGHT",,,"1",,,,,"true",,,,,,,,,,,,,"FRONT",,,,,,,,,,,,,,,,,,,,,,,,,,,,,,,,,
"754784","JC463013","2019-10-07T08:50:00","1","DRIVER",,"716984",,"CONTINENTAL","CONTINENTAL","IL","2011","NONE","PASSENGER","SCHOOL BUS","E","TURNING LEFT",,,"1",,,,,,,,,"true",,,,,,,,,"REAR",,,,,,,,,,,,,,,,,,,,,,,,,,,,,,,,,
"754747","JC463012","2019-10-07T08:45:00","1","DRIVER",,"716945",,"NISSAN","SENTRA (DATSUN AND NISSAN HAVE MERGED)","IL","2012","NONE","PASSENGER","UNKNOWN/NA","UNKNOWN","BACKING",,,"1",,,,,,,,,,,,,,,,,,"SIDE-LEFT",,,,,,,,,,,,,,,,,,,,,,,,,,,,,,,,,
"754748","JC463012","2019-10-07T08:45:00","2","DRIVER","1","716950",,"NISSAN","NISSAN ALTIMA","IL","2016","NONE","PASSENGER","PERSONAL","N","STRAIGHT AHEAD",,,"2",,,,,,,,,,,,,,,"true",,,"TOTAL (ALL AREAS)",,,,,,,,,,,,,,,,,,,,,,,,,,,,,,,,,
"754793","JC463002","2019-10-07T08:45:00","2","DRIVER","1","716988",,"DODGE","CARAVAN","IL","2013","NONE","VAN/MINI-VAN","PERSONAL","S","STRAIGHT AHEAD",,,"2",,,,,,,,,,,,,,"true",,,,"ROOF",,,,,,,,,,,,,,,,,,,,,,,,,,,,,,,,,
"754757","JC463023","2019-10-07T08:40:00","1","DRIVER",,"716957",,"TOYOTA MOTOR COMPANY, LTD.","CAMRY","IL","2009","NONE","PASSENGER","UNKNOWN/NA","N","STRAIGHT AHEAD",,,"1",,,,,"true","true","true","true",,,,,,,,,,"SIDE-RIGHT",,,,,,,,,,,,,,,,,,,,,,,,,,,,,,,,,
"754758","JC463023","2019-10-07T08:40:00","2","DRIVER",,"716961",,"HONDA","CIVIC","IL","2018","NONE","PASSENGER","PERSONAL","N","CHANGING LANES",,,"1",,,,,,,,,,,,,"true","true",,,,"ROOF",,,,,,,,,,,,,,,,,,,,,,,,,,,,,,,,,
"754765","JC463018","2019-10-07T08:40:00","1","DRIVER","1","716965",,"MINI","COOPER","IL","2014","NONE","PASSENGER","PERSONAL","E","TURNING RIGHT",,,"2",,,,,"false","true","true",,,,,,,,,,,"FRONT-RIGHT",,,,,,,,,,,,,,,,,,,,,,,,,,,,,,,,,
"754734","JC462959","2019-10-07T08:39:00","2","DRIVER",,"716939",,"MERCEDES-BENZ","Sprinter","IL","2012","NONE","VAN/MINI-VAN","CONSTRUCTION/MAINTENANCE","E","STRAIGHT AHEAD","true",,"1",,"UNKNOWN","UNKNOWN",,"true","true",,,,,,,,,,"true",,"FRONT",,,,,,,,,,,,,,,,,,,,,,,,,,,,,,,,,
"755149","JC463719","2019-10-07T08:35:00","2","DRIVER",,"717309",,"TOYOTA MOTOR COMPANY, LTD.","CAMRY","IL","2009","NONE","PASSENGER","PERSONAL","W","STRAIGHT AHEAD",,,"1",,,,,,,"true",,,,,,,,,,,"UNDER CARRIAGE",,,,,,,,,,,,,,,,,,,,,,,,,,,,,,,,,
"754745","JC463004","2019-10-07T08:30:00","1","DRIVER",,"716943",,"KIA MOTORS CORP","UNKNOWN","IL","2017","UNKNOWN","SPORT UTILITY VEHICLE (SUV)","DRIVER EDUCATION","N","LEAVING TRAFFIC LANE TO PARK",,,"1",,,,,,,,"true","true",,,,,,,,,"REAR-RIGHT",,,,,,,,,,,,,,,,,,,,,,,,,,,,,,,,,
"754746","JC463004","2019-10-07T08:30:00","2","DRIVER","1","716956",,"CHEVROLET","EQUINOX","IL","2015","NONE","SPORT UTILITY VEHICLE (SUV)","PERSONAL","N","STRAIGHT AHEAD",,,"2",,,,,"true",,,,,,,,,,,,,"SIDE-RIGHT",,,,,,,,,,,,,,,,,,,,,,,,,,,,,,,,,
"754760","JC462997","2019-10-07T08:30:00","2","DRIVER",,"716964",,"FORD","UNKNOWN",,"2017","NONE","VAN/MINI-VAN","OTHER","E","SLOW/STOP IN TRAFFIC",,,"1",,,,,,,,,,"true",,,,,,,,"REAR-LEFT",,,,,,,,,,,,,,,,,,,,,,,,,,,,,,,,,
"754754","JC462996","2019-10-07T08:30:00","2","DRIVER",,"716966",,"TOYOTA MOTOR COMPANY, LTD.","COROLLA","IL","2008","NONE","PASSENGER","PERSONAL","S","SLOW/STOP IN TRAFFIC",,,"1",,,,,,,,,,"true",,,,,,,,"REAR-LEFT",,,,,,,,,,,,,,,,,,,,,,,,,,,,,,,,,
"754779","JC462969","2019-10-07T08:30:00","1","DRIVER",,"716975",,"LAND ROVER","LAND ROVER","IL","2013","NONE","PASSENGER","PERSONAL","W","BACKING",,,"1",,,,,,,,,,,"true",,,,,,,"FRONT-LEFT",,,,,,,,,,,,,,,,,,,,,,,,,,,,,,,,,
"754811","JC462967","2019-10-07T08:26:00","1","DRIVER",,"717006",,"CHEVROLET","IMPALA","IL","2006","NONE","PASSENGER","PERSONAL","S","STRAIGHT AHEAD",,,"1",,,,,,,,,,,,,,,"true",,,"TOTAL (ALL AREAS)",,,,,,,,,,,,,,,,,,,,,,,,,,,,,,,,,
"755932","JC465332","2019-10-07T08:25:00","2","DRIVER",,"718045",,"DODGE","CHARGER","IL","2007","UNKNOWN","PASSENGER","PERSONAL","N","STRAIGHT AHEAD",,,"1",,,,,,,,,"true","true","true",,,,,,,"REAR-LEFT",,,,,,,,,,,,,,,,,,,,,,,,,,,,,,,,,
"754755","JC462973","2019-10-07T08:20:00","1","DRIVER","2","716958",,"HONDA","CIVIC","IL","2008","UNKNOWN","PASSENGER","PERSONAL","W","ENTERING TRAFFIC LANE FROM PARKING",,,"3",,,,,,,,,,,,"true","true","true","false",,,"ROOF",,,,,,,,,,,,,,,,,,,,,,,,,,,,,,,,,
"754756","JC462973","2019-10-07T08:20:00","2","DRIVER",,"716967",,"HONDA","Odyssey (minivan)","IL","2006","UNKNOWN","VAN/MINI-VAN","PERSONAL","W","STRAIGHT AHEAD",,,"1",,,,,"true",,,,,,,,,,,,,"FRONT",,,,,,,,,,,,,,,,,,,,,,,,,,,,,,,,,
"754751","JC462968","2019-10-07T08:20:00","1","DRIVER",,"716953",,"FORD","UNKNOWN","IL","2016","UNKNOWN","PASSENGER","PERSONAL","SE","TURNING LEFT",,,"1",,,,,,,,"true","true",,,,,,,,,"REAR-RIGHT",,,,,,,,,,,,,,,,,,,,,,,,,,,,,,,,,
"754752","JC462968","2019-10-07T08:20:00","2","DRIVER",,"716959",,"JEEP","UNKNOWN","IL","2019","UNKNOWN","PASSENGER","PERSONAL","N","STRAIGHT AHEAD","true",,"1",,,,,"true","true",,,,,,,,,,,,"FRONT",,,,,,,,,,,,,,,,,,,,,,,,,,,,,,,,,
"754762","JC462964","2019-10-07T08:20:00","2","DRIVER",,"716970",,"TOYOTA MOTOR COMPANY, LTD.","UNKNOWN","IL","2012","UNKNOWN","PASSENGER","PERSONAL","S","TURNING RIGHT",,,"1",,,,,,,"false","true","true",,,,,,,,,"REAR",,,,,,,,,,,,,,,,,,,,,,,,,,,,,,,,,
"755050","JC463574","2019-10-07T08:15:00","1","DRIVER",,"717217",,"TOYOTA MOTOR COMPANY, LTD.","Sienna (van)","IL","2006","UNKNOWN","PASSENGER","PERSONAL","S","BACKING",,,"1",,,,,,,,,"true","true","true",,,,,,,"REAR-LEFT",,,,,,,,,,,,,,,,,,,,,,,,,,,,,,,,,
"754725","JC462935","2019-10-07T08:11:00","1","DRIVER",,"716925","true","INTERNATIONAL TRAILER CORP.","INTERNATIONAL TRAILER CORP.","IL","2014","NONE","TRUCK - SINGLE UNIT","COMMERCIAL - SINGLE UNIT","S","STRAIGHT AHEAD",,,"1",,,,,"true",,,,,,,,,,,"true",,"FRONT","8350","1742100",,,"DRIVER","2","IN HOUSE DELIVERY SYSTEMS","IL","NILES",,,,"N","N",,"N",,"N","N","1742100",,,,,,"26","2","SINGLE UNIT TRUCK, 2 AXLES, 6 TIRES","VAN/ENCLOSED BOX","OTHER","false","false",
"754780","JC462957","2019-10-07T08:05:00","1","DRIVER",,"716977",,"FORD","EDGE","IL","2007","NONE","SPORT UTILITY VEHICLE (SUV)","PERSONAL","E","STRAIGHT AHEAD",,,"1",,,,,,,,,,,,,,,,,,"OTHER",,,,,,,,,,,,,,,,,,,,,,,,,,,,,,,,,
"754843","JC463020","2019-10-07T08:00:00","1","DRIVER","1","717561",,"CHEVROLET","UNKNOWN","IL","2015","UNKNOWN","PASSENGER","UNKNOWN/NA","N","OTHER",,,"2",,,,,"false","true","true",,"false","false","false",,,,,,,"FRONT",,,,,,,,,,,,,,,,,,,,,,,,,,,,,,,,,
"754844","JC463020","2019-10-07T08:00:00","2","DRIVER","1","717568",,"TOYOTA MOTOR COMPANY, LTD.","UNKNOWN","IL","2016","NONE","PASSENGER","PERSONAL","N","STRAIGHT AHEAD",,,"2",,,,,,,,,"true","true","true","true","true",,,,,,,,,,,,,,,,,,,,,,,,,,,,,,,,,,,,,,
"754772","JC462947","2019-10-07T07:55:00","2","DRIVER","1","716985",,"NEW FLYER","NEW FLYER","IL","2014","UNKNOWN","BUS OVER 15 PASS.","CTA","E","OTHER",,,"2",,,,,,,,,,,,"true",,"false","false",,,"SIDE-LEFT",,,,,,,,,,,,,,,,,,,,,,,,,,,,,,,,,
"754715","JC462929","2019-10-07T07:50:00","1","DRIVER",,"716920",,"HONDA","FIT","IL","2017","NONE","PASSENGER","PERSONAL","N","SLOW/STOP IN TRAFFIC",,,"1",,,,,,,,,,,,,,,,"true",,"OTHER",,,,,,,,,,,,,,,,,,,,,,,,,,,,,,,,,
"754716","JC462929","2019-10-07T07:50:00","2","DRIVER",,"716916",,"TOYOTA MOTOR COMPANY, LTD.","RAV4 (sport utility)","IL","2018","NONE","SPORT UTILITY VEHICLE (SUV)","PERSONAL","N","SLOW/STOP IN TRAFFIC",,,"1",,,,,,,,,,"true",,,,,,,,"REAR-LEFT",,,,,,,,,,,,,,,,,,,,,,,,,,,,,,,,,