"crash_unit_id","rd_no","crash_date","unit_no","unit_type","num_passengers","vehicle_id","cmrc_veh_i","make","model","lic_plate_state","vehicle_year","vehicle_defect","vehicle_type","vehicle_use","travel_direction","maneuver","towed_i","fire_i","occupant_cnt","exceed_speed_limit_i","towed_by","towed_to","area_00_i","area_01_i","area_02_i","area_03_i","area_04_i","area_05_i","area_06_i","area_07_i","area_08_i","area_09_i","area_10_i","area_11_i","area_12_i","area_99_i","first_contact_point","cmv_id","usdot_no","ccmc_no","ilcc_no","commercial_src","gvwr","carrier_name","carrier_state","carrier_city","hazmat_placards_i","hazmat_name","un_no","hazmat_present_i","hazmat_report_i","hazmat_report_no","mcs_report_i","mcs_report_no","hazmat_vio_cause_crash_i","mcs_vio_cause_crash_i","idot_permit_no","wide_load_i","trailer1_width","trailer2_width","trailer1_length","trailer2_length","total_vehicle_length","axle_cnt","vehicle_config","cargo_body_type","load_type","hazmat_out_of_service_i","mcs_out_of_service_i","hazmat_class"
"754763","JC462987","2019-10-07T07:45:00","1","DRIVER",,"716963",,"HONDA","Pilot","IL","2013","NONE","PASSENGER","PERSONAL","N","STRAIGHT AHEAD",,,"1",,,,,,,,"true",,,,,,,,,,"SIDE-RIGHT",,,,,,,,,,,,,,,,,,,,,,,,,,,,,,,,,
"754717","JC462934","2019-10-07T07:45:00","1","DRIVER",,"716922",,"KIA MOTORS CORP","Sedona","IL","2016","NONE","VAN/MINI-VAN","UNKNOWN/NA","E","CHANGING LANES",,,"1",,,,,,,,,,,,,"true","true","true","false",,"FRONT",,,,,,,,,,,,,,,,,,,,,,,,,,,,,,,,,
"754718","JC462934","2019-10-07T07:45:00","2","DRIVER",,"716918",,"CHEVROLET","IMPALA","IL","2018","NONE","PASSENGER","PERSONAL","E","STRAIGHT AHEAD",,,"1",,,,,,,"true","true","true",,,,,,,,,"REAR",,,,,,,,,,,,,,,,,,,,,,,,,,,,,,,,,
"754743","JC462932","2019-10-07T07:45:00","1","DRIVER",,"716946",,"FORD","ESCAPE (SUV)","IL","2013","NONE","PASSENGER","PERSONAL","S","PASSING/OVERTAKING",,,"1",,,,,,"true","true","true",,,,,,,,,,"FRONT-RIGHT",,,,,,,,,,,,,,,,,,,,,,,,,,,,,,,,,
"754744","JC462932","2019-10-07T07:45:00","2","DRIVER",,"716954",,"JEEP","UNKNOWN","IL","2017","NONE","PASSENGER","PERSONAL","S","STRAIGHT AHEAD",,,"1",,,,,,,,,,,"true",,,,,,,"SIDE-LEFT",,,,,,,,,,,,,,,,,,,,,,,,,,,,,,,,,
"754719","JC462942","2019-10-07T07:43:00","1","DRIVER",,"716924",,"FORD","EXPEDITION","IL","2017","UNKNOWN","PASSENGER","PERSONAL","N","BACKING",,,"1",,,,"true",,,,,,,,,,,,,,"NONE",,,,,,,,,,,,,,,,,,,,,,,,,,,,,,,,,
"754720","JC462942","2019-10-07T07:43:00","2","DRIVER",,"716928",,"CHEVROLET","SUBURBAN","IL","2018","UNKNOWN","PASSENGER","PERSONAL","N","OTHER",,,"1",,,,,,,,,,,,,,,"true",,,"TOTAL (ALL AREAS)",,,,,,,,,,,,,,,,,,,,,,,,,,,,,,,,,
"754728","JC462924","2019-10-07T07:41:00","1","DRIVER",,"716930","false","FORD","FUSION","IL","2014","NONE","PASSENGER","OTHER","N","STRAIGHT AHEAD",,,"1",,,,,"true",,,,,,,,,,"true","true",,"OTHER",,,,,,,,,,,,,,,,,,,,,,,,,,,,,,,,,
"754729","JC462924","2019-10-07T07:41:00","2","DRIVER","2","716936",,"DODGE","CARAVAN","IL","2007","NONE","VAN/MINI-VAN","PERSONAL","N","SLOW/STOP IN TRAFFIC","true",,"3",,"private",,,"true",,,,"true","true","true",,,,"true","true",,"REAR-LEFT",,,,,,,,,,,,,,,,,,,,,,,,,,,,,,,,,
"754730","JC462924","2019-10-07T07:41:00","3","DRIVER","1","716948",,"FORD","EXPLORER","IL","2014","NONE","PASSENGER","PERSONAL","N","SLOW/STOP IN TRAFFIC",,"false","2",,,,,,,,,"true","true","true",,,,,,,"REAR-LEFT",,,,,,,,,,,,,,,,,,,,,,,,,,,,,,,,,
"756107","JC465745","2019-10-07T07:40:00","1","DRIVER",,"718220",,"ACURA","ACURA","IL","2014","OTHER","PASSENGER","PERSONAL","N","STRAIGHT AHEAD",,,"1",,,,,,,,,,,,,,,,,"true","UNKNOWN",,,,,,,,,,,,,,,,,,,,,,,,,,,,,,,,,
"754726","JC462925","2019-10-07T07:35:00","1","DRIVER",,"716927",,"NEW FLYER","NEW FLYER","IL","2008","UNKNOWN","OTHER","OTHER","NW","TURNING RIGHT",,,"1",,,,,,,,,,,"true",,,,,,,"SIDE-LEFT",,,,,,,,,,,,,,,,,,,,,,,,,,,,,,,,,
"754727","JC462925","2019-10-07T07:35:00","2","DRIVER",,"716929",,"VOLKSWAGEN","JETTA","IL","2019","UNKNOWN","PASSENGER","PERSONAL","W","STRAIGHT AHEAD",,,"1",,,,,"false","true","true",,,,,,,,,,,"SIDE-RIGHT",,,,,,,,,,,,,,,,,,,,,,,,,,,,,,,,,
"755240","JC463888","2019-10-07T07:30:00","2","DRIVER",,"717400",,"NISSAN","ROGUE","IL","2013","NONE","SPORT UTILITY VEHICLE (SUV)","PERSONAL","W","STRAIGHT AHEAD",,,"1",,,,,,,,,,"true",,,,,,,,"REAR-LEFT",,,,,,,,,,,,,,,,,,,,,,,,,,,,,,,,,
"756006","JC463766","2019-10-07T07:30:00","2","DRIVER",,"718119",,"HYUNDAI","SONATA",,"2013","NONE","PASSENGER","PERSONAL","E","STRAIGHT AHEAD",,,"1",,,,,,,,,,,,,,,"true",,,"TOTAL (ALL AREAS)",,,,,,,,,,,,,,,,,,,,,,,,,,,,,,,,,
"754950","JC463429","2019-10-07T07:30:00","1","DRIVER",,"717119",,"CHEVROLET","EQUINOX","IL","2017","NONE","SPORT UTILITY VEHICLE (SUV)","PERSONAL","W","CHANGING LANES",,,"1",,,,,,,,,,,,,,,"true",,,"TOTAL (ALL AREAS)",,,,,,,,,,,,,,,,,,,,,,,,,,,,,,,,,
"754951","JC463429","2019-10-07T07:30:00","2","DRIVER",,"717122",,"HYUNDAI","TUCSON","IL","2012","UNKNOWN","SPORT UTILITY VEHICLE (SUV)","PERSONAL","W","STRAIGHT AHEAD",,,"1",,,,,,,"true","true",,,,,,,,,,"SIDE-RIGHT",,,,,,,,,,,,,,,,,,,,,,,,,,,,,,,,,
"754710","JC462915","2019-10-07T07:30:00","1","DRIVER",,"716910",,"CHEVROLET","UNKNOWN","IL","2015","UNKNOWN","PASSENGER","PERSONAL","N","STRAIGHT AHEAD",,,"1",,,,,,,,,,,,,,,,"true",,"OTHER",,,,,,,,,,,,,,,,,,,,,,,,,,,,,,,,,
"754712","JC462915","2019-10-07T07:30:00","3","PARKED",,"716917",,"HYUNDAI","ELANTRA","IL","2015","UNKNOWN","PASSENGER","PERSONAL","N","PARKED",,,"0",,,,,,,,,,,,,,,,,,"REAR-LEFT",,,,,,,,,,,,,,,,,,,,,,,,,,,,,,,,,
"754741","JC462911","2019-10-07T07:23:00","1","DRIVER","1","716941",,"CHEVROLET","CORVETTE","IL","2017","NONE","PASSENGER","PERSONAL","W","STRAIGHT AHEAD","false",,"2",,,,,,,,,,,,,,"true","true",,,"UNDER CARRIAGE",,,,,,,,,,,,,,,,,,,,,,,,,,,,,,,,,
"754742","JC462911","2019-10-07T07:23:00","2","DRIVER",,"716951",,"FORD","ESCAPE (SUV)","IL","2018","NONE","PASSENGER","PERSONAL","N","STRAIGHT AHEAD",,,"1",,,,,"true","true",,,,,,,,,"true","true",,"FRONT-RIGHT",,,,,,,,,,,,,,,,,,,,,,,,,,,,,,,,,
"754701","JC462905","2019-10-07T07:17:00","1","DRIVER",,"716902",,"DODGE","CARAVAN","IL","2011","UNKNOWN","PASSENGER","PERSONAL","E","STRAIGHT AHEAD",,,"1",,,,,"true",,,,,,,,,,"true","true",,"OTHER",,,,,,,,,,,,,,,,,,,,,,,,,,,,,,,,,
"754702","JC462905","2019-10-07T07:17:00","2","DRIVER",,"716907",,"CHRYSLER","300","IL","2017","UNKNOWN","PASSENGER","PERSONAL","E","STRAIGHT AHEAD",,,"1",,,,,,,,,,,"true",,,,,,,"REAR-LEFT",,,,,,,,,,,,,,,,,,,,,,,,,,,,,,,,,
"755071","JC463602","2019-10-07T07:15:00","2","DRIVER",,"717236",,"LEXUS","ES350","IL","2008","NONE","PASSENGER","PERSONAL","S","STRAIGHT AHEAD",,,"1",,,,,"true",,,,,"true",,,,,,"true",,"REAR-LEFT",,,,,,,,,,,,,,,,,,,,,,,,,,,,,,,,,
"755380","JC463195","2019-10-07T07:15:00","2","DRIVER",,"717534",,"BUICK","LUCERNE","IL","2007","NONE","PASSENGER","PERSONAL","N","SLOW/STOP IN TRAFFIC",,,"1",,,,,,,,,,"true","true",,,,,,,"REAR-LEFT",,,,,,,,,,,,,,,,,,,,,,,,,,,,,,,,,
"754705","JC462919","2019-10-07T07:15:00","1","DRIVER",,"716905",,"HONDA","Odyssey (minivan)","IL","2008","NONE","VAN/MINI-VAN","PERSONAL","N","TURNING LEFT",,,"1",,,,,"true",,,,,,,,,,,,,"FRONT",,,,,,,,,,,,,,,,,,,,,,,,,,,,,,,,,
"754706","JC462919","2019-10-07T07:15:00","2","DRIVER",,"716908",,"HONDA","CIVIC","IL","2018","NONE","PASSENGER","PERSONAL","E","STRAIGHT AHEAD",,,"1",,,,,,,,"true","true",,,,,,,,,"REAR",,,,,,,,,,,,,,,,,,,,,,,,,,,,,,,,,
"754713","JC462914","2019-10-07T07:15:00","1","DRIVER",,"716912",,"MERCEDES-BENZ","C300","IL","2014","NONE","PASSENGER","PERSONAL","S","TURNING LEFT",,,"1",,,,,"true","true",,,,,,,,,,,,"FRONT",,,,,,,,,,,,,,,,,,,,,,,,,,,,,,,,,
"754714","JC462914","2019-10-07T07:15:00","2","DRIVER",,"716919",,"SUBARU","FORESTER","IL","2016","NONE","SPORT UTILITY VEHICLE (SUV)","PERSONAL","S","TURNING LEFT",,,"4",,,,,,,,,,,,"true","true",,,,,"FRONT-LEFT",,,,,,,,,,,,,,,,,,,,,,,,,,,,,,,,,
"754694","JC462901","2019-10-07T07:11:00","2","PARKED",,"716906",,"FORD","FUSION","IL","2018","UNKNOWN","PASSENGER","PERSONAL","N","PARKED",,,"0",,,,,,,,,,,"true","true","true","true","true",,,"SIDE-LEFT",,,,,,,,,,,,,,,,,,,,,,,,,,,,,,,,,
"754790","JC462970","2019-10-07T07:00:00","1","DRIVER",,"716990",,"HONDA","UNKNOWN","IL","2006","UNKNOWN","VAN/MINI-VAN","UNKNOWN/NA","UNKNOWN","UNKNOWN/NA",,,"1",,,,,,,,,,,,,,,,,"true","UNKNOWN",,,,,,,,,,,,,,,,,,,,,,,,,,,,,,,,,
"754791","JC462970","2019-10-07T07:00:00","2","PARKED",,"716994",,"FORD","Focus","IL","2014","NONE","PASSENGER","UNKNOWN/NA","E","PARKED","true",,"0",,"PENDING","PENDING",,"true","true","true","true","true",,,,,,,,,"SIDE-RIGHT",,,,,,,,,,,,,,,,,,,,,,,,,,,,,,,,,
"754704","JC462912","2019-10-07T07:00:00","2","DRIVER",,"716926",,"VOLKSWAGEN","TIGUAN","IL","2017","NONE","PASSENGER","PERSONAL","N","STRAIGHT AHEAD",,,"1",,,,,,,,,,,,,,,"true",,,"TOTAL (ALL AREAS)",,,,,,,,,,,,,,,,,,,,,,,,,,,,,,,,,
"754698","JC462887","2019-10-07T06:49:00","1","DRIVER","1","716914",,"NISSAN","ROGUE","IL","2015","UNKNOWN","SPORT UTILITY VEHICLE (SUV)","PERSONAL","W","NEGOTIATING A CURVE","true",,"2",,"five star towing","tbd",,"true","true","true","true","true",,"true","true","true","true","true","true",,"TOTAL (ALL AREAS)",,,,,,,,,,,,,,,,,,,,,,,,,,,,,,,,,
"754740","JC463003","2019-10-07T06:45:00","2","DRIVER",,"716949",,"HYUNDAI","ELANTRA","IL","2006","UNKNOWN","PASSENGER","PERSONAL","N","SLOW/STOP IN TRAFFIC",,,"1",,,,,,,,,,"true",,,,,,,,"REAR-LEFT",,,,,,,,,,,,,,,,,,,,,,,,,,,,,,,,,
"754689","JC462891","2019-10-07T06:45:00","1","DRIVER",,"716893",,"FORD","Focus","IL","2018","UNKNOWN","PASSENGER","PERSONAL","E","CHANGING LANES",,,"1",,,,,,,,,,,,,,"true","true",,,"ROOF",,,,,,,,,,,,,,,,,,,,,,,,,,,,,,,,,
"754690","JC462891","2019-10-07T06:45:00","2","DRIVER",,"716894",,"JEEP","CHEROKEE","IL","2018","NONE","SPORT UTILITY VEHICLE (SUV)","PERSONAL","E","STRAIGHT AHEAD",,,"1",,,,,"true","true",,,,,,,,,,,,"SIDE-RIGHT",,,,,,,,,,,,,,,,,,,,,,,,,,,,,,,,,
"756012","JC462994","2019-10-07T06:30:00","2","DRIVER","1","718127",,"MAZDA","Mazda 3","IL","2006","NONE","PASSENGER","PERSONAL","S","SLOW/STOP IN TRAFFIC",,,"2",,,,,,"true","true",,,,,,,,,,,"SIDE-RIGHT",,,,,,,,,,,,,,,,,,,,,,,,,,,,,,,,,
"754692","JC462880","2019-10-07T06:30:00","2","DRIVER","1","716897",,"NISSAN","SENTRA (DATSUN AND NISSAN HAVE MERGED)","IL","2007","NONE","PASSENGER","PERSONAL","W","STRAIGHT AHEAD",,,"2",,,,,"true",,,,,,,,,,"true","true",,"OTHER",,,,,,,,,,,,,,,,,,,,,,,,,,,,,,,,,
"754700","JC462885","2019-10-07T06:25:00","2","PARKED",,"716904",,"LINCOLN-CONTINENTAL","NAVIGATOR","IL","2015","NONE","SPORT UTILITY VEHICLE (SUV)","NOT IN USE","W","PARKED",,,"0",,,,,,,,,,,,"true","true",,,,,"ROOF",,,,,,,,,,,,,,,,,,,,,,,,,,,,,,,,,
"754684","JC462869","2019-10-07T06:10:00","1","DRIVER",,"716888",,"CHEVROLET","UPLANDER","IL","2008","UNKNOWN","UNKNOWN/NA","PERSONAL","S","PASSING/OVERTAKING",,,"1",,,,,,,"true","true",,,,,,,,,,"SIDE-RIGHT",,,,,,,,,,,,,,,,,,,,,,,,,,,,,,,,,
"754685","JC462869","2019-10-07T06:10:00","2","DRIVER",,"716890",,"MAZDA","UNKNOWN","IL","2011","UNKNOWN","UNKNOWN/NA","PERSONAL","S","STRAIGHT AHEAD",,,"1",,,,,,,,,,,,,"true","true","true",,,"TOTAL (ALL AREAS)",,,,,,,,,,,,,,,,,,,,,,,,,,,,,,,,,
"754708","JC462888","2019-10-07T06:08:00","2","PARKED",,"716915",,"KIA MOTORS CORP","Optima","IL","2013","UNKNOWN","PASSENGER","PERSONAL","W","PARKED",,,"0",,,,,,,,,,,"true","true","true","true","true",,,"ROOF",,,,,,,,,,,,,,,,,,,,,,,,,,,,,,,,,
"754709","JC462888","2019-10-07T06:08:00","3","PARKED",,"716923",,"HONDA","CIVIC","IL","2008","UNKNOWN","PASSENGER","PERSONAL","W","PARKED",,,"0",,,,,,,,,"true","true","true",,,,,,,"REAR-LEFT",,,,,,,,,,,,,,,,,,,,,,,,,,,,,,,,,
"754723","JC462879","2019-10-07T06:00:00","1","DRIVER","1","716931",,"NISSAN","SENTRA (DATSUN AND NISSAN HAVE MERGED)","IL","2008","UNKNOWN","PASSENGER","PERSONAL","S","TURNING LEFT",,,"2",,,,,"false",,,,,,,,,,,"true",,"OTHER",,,,,,,,,,,,,,,,,,,,,,,,,,,,,,,,,
"754724","JC462879","2019-10-07T06:00:00","2","DRIVER",,"716942",,"TOYOTA MOTOR COMPANY, LTD.","UNKNOWN","IL","2012","UNKNOWN","PASSENGER","PERSONAL","E","SLOW/STOP IN TRAFFIC",,,"1",,,,,,,,,,,,,,"true","true",,,"ROOF",,,,,,,,,,,,,,,,,,,,,,,,,,,,,,,,,
"755354","JC462867","2019-10-07T05:55:00","2","DRIVER",,"717513",,"CHEVROLET","HHR","IL","2009","NONE","PASSENGER","PERSONAL","W","STRAIGHT AHEAD","true",,"1",,"OWNER",,,"true","true",,,,,,"true",,,,,,"FRONT",,,,,,,,,,,,,,,,,,,,,,,,,,,,,,,,,
"755025","JC463547","2019-10-07T05:40:00","2","PARKED",,"717187",,"CHRYSLER","200","IL","2014","NONE","PASSENGER","PERSONAL","N","PARKED",,,"0",,,,,,,,,,,,"true","true",,,,,"ROOF",,,,,,,,,,,,,,,,,,,,,,,,,,,,,,,,,
"754682","JC462859","2019-10-07T05:30:00","1","DRIVER","1","716887",,"DODGE","JOURNEY","IN","2014","UNKNOWN","SPORT UTILITY VEHICLE (SUV)","UNKNOWN/NA","W","STRAIGHT AHEAD",,,"2",,,,,,"true","true","true",,,,,,,,,,"SIDE-RIGHT",,,,,,,,,,,,,,,,,,,,,,,,,,,,,,,,,
"754683","JC462859","2019-10-07T05:30:00","2","DRIVER",,"716889",,"FORD","F150","IL","2018","UNKNOWN","PICKUP","UNKNOWN/NA","W","STRAIGHT AHEAD",,,"1",,,,,,,,,,,,,"true","true","true",,,"UNDER CARRIAGE",,,,,,,,,,,,,,,,,,,,,,,,,,,,,,,,,
"754750","JC462981","2019-10-07T04:00:00","2","PARKED",,"716952",,"NISSAN","VERSA","IL","2010","NONE","PASSENGER","PERSONAL","E","PARKED","true",,"0",,"UNKNOWN TOWING CO",,,,,,,,,"true",,,,,,,"SIDE-LEFT",,,,,,,,,,,,,,,,,,,,,,,,,,,,,,,,,
"754688","JC462870","2019-10-07T03:20:00","1","DRIVER",,"716891",,"TOYOTA MOTOR COMPANY, LTD.","CAMRY","IL","2013","UNKNOWN","PASSENGER","PERSONAL","NW","STRAIGHT AHEAD",,,"1",,,,,"true",,,,,,,,,,"true","true",,"OTHER",,,,,,,,,,,,,,,,,,,,,,,,,,,,,,,,,
"754677","JC462817","2019-10-07T03:00:00","1","DRIVER",,"716879",,"SATURN","Vue","IL","2006","UNKNOWN","PASSENGER","PERSONAL","N","STRAIGHT AHEAD","true",,"1",,"CITY OF CHICAGO",,,,,,,,,"true",,,,"true","true","true","TOTAL (ALL AREAS)",,,,,,,,,,,,,,,,,,,,,,,,,,,,,,,,,
"754671","JC462804","2019-10-07T02:06:00","1","DRIVER",,"716873",,"CHEVROLET","MALIBU (CHEVELLE)","IL","2013","NONE","PASSENGER","PERSONAL","S","STRAIGHT AHEAD",,,"1",,,,,"true","true","true","true",,,,,,,,,,"FRONT",,,,,,,,,,,,,,,,,,,,,,,,,,,,,,,,,
"754672","JC462804","2019-10-07T02:06:00","2","PARKED",,"716874",,"HONDA","RIDGELINE","IL","2006","NONE","PICKUP","PERSONAL","N","PARKED",,,"0",,,,,,,,,,,,,,,"true",,,"TOTAL (ALL AREAS)",,,,,,,,,,,,,,,,,,,,,,,,,,,,,,,,,
"754872","JC463207","2019-10-07T01:30:00","2","PARKED",,"717057",,"VOLKSWAGEN","TIGUAN","IL","2011","NONE","PASSENGER","NOT IN USE","E","PARKED","true",,"0",,,,,,,,,,,"true","true","true","true",,,,"SIDE-LEFT",,,,,,,,,,,,,,,,,,,,,,,,,,,,,,,,,
"754673","JC462793","2019-10-07T01:27:00","1","DRIVER",,"716875",,"NISSAN","SENTRA (DATSUN AND NISSAN HAVE MERGED)","IL","2015","UNKNOWN","PASSENGER","PERSONAL","E","STRAIGHT AHEAD","true",,"1",,,,,"true",,,,,,,,,,"true","true",,"OTHER",,,,,,,,,,,,,,,,,,,,,,,,,,,,,,,,,
"754674","JC462793","2019-10-07T01:27:00","2","DRIVER",,"716876",,"TOYOTA MOTOR COMPANY, LTD.","Sienna (van)","IL","2015","UNKNOWN","VAN/MINI-VAN","TAXI/FOR HIRE","S","STRAIGHT AHEAD","true",,"1",,"E&R","103rd and doty Rd",,"true","true","true","true","true","true","true","true","true","true","false","true",,"ROOF",,,,,,,,,,,,,,,,,,,,,,,,,,,,,,,,,
"754668","JC462791","2019-10-07T01:21:00","1","DRIVER",,"716869",,"VOLKSWAGEN","JETTA","TX","2016","UNKNOWN","PASSENGER","PERSONAL","N","STRAIGHT AHEAD","true",,"1",,"private","unk",,"true","true","true",,,,,,,,,"true",,"FRONT",,,,,,,,,,,,,,,,,,,,,,,,,,,,,,,,,
"754669","JC462791","2019-10-07T01:21:00","2","PARKED",,"716871",,"CHEVROLET","COBALT","IL","2007","UNKNOWN","PASSENGER","NOT IN USE","N","PARKED",,,"0",,,,,,,,,,,"true","true","true",,,,,"SIDE-LEFT",,,,,,,,,,,,,,,,,,,,,,,,,,,,,,,,,
"754670","JC462791","2019-10-07T01:21:00","3","PARKED",,"716872",,"SUBARU","OUTBACK","IL","2011","OTHER","PASSENGER","NOT IN USE","N","PARKED",,,"0",,,,,,,,,,,,,"true","true","true",,,"TOTAL (ALL AREAS)",,,,,,,,,,,,,,,,,,,,,,,,,,,,,,,,,
"756348","JC466214","2019-10-07T01:00:00","2","PARKED",,"718445",,"CHEVROLET","MALIBU (CHEVELLE)","IL","2014","NONE","PASSENGER","PERSONAL","S","PARKED",,,"0",,,,,"true",,,,,,,,,,"true","true",,"OTHER",,,,,,,,,,,,,,,,,,,,,,,,,,,,,,,,,
"755725","JC464934","2019-10-07T01:00:00","2","PARKED",,"717842",,"BUICK","BUICK","IL","2014","NONE","PASSENGER","PERSONAL","W","PARKED",,,"0",,,,,,,,,,,,,,,"true",,,"TOTAL (ALL AREAS)",,,,,,,,,,,,,,,,,,,,,,,,,,,,,,,,,
"754851","JC463149","2019-10-07T01:00:00","2","PARKED",,"717043",,"HONDA","CRV","IL","2008","NONE","SPORT UTILITY VEHICLE (SUV)","NOT IN USE","N","PARKED",,,"0",,,,,,,,,,"true","true",,,,,,,"REAR-LEFT",,,,,,,,,,,,,,,,,,,,,,,,,,,,,,,,,
"754665","JC462770","2019-10-07T00:44:00","1","DRIVER",,"716865",,"DODGE","DART","IL","2016","UNKNOWN","PASSENGER","PERSONAL","N","UNKNOWN/NA","true",,"1",,"private tow company",,,,,,,,,,,,,,,,"TOTAL (ALL AREAS)",,,,,,,,,,,,,,,,,,,,,,,,,,,,,,,,,
"754663","JC462751","2019-10-07T00:03:00","3","PARKED",,"716866",,"FORD","EXPLORER","IL","2015","UNKNOWN","SPORT UTILITY VEHICLE (SUV)","PERSONAL","UNKNOWN","PARKED",,,"0",,,,,,,,,,,,,,"true","true","false",,"TOTAL (ALL AREAS)",,,,,,,,,,,,,,,,,,,,,,,,,,,,,,,,,
"754664","JC462751","2019-10-07T00:03:00","4","PARKED",,"716867",,"KIA MOTORS CORP","SORENTO","IL","2006","UNKNOWN","PASSENGER","PERSONAL","UNKNOWN","PARKED",,,"0",,,,,"true",,,,,,,,,,"true","true",,"OTHER",,,,,,,,,,,,,,,,,,,,,,,,,,,,,,,,,
"754659","JC462754","2019-10-07T00:01:00","1","DRIVER",,"716858",,"CHEVROLET","CHEVROLET","IL","2019","NONE","PASSENGER","PERSONAL","S","U-TURN",,,"1",,,,,"false","false",,,,,,"true","true","true","true",,,"ROOF",,,,,,,,,,,,,,,,,,,,,,,,,,,,,,,,,
"754643","JC462685","2019-10-06T23:25:00","2","DRIVER","2","716845",,"FORD","EDGE","IL","2012","NONE","SPORT UTILITY VEHICLE (SUV)","PERSONAL","W","STRAIGHT AHEAD",,,"3",,,,,,,,,,"true","true","true","true",,,,,"SIDE-LEFT",,,,,,,,,,,,,,,,,,,,,,,,,,,,,,,,,
"754650","JC462733","2019-10-06T23:08:00","2","DRIVER",,"716848",,"CADILLAC","Escalade","IL","2011","UNKNOWN","PASSENGER","PERSONAL","W","UNKNOWN/NA",,,"1",,,,,,,,,,,,,,"true",,,,"UNKNOWN",,,,,,,,,,,,,,,,,,,,,,,,,,,,,,,,,
"754655","JC462719","2019-10-06T23:01:00","1","DRIVER",,"716855",,"CHEVROLET","IMPALA","IL","2015","UNKNOWN","PASSENGER","PERSONAL","N","TURNING RIGHT",,,"1",,,,,"true","true",,,,,,,,,,,,"FRONT",,,,,,,,,,,,,,,,,,,,,,,,,,,,,,,,,
"754656","JC462719","2019-10-06T23:01:00","2","PARKED",,"716856",,"JEEP","UNKNOWN","TX","2010","UNKNOWN","PASSENGER","NOT IN USE","N","PARKED",,,"0",,,,,,,,,,,"true","false","false",,,,,"SIDE-LEFT",,,,,,,,,,,,,,,,,,,,,,,,,,,,,,,,,
"754644","JC462709","2019-10-06T22:50:00","1","DRIVER",,"716846",,"JEEP","LAREDO","IL","2011","UNKNOWN","SPORT UTILITY VEHICLE (SUV)","UNKNOWN/NA","S","UNKNOWN/NA","true",,"1",,"CITY OF CHICAGO","POUND 6",,"false",,,,,,"false","false","false","false","false","false",,,,,,,,,,,,,,,,,,,,,,,,,,,,,,,,,,,
"754647","JC462709","2019-10-06T22:50:00","4","PARKED",,"716861",,"JEEP","UNKNOWN","IL","2014","UNKNOWN","UNKNOWN/NA","NOT IN USE","S","PARKED",,,"0",,,,,"true",,,,"true","true","true",,,,"true","true",,"REAR-LEFT",,,,,,,,,,,,,,,,,,,,,,,,,,,,,,,,,
"754648","JC462709","2019-10-06T22:50:00","5","PARKED",,"716862",,"JEEP","UNKNOWN","CA","2018","UNKNOWN","UNKNOWN/NA","NOT IN USE","S","PARKED",,,"0",,,,,,,,,"true","true","true",,,,,,,"REAR-LEFT",,,,,,,,,,,,,,,,,,,,,,,,,,,,,,,,,
"754653","JC462707","2019-10-06T22:33:00","1","DRIVER",,"716850",,"JEEP","UNKNOWN","IL","2018","UNKNOWN","PASSENGER","AMBULANCE","N","STRAIGHT AHEAD","true",,"1",,"OWNER","UNKNOWN",,"true",,,,,,,,,,"true","true",,"OTHER",,,,,,,,,,,,,,,,,,,,,,,,,,,,,,,,,
"754654","JC462707","2019-10-06T22:33:00","2","DRIVER",,"716853",,"NISSAN","SENTRA (DATSUN AND NISSAN HAVE MERGED)","IL","2010","NONE","PASSENGER","PERSONAL","N","STRAIGHT AHEAD","true",,"1",,"CITY OF CHICAGO","102ND & DOTY POUND",,,,,,"true","true","true",,,,,,,"REAR-LEFT",,,,,,,,,,,,,,,,,,,,,,,,,,,,,,,,,
"755210","JC463848","2019-10-06T22:30:00","2","DRIVER","1","717364",,"DODGE","JOURNEY","IL","2012","NONE","SPORT UTILITY VEHICLE (SUV)","PERSONAL","NW","TURNING RIGHT",,,"2",,,,,,"true","true",,,,,,,,,,,"SIDE-RIGHT",,,,,,,,,,,,,,,,,,,,,,,,,,,,,,,,,
"754651","JC462746","2019-10-06T22:20:00","1","DRIVER",,"716849",,"HONDA","CIVIC","IL","2014","UNKNOWN","PASSENGER","UNKNOWN/NA","W","STRAIGHT AHEAD",,,"1",,,,,,,,,,,,,,,,"true",,"OTHER",,,,,,,,,,,,,,,,,,,,,,,,,,,,,,,,,
"754638","JC462703","2019-10-06T22:15:00","2","DRIVER",,"716842",,"KIA MOTORS CORP","Sedona","IL","2015","UNKNOWN","VAN/MINI-VAN","PERSONAL","S","SLOW/STOP IN TRAFFIC",,,"1",,,,,,,,,"true","true","true",,,,,,,"REAR-LEFT",,,,,,,,,,,,,,,,,,,,,,,,,,,,,,,,,