"crash_unit_id","rd_no","crash_date","unit_no","unit_type","num_passengers","vehicle_id","cmrc_veh_i","make","model","lic_plate_state","vehicle_year","vehicle_defect","vehicle_type","vehicle_use","travel_direction","maneuver","towed_i","fire_i","occupant_cnt","exceed_speed_limit_i","towed_by","towed_to","area_00_i","area_01_i","area_02_i","area_03_i","area_04_i","area_05_i","area_06_i","area_07_i","area_08_i","area_09_i","area_10_i","area_11_i","area_12_i","area_99_i","first_contact_point","cmv_id","usdot_no","ccmc_no","ilcc_no","commercial_src","gvwr","carrier_name","carrier_state","carrier_city","hazmat_placards_i","hazmat_name","un_no","hazmat_present_i","hazmat_report_i","hazmat_report_no","mcs_report_i","mcs_report_no","hazmat_vio_cause_crash_i","mcs_vio_cause_crash_i","idot_permit_no","wide_load_i","trailer1_width","trailer2_width","trailer1_length","trailer2_length","total_vehicle_length","axle_cnt","vehicle_config","cargo_body_type","load_type","hazmat_out_of_service_i","mcs_out_of_service_i","hazmat_class"
"754634","JC462670","2019-10-06T21:52:00","2","DRIVER","1","716836",,"HONDA","CIVIC","IL","2012","UNKNOWN","PASSENGER","PERSONAL","N","STRAIGHT AHEAD",,,"2",,,,,,,,,"false","false","true",,,,,,,"REAR-LEFT",,,,,,,,,,,,,,,,,,,,,,,,,,,,,,,,,
"756306","JC466156","2019-10-06T21:30:00","2","PARKED",,"718416",,"CHEVROLET","UNKNOWN","IL","2019","NONE","SPORT UTILITY VEHICLE (SUV)","PERSONAL","N","PARKED",,,"0",,,,,"true","true",,,,,,,,,,,,"FRONT",,,,,,,,,,,,,,,,,,,,,,,,,,,,,,,,,
"754636","JC462701","2019-10-06T21:30:00","2","PARKED",,"716832",,"LEXUS","RX350","IL","2007","NONE","SPORT UTILITY VEHICLE (SUV)","PERSONAL","UNKNOWN","PARKED",,,"0",,,,,,,,,,,"true","true","true",,,,,"SIDE-LEFT",,,,,,,,,,,,,,,,,,,,,,,,,,,,,,,,,
"754626","JC462678","2019-10-06T21:30:00","2","PARKED",,"716826",,"FORD","ESCAPE (SUV)","IL","2016","NONE","SPORT UTILITY VEHICLE (SUV)","PERSONAL","S","PARKED",,,"0",,,,,,,,,,,,"true","true","true","true",,,"UNDER CARRIAGE",,,,,,,,,,,,,,,,,,,,,,,,,,,,,,,,,
"754666","JC462672","2019-10-06T21:11:00","1","DRIVER",,"716868",,"CHEVROLET","IMPALA","IL","2011","UNKNOWN","PASSENGER","PERSONAL","E","TURNING RIGHT",,,"1",,,,,,"true","true",,,,,,,,,,,,,,,,,,,,,,,,,,,,,,,,,,,,,,,,,,,,
"754667","JC462672","2019-10-06T21:11:00","2","DRIVER",,"716870",,"HONDA","CIVIC","IL","2016","NONE","PASSENGER","PERSONAL","E","TURNING RIGHT",,,"1",,,,,,,,,,,"true","true","true",,,,,,,,,,,,,,,,,,,,,,,,,,,,,,,,,,,,,,
"754913","JC463350","2019-10-06T21:00:00","1","DRIVER",,"717086",,"CHEVROLET","MALIBU (CHEVELLE)",,"2011","OTHER","PASSENGER","PERSONAL","N","STRAIGHT AHEAD",,,"1",,,,,"true",,,,,,,,,,"true","true",,"OTHER",,,,,,,,,,,,,,,,,,,,,,,,,,,,,,,,,
"754914","JC463350","2019-10-06T21:00:00","2","DRIVER",,"717089",,"TOYOTA MOTOR COMPANY, LTD.","CAMRY","IL","2007","NONE","PASSENGER","PERSONAL","N","SLOW/STOP IN TRAFFIC",,,"1",,,,,,,,,"true","true","true",,,,,,,"REAR-LEFT",,,,,,,,,,,,,,,,,,,,,,,,,,,,,,,,,
"754622","JC462646","2019-10-06T20:58:00","1","DRIVER",,"716822",,"NISSAN","SENTRA (DATSUN AND NISSAN HAVE MERGED)","IL","2019","UNKNOWN","PASSENGER","PERSONAL","N","TURNING LEFT",,,"1",,,,,,"true","true",,,,,,,,,,,"SIDE-RIGHT",,,,,,,,,,,,,,,,,,,,,,,,,,,,,,,,,
"754623","JC462646","2019-10-06T20:58:00","2","DRIVER","2","716829",,"DODGE","JOURNEY","IL","2016","UNKNOWN","PASSENGER","PERSONAL","W","STRAIGHT AHEAD",,,"3",,,,,"true",,,,,,,,,,"true","true",,"OTHER",,,,,,,,,,,,,,,,,,,,,,,,,,,,,,,,,
"754619","JC462617","2019-10-06T20:50:00","1","DRIVER",,"716818",,"LEXUS","RX450H","IN","2010","NONE","SPORT UTILITY VEHICLE (SUV)","PERSONAL","N","STRAIGHT AHEAD",,,"1",,,,,,,,,,,,,,,,,,,,,,,,,,,,,,,,,,,,,,,,,,,,,,,,,,,
"754617","JC462642","2019-10-06T20:45:00","1","DRIVER",,"716819",,"NISSAN","NISSAN ALTIMA","FL","2018","UNKNOWN","PASSENGER","RIDESHARE SERVICE","N","STRAIGHT AHEAD",,,"1",,,,,,,,,,,,,,,"true",,,"TOTAL (ALL AREAS)",,,,,,,,,,,,,,,,,,,,,,,,,,,,,,,,,
"754618","JC462642","2019-10-06T20:45:00","2","DRIVER",,"716821",,"CHEVROLET","CRUZE","IL","2018","UNKNOWN","PASSENGER","PERSONAL","N","STRAIGHT AHEAD",,,"1",,,,,,,,,"true",,,,,,,,,"REAR",,,,,,,,,,,,,,,,,,,,,,,,,,,,,,,,,
"756025","JC464657","2019-10-06T20:30:00","2","PARKED",,"718141",,"CHEVROLET","TRAVERSE","IL","2020","NONE","SPORT UTILITY VEHICLE (SUV)","PERSONAL","W","PARKED",,,"0",,,,,,,,,,,,,,,"true",,,"TOTAL (ALL AREAS)",,,,,,,,,,,,,,,,,,,,,,,,,,,,,,,,,
"755311","JC463977","2019-10-06T20:30:00","2","DRIVERLESS",,"717469",,"NISSAN","NISSAN","IL","2018","UNKNOWN","PASSENGER","PERSONAL","S","PARKED",,,"0",,,,,,,,,,,,"true","true","true",,,,"ROOF",,,,,,,,,,,,,,,,,,,,,,,,,,,,,,,,,
"754640","JC462676","2019-10-06T20:30:00","2","DRIVER",,"716844",,"BUICK","UNKNOWN","IL","2018","UNKNOWN","PASSENGER","PERSONAL","W","STRAIGHT AHEAD",,,"1",,,,,,,,,,"true",,,,,,,,"REAR-LEFT",,,,,,,,,,,,,,,,,,,,,,,,,,,,,,,,,
"754609","JC462592","2019-10-06T20:08:00","1","DRIVER",,"716811",,"TOYOTA MOTOR COMPANY, LTD.","Prius","IL","2013","NONE","PASSENGER","RIDESHARE SERVICE","SW","TURNING LEFT",,,"1",,,,,,,,,,,,,,,"true",,,"TOTAL (ALL AREAS)",,,,,,,,,,,,,,,,,,,,,,,,,,,,,,,,,
"754604","JC462582","2019-10-06T20:00:00","2","PARKED",,"716806",,"CHEVROLET","IMPALA","IL","2009","UNKNOWN","PASSENGER","NOT IN USE","W","PARKED",,,"0",,,,,,,,,,,,"true","true","true","true",,,"UNDER CARRIAGE",,,,,,,,,,,,,,,,,,,,,,,,,,,,,,,,,
"754624","JC462649","2019-10-06T19:55:00","1","DRIVER",,"716824","true","FREIGHTLINER CORP.","FREIGHTLINER CORP.","GA","2016","NONE","TRACTOR W/ SEMI-TRAILER","COMMERCIAL - MULTI-UNIT","S","STRAIGHT AHEAD",,,"1",,,,,,,,,,,,,,"true",,,,"ROOF","8348","750824","320063",,"DRIVER","3","FRANK J LOVELL JR.","GA","JONESBORO",,,,,,,,,,,,,,,,,,,,,,,"false",
"754621","JC462655","2019-10-06T19:30:00","2","DRIVER",,"716831",,"NISSAN","MAURANO","IL","2011","NONE","PASSENGER","PERSONAL","S","STRAIGHT AHEAD",,,"1",,,,,,,"true","true","true",,,,,,,,,"REAR-RIGHT",,,,,,,,,,,,,,,,,,,,,,,,,,,,,,,,,
"754605","JC462589","2019-10-06T19:25:00","1","PARKED",,"716810",,"NISSAN","NISSAN ALTIMA","IL","2019","NONE","PASSENGER","PERSONAL","E","PARKED",,,"0",,,,,,,,,,,,"true","true","true",,,,"ROOF",,,,,,,,,,,,,,,,,,,,,,,,,,,,,,,,,
"754606","JC462589","2019-10-06T19:25:00","2","DRIVER",,"716813",,"FORD","FORD-TRUCK,VAN,SUV, ETC","IL","2016","NONE","VAN/MINI-VAN","UNKNOWN/NA","E","STRAIGHT AHEAD",,,"1",,,,,,,,"true","true",,,,,,,,,"REAR-RIGHT",,,,,,,,,,,,,,,,,,,,,,,,,,,,,,,,,
"754593","JC462543","2019-10-06T19:19:00","1","DRIVER",,"716795",,"TOYOTA MOTOR COMPANY, LTD.","Tundra","IL","2014","NONE","PASSENGER","PERSONAL","S","STRAIGHT AHEAD",,,"1",,,,,"false","true",,,,,,,,,,,,"FRONT-RIGHT",,,,,,,,,,,,,,,,,,,,,,,,,,,,,,,,,
"754594","JC462543","2019-10-06T19:19:00","2","PARKED",,"716799",,"LEXUS","GX460","IL","2012","NONE","PASSENGER","PERSONAL","S","PARKED",,,"0",,,,,,,,,,,,,,,"true","true",,"TOTAL (ALL AREAS)",,,,,,,,,,,,,,,,,,,,,,,,,,,,,,,,,
"754579","JC462534","2019-10-06T19:15:00","1","DRIVER",,"716781",,"NISSAN","NISSAN","IL","2013","UNKNOWN","PASSENGER","UNKNOWN/NA","N","PASSING/OVERTAKING",,,"1",,,,,,,,,,,,,,,,,"true","TOTAL (ALL AREAS)",,,,,,,,,,,,,,,,,,,,,,,,,,,,,,,,,
"754577","JC462532","2019-10-06T19:03:00","1","DRIVER",,"716783",,"HONDA","Odyssey (minivan)",,"2007","UNKNOWN","UNKNOWN/NA","UNKNOWN/NA","W","STRAIGHT AHEAD",,,"1",,,,,"true",,,,,,,,,,"true","true",,"OTHER",,,,,,,,,,,,,,,,,,,,,,,,,,,,,,,,,
"754612","JC462583","2019-10-06T19:00:00","2","PARKED",,"716815",,"TOYOTA MOTOR COMPANY, LTD.","UNKNOWN","IN","2006","NONE","PASSENGER","PERSONAL","E","PARKED",,,"0",,,,,,,,,,,,,,,,"true",,"OTHER",,,,,,,,,,,,,,,,,,,,,,,,,,,,,,,,,
"754581","JC462536","2019-10-06T19:00:00","1","DRIVER","2","716785",,"MAZDA","Mazda 3","IL","2019","NONE","PASSENGER","PERSONAL","S","TURNING LEFT",,,"3",,,,,"true","true",,,,,,,,,,"true",,"FRONT",,,,,,,,,,,,,,,,,,,,,,,,,,,,,,,,,
"754582","JC462536","2019-10-06T19:00:00","2","DRIVER","1","716793",,"VOLKSWAGEN","JETTA","GA","2017","NONE","PASSENGER","PERSONAL","N","STRAIGHT AHEAD","true",,"2",,,,,"true",,,,,,,,,,"true","true",,"OTHER",,,,,,,,,,,,,,,,,,,,,,,,,,,,,,,,,
"754574","JC462522","2019-10-06T18:45:00","2","DRIVER",,"716778",,"CHEVROLET","MALIBU (CHEVELLE)","IL","2014","NONE","PASSENGER","PERSONAL","W","SLOW/STOP IN TRAFFIC",,,"1",,,,,,,,,,"true","true","true",,,,,,"REAR-LEFT",,,,,,,,,,,,,,,,,,,,,,,,,,,,,,,,,
"754567","JC462515","2019-10-06T18:45:00","1","DRIVER",,"716775",,"HONDA","ACCORD","IL","2011","BRAKES","PASSENGER","PERSONAL","E","TURNING RIGHT",,,"1",,,,,"true","true",,,,,,,,,,,,"FRONT",,,,,,,,,,,,,,,,,,,,,,,,,,,,,,,,,
"754568","JC462515","2019-10-06T18:45:00","2","DRIVER","1","716772",,"CHEVROLET","IMPALA","IL","2015","NONE","PASSENGER","PERSONAL","E","TURNING RIGHT",,,"2",,,,,,,,,,,,,,,"true",,,"TOTAL (ALL AREAS)",,,,,,,,,,,,,,,,,,,,,,,,,,,,,,,,,
"754596","JC462568","2019-10-06T18:30:00","2","DRIVERLESS",,"716801",,"VOLKSWAGEN","PASSAT","IL","2014","UNKNOWN","PASSENGER","NOT IN USE","UNKNOWN","PARKED",,,"0",,,,,,,,,,,,,,,,"true",,"OTHER",,,,,,,,,,,,,,,,,,,,,,,,,,,,,,,,,
"754866","JC463201","2019-10-06T18:20:00","2","PARKED",,"717608",,"CHEVROLET","MALIBU (CHEVELLE)","IL","2014","NONE","PASSENGER","NOT IN USE","W","PARKED",,,"0",,,,,,,,,,,,"true","true","true",,,,"ROOF",,,,,,,,,,,,,,,,,,,,,,,,,,,,,,,,,
"754560","JC462479","2019-10-06T18:10:00","1","DRIVER",,"716768",,"NISSAN","SENTRA (DATSUN AND NISSAN HAVE MERGED)","IL","2015","UNKNOWN","PASSENGER","PERSONAL","N","STRAIGHT AHEAD","true",,"1",,"personal insurance co",,,"true",,,,,,,,,,"true","true",,"OTHER",,,,,,,,,,,,,,,,,,,,,,,,,,,,,,,,,
"754561","JC462479","2019-10-06T18:10:00","2","DRIVER",,"716776",,"CHEVROLET","HHR","IL","2009","UNKNOWN","PASSENGER","PERSONAL","W","STRAIGHT AHEAD","true",,"1",,"PERSONAL INSURANCE",,,,,,,,,"true","true","true","true","true",,,"ROOF",,,,,,,,,,,,,,,,,,,,,,,,,,,,,,,,,
"754575","JC462480","2019-10-06T17:55:00","1","DRIVER","2","716784",,"LEXUS","ES350","IL","2007","UNKNOWN","PASSENGER","PERSONAL","NW","CHANGING LANES",,,"3",,,,,,,,,,,,,,"true","false","true",,"UNDER CARRIAGE",,,,,,,,,,,,,,,,,,,,,,,,,,,,,,,,,
"754601","JC462584","2019-10-06T17:50:00","1","DRIVER",,"716805",,"HYUNDAI","SONATA","IL","2018","NONE","PASSENGER","PERSONAL","E","STRAIGHT AHEAD","true",,"1",,"PRIVATE",,,"true",,,,,,,,,,,"true",,"FRONT",,,,,,,,,,,,,,,,,,,,,,,,,,,,,,,,,
"754602","JC462584","2019-10-06T17:50:00","2","DRIVER","3","716808",,"FORD","EDGE","IL","2019","NONE","PASSENGER","OTHER","N","STRAIGHT AHEAD","true",,"4",,"EMPIRE",,,,,,,,,,,,,,"true",,"OTHER",,,,,,,,,,,,,,,,,,,,,,,,,,,,,,,,,
"754558","JC462462","2019-10-06T17:50:00","1","DRIVER",,"716766","false","KIA MOTORS CORP","Optima","IL","2019","UNKNOWN","PASSENGER","PERSONAL","W","STRAIGHT AHEAD",,,"1",,,,,"true","true",,,,,,,,,,,,"FRONT",,,,,,,,,,,,,,,,,,,,,,,,,,,,,,,,,
"754559","JC462462","2019-10-06T17:50:00","2","DRIVERLESS",,"716771",,"VOLVO","C30","WI","2011","NONE","PASSENGER","UNKNOWN/NA","W","PARKED",,,"0",,,,,,,,,,,"true","true",,,,,,"SIDE-LEFT",,,,,,,,,,,,,,,,,,,,,,,,,,,,,,,,,
"755084","JC463631","2019-10-06T17:45:00","1","DRIVER","2","717242",,"TOYOTA MOTOR COMPANY, LTD.","RAV4 (sport utility)","IL","2014","NONE","SPORT UTILITY VEHICLE (SUV)","PERSONAL","N","STRAIGHT AHEAD","true",,"3",,,,,,,,,,,,,,,,,,,,,,,,,,,,,,,,,,,,,,,,,,,,,,,,,,,
"754946","JC463382","2019-10-06T17:30:00","1","DRIVER",,"717115",,"ACURA","ACURA","IL","2008","UNKNOWN","PASSENGER","UNKNOWN/NA","W","ENTERING TRAFFIC LANE FROM PARKING",,,"1",,,,,,,,,,,,,,,,,"true","TOTAL (ALL AREAS)",,,,,,,,,,,,,,,,,,,,,,,,,,,,,,,,,
"754947","JC463382","2019-10-06T17:30:00","2","DRIVER",,"717125",,"CHRYSLER","300","IL","2013","NONE","PASSENGER","PERSONAL","W","STRAIGHT AHEAD",,,"1",,,,,,"true","true","true",,,,,,,,,,"SIDE-RIGHT",,,,,,,,,,,,,,,,,,,,,,,,,,,,,,,,,
"754543","JC462422","2019-10-06T17:26:00","2","DRIVER",,"716754",,"HONDA","ACCORD","IL","2014","NONE","PASSENGER","PERSONAL","E","STRAIGHT AHEAD",,,"1",,,,,"true",,,,,,,,,,,"true",,"FRONT",,,,,,,,,,,,,,,,,,,,,,,,,,,,,,,,,
"754534","JC462451","2019-10-06T17:20:00","1","DRIVER",,"716735",,"FORD","Econoline E-450","AZ","2011","NONE","OTHER","OTHER","E","TURNING LEFT",,,"1",,,,,,,,,,,,,,,,,"true","UNKNOWN",,,,,,,,,,,,,,,,,,,,,,,,,,,,,,,,,
"754535","JC462451","2019-10-06T17:20:00","2","PARKED",,"716740",,"NISSAN","NISSAN ALTIMA","IL","2013","NONE","PASSENGER","PERSONAL","E","PARKED",,,"0",,,,,,,,"true","true",,,,,,,,,"REAR-RIGHT",,,,,,,,,,,,,,,,,,,,,,,,,,,,,,,,,
"754530","JC462425","2019-10-06T17:20:00","2","PARKED",,"716732",,"NISSAN","SENTRA (DATSUN AND NISSAN HAVE MERGED)","IL","2015","UNKNOWN","UNKNOWN/NA","NOT IN USE","W","PARKED",,,"0",,,,,,,,,"true","true",,,,,,,,"REAR-LEFT",,,,,,,,,,,,,,,,,,,,,,,,,,,,,,,,,
"754523","JC462398","2019-10-06T17:20:00","1","DRIVER",,"716726",,"TOYOTA MOTOR COMPANY, LTD.","CAMRY","IL","2017","UNKNOWN","PASSENGER","PERSONAL","W","TURNING RIGHT",,,"1",,,,,"true",,,,,,,,,,,,,"FRONT",,,,,,,,,,,,,,,,,,,,,,,,,,,,,,,,,
"755206","JC463837","2019-10-06T17:15:00","1","DRIVER",,"717358",,"NISSAN","Murano","IL","2011","NONE","SPORT UTILITY VEHICLE (SUV)","PERSONAL","E","STRAIGHT AHEAD",,,"1",,,,,,,,,,,,,,,,,,"NONE",,,,,,,,,,,,,,,,,,,,,,,,,,,,,,,,,
"755205","JC463837","2019-10-06T17:15:00","2","DRIVER",,"717365",,"CHEVROLET","EQUINOX","IL","2016","NONE","SPORT UTILITY VEHICLE (SUV)","PERSONAL","E","SLOW/STOP IN TRAFFIC",,,"1",,,,,,,,,,,,,,,,,,"NONE",,,,,,,,,,,,,,,,,,,,,,,,,,,,,,,,,
"754508","JC462409","2019-10-06T17:15:00","1","DRIVER",,"716714",,"CHRYSLER","200","IL","2016","NONE","PASSENGER","PERSONAL","E","STRAIGHT AHEAD",,,"1",,,,,,,,,,,,,,,,"true",,"OTHER",,,,,,,,,,,,,,,,,,,,,,,,,,,,,,,,,
"754509","JC462409","2019-10-06T17:15:00","2","DRIVER",,"716716",,"CHEVROLET","CRUZE","IL","2017","NONE","PASSENGER","PERSONAL","E","SLOW/STOP IN TRAFFIC",,,"1",,,,,,,,,,"true",,,,,,,,"REAR-LEFT",,,,,,,,,,,,,,,,,,,,,,,,,,,,,,,,,
"754538","JC462423","2019-10-06T17:00:00","1","DRIVER",,"716752",,"TOYOTA MOTOR COMPANY, LTD.","COROLLA","IL","2017","NONE","PASSENGER","PERSONAL","N","ENTER FROM DRIVE/ALLEY",,,"1",,,,,"true",,,,,,,,,,"true","true",,"OTHER",,,,,,,,,,,,,,,,,,,,,,,,,,,,,,,,,
"754539","JC462423","2019-10-06T17:00:00","2","DRIVER",,"716759",,"FORD","FLEX","IL","2016","NONE","PASSENGER","PERSONAL","W","STRAIGHT AHEAD",,,"1",,,,,,,,,,,"true","true",,,,,,"FRONT-LEFT",,,,,,,,,,,,,,,,,,,,,,,,,,,,,,,,,
"754506","JC462401","2019-10-06T17:00:00","1","DRIVER",,"716713",,"MAZDA","UNKNOWN","IL","2012","NONE","PASSENGER","PERSONAL","E","STRAIGHT AHEAD",,,"1",,,,,,,,,,,,,,,,"true",,"OTHER",,,,,,,,,,,,,,,,,,,,,,,,,,,,,,,,,
"754507","JC462401","2019-10-06T17:00:00","2","DRIVER","2","716717",,"NISSAN","SENTRA (DATSUN AND NISSAN HAVE MERGED)","IL","2018","NONE","PASSENGER","PERSONAL","E","SLOW/STOP IN TRAFFIC",,,"3",,,,,,,,,,"true",,,,,,,,"REAR-LEFT",,,,,,,,,,,,,,,,,,,,,,,,,,,,,,,,,
"754546","JC462481","2019-10-06T16:50:00","1","DRIVER",,"716748",,"TOYOTA MOTOR COMPANY, LTD.","COROLLA","IL","2016","UNKNOWN","PASSENGER","PERSONAL","S","STRAIGHT AHEAD",,,"1",,,,,,,,,,,,,,,,"true",,"OTHER",,,,,,,,,,,,,,,,,,,,,,,,,,,,,,,,,
"754547","JC462481","2019-10-06T16:50:00","2","DRIVER",,"716751",,"NISSAN","Pathfinder","IL","2014","NONE","SPORT UTILITY VEHICLE (SUV)","PERSONAL","S","SLOW/STOP IN TRAFFIC",,,"4",,,,,,,,,,"true",,,,,,"true",,"REAR-LEFT",,,,,,,,,,,,,,,,,,,,,,,,,,,,,,,,,
"754548","JC462481","2019-10-06T16:50:00","3","DRIVER","1","716763",,"ACURA","ACURA","IL","2019","NONE","PASSENGER","PERSONAL","S","SLOW/STOP IN TRAFFIC",,,"2",,,,,,,,,,"true",,,,,,,,"REAR-LEFT",,,,,,,,,,,,,,,,,,,,,,,,,,,,,,,,,
"754519","JC462412","2019-10-06T16:50:00","1","DRIVER",,"716736",,"JEEP","PATRIOT","IL","2014","NONE","PASSENGER","PERSONAL","S","TURNING LEFT",,,"1",,,,,,,,,,,,,,,"true",,,"TOTAL (ALL AREAS)",,,,,,,,,,,,,,,,,,,,,,,,,,,,,,,,,
"754520","JC462412","2019-10-06T16:50:00","2","DRIVER","1","716745",,"TOYOTA MOTOR COMPANY, LTD.","Prius","IL","2006","NONE","PASSENGER","PERSONAL","W","STRAIGHT AHEAD",,,"2",,,,,"true",,,,,,,,,,,"false",,"FRONT",,,,,,,,,,,,,,,,,,,,,,,,,,,,,,,,,
"757057","JC465065","2019-10-06T16:30:00","1","DRIVER",,"719110",,"TOYOTA MOTOR COMPANY, LTD.","RAV4 (sport utility)","IL","2017","NONE","SPORT UTILITY VEHICLE (SUV)","PERSONAL","UNKNOWN","UNKNOWN/NA",,,"1",,,,"true",,,,,,,,,,,,,,"NONE",,,,,,,,,,,,,,,,,,,,,,,,,,,,,,,,,
"757058","JC465065","2019-10-06T16:30:00","2","PARKED",,"719111",,"HONDA","CRV","IL","2009","NONE","SPORT UTILITY VEHICLE (SUV)","PERSONAL","UNKNOWN","PARKED",,,"0",,,,,,"true",,,,,,,,,,,,"FRONT-RIGHT",,,,,,,,,,,,,,,,,,,,,,,,,,,,,,,,,
"754525","JC462381","2019-10-06T16:30:00","1","DRIVER",,"716727",,"HYUNDAI","ELANTRA","IL","2018","UNKNOWN","PASSENGER","PERSONAL","S","CHANGING LANES",,,"1",,,,,,,,,"true","true",,,,,,,,"REAR",,,,,,,,,,,,,,,,,,,,,,,,,,,,,,,,,
"754526","JC462381","2019-10-06T16:30:00","2","DRIVER",,"716741","false","NEW FLYER","NEW FLYER","IL","2008","UNKNOWN","BUS OVER 15 PASS.","CTA","S","STRAIGHT AHEAD",,,"1",,,,,,,,,,,,,,"true","true",,,"TOTAL (ALL AREAS)",,,,,,,,,,,,,,,,,,,,,,,,,,,,,,,,,
"754476","JC462315","2019-10-06T16:25:00","1","DRIVER","1","716690",,"JEEP","CHEROKEE","IL","2016","NONE","PASSENGER","PERSONAL","N","STRAIGHT AHEAD",,,"2",,,,"true",,,,,,,,,,,,,,"OTHER",,,,,,,,,,,,,,,,,,,,,,,,,,,,,,,,,
"754597","JC462591","2019-10-06T16:15:00","1","DRIVER",,"716800",,"FORD","ESCAPE (SUV)","IL","2012","UNKNOWN","SPORT UTILITY VEHICLE (SUV)","TAXI/FOR HIRE","E","STRAIGHT AHEAD",,,"1",,,,,"true",,,,,,,,,,"false",,,"OTHER",,,,,,,,,,,,,,,,,,,,,,,,,,,,,,,,,
"754598","JC462591","2019-10-06T16:15:00","2","DRIVER","1","716802",,"ACURA","ACURA","IL","2009","UNKNOWN","PASSENGER","PERSONAL","E","STRAIGHT AHEAD",,,"2",,,,,,,,,,,"true",,,,,,,"REAR-LEFT",,,,,,,,,,,,,,,,,,,,,,,,,,,,,,,,,
"754514","JC462325","2019-10-06T16:15:00","1","DRIVER","1","716719",,"HYUNDAI","SONATA","IL","2017","UNKNOWN","PASSENGER","PERSONAL","E","UNKNOWN/NA","true",,"2",,"E&R towed hit and run/damage",,,"true",,,,,,,,,,"true","true",,"OTHER",,,,,,,,,,,,,,,,,,,,,,,,,,,,,,,,,
"754516","JC462325","2019-10-06T16:15:00","3","DRIVERLESS",,"716722",,"MERCEDES-BENZ","UNKNOWN","IL","2015","UNKNOWN","PASSENGER","NOT IN USE","UNKNOWN","PARKED",,,"0",,,,,,,,,"true","true","true",,,,,,,"REAR-LEFT",,,,,,,,,,,,,,,,,,,,,,,,,,,,,,,,,
"754517","JC462325","2019-10-06T16:15:00","4","DRIVERLESS",,"716725",,"BENTLEY","UNKNOWN","IL","2013","UNKNOWN","PASSENGER","NOT IN USE","UNKNOWN","PARKED",,,"0",,,,,,,,,"true","true","true",,,,,,,"REAR-LEFT",,,,,,,,,,,,,,,,,,,,,,,,,,,,,,,,,
"754482","JC462360","2019-10-06T16:10:00","1","DRIVER",,"716694",,"HONDA","CRV","IL","2007","NONE","OTHER VEHICLE WITH TRAILER","PERSONAL","N","BACKING",,,"1",,,,,,,,,,"true",,,,,,,,"REAR-LEFT",,,,,,,,,,,,,,,,,,,,,,,,,,,,,,,,,
"754483","JC462360","2019-10-06T16:10:00","2","DRIVER",,"716691",,"VOLKSWAGEN","JETTA","IL","2013","NONE","PASSENGER","PERSONAL","UNKNOWN","SLOW/STOP IN TRAFFIC",,,"1",,,,,,,"true","true",,,,,,,,,,"SIDE-RIGHT",,,,,,,,,,,,,,,,,,,,,,,,,,,,,,,,,
"754527","JC462350","2019-10-06T16:10:00","1","DRIVER","1","716731",,"VOLKSWAGEN","PASSAT","IL","2014","UNKNOWN","PASSENGER","UNKNOWN/NA","W","STRAIGHT AHEAD",,,"2",,,,,,,,,,,,,,,,"true","true","OTHER",,,,,,,,,,,,,,,,,,,,,,,,,,,,,,,,,
"754499","JC462379","2019-10-06T16:00:00","2","PARKED",,"716705",,"MAZDA","6 (Six)","IL","2009","NONE","PASSENGER","PERSONAL","S","PARKED",,,"0",,,,,,,,,,"true",,,,,,,,"REAR-LEFT",,,,,,,,,,,,,,,,,,,,,,,,,,,,,,,,,
"754512","JC462355","2019-10-06T16:00:00","1","DRIVER",,"716718",,"NEW FLYER","NEW FLYER","IL","2008","NONE","BUS OVER 15 PASS.","CTA","S","STRAIGHT AHEAD",,,"1",,,,,"true",,,,,,,,,,"true","true",,"OTHER",,,,,,,,,,,,,,,,,,,,,,,,,,,,,,,,,
"754513","JC462355","2019-10-06T16:00:00","2","DRIVER",,"716723",,"NISSAN","NISSAN MAXIMA","IL","2010","NONE","PASSENGER","PERSONAL","S","STRAIGHT AHEAD",,,"1",,,,,,,,,"true","true","true",,,,,,,"REAR-LEFT",,,,,,,,,,,,,,,,,,,,,,,,,,,,,,,,,
"754494","JC462391","2019-10-06T15:56:00","2","DRIVER","3","716702",,"NISSAN","Pathfinder","IL","2013","NONE","SPORT UTILITY VEHICLE (SUV)","PERSONAL","W","SLOW/STOP IN TRAFFIC",,,"4",,,,,,,,,,"true",,,,,,,,"REAR-LEFT",,,,,,,,,,,,,,,,,,,,,,,,,,,,,,,,,
"754474","JC462292","2019-10-06T15:48:00","1","DRIVER",,"716684",,"TOYOTA MOTOR COMPANY, LTD.","Sienna (van)","WI","2014","NONE","VAN/MINI-VAN","PERSONAL","N","STRAIGHT AHEAD","false",,"1",,,,,"true",,,,,,,,"true","true","true","true",,"OTHER",,,,,,,,,,,,,,,,,,,,,,,,,,,,,,,,,
"754475","JC462292","2019-10-06T15:48:00","2","DRIVER",,"716689",,"HONDA","Pilot","IL","2006","NONE","PASSENGER","PERSONAL","N","SLOW/STOP IN TRAFFIC",,,"1",,,,,,,,,"true","true","true",,,,,,,"REAR-LEFT",,,,,,,,,,,,,,,,,,,,,,,,,,,,,,,,,