"crash_unit_id","rd_no","crash_date","unit_no","unit_type","num_passengers","vehicle_id","cmrc_veh_i","make","model","lic_plate_state","vehicle_year","vehicle_defect","vehicle_type","vehicle_use","travel_direction","maneuver","towed_i","fire_i","occupant_cnt","exceed_speed_limit_i","towed_by","towed_to","area_00_i","area_01_i","area_02_i","area_03_i","area_04_i","area_05_i","area_06_i","area_07_i","area_08_i","area_09_i","area_10_i","area_11_i","area_12_i","area_99_i","first_contact_point","cmv_id","usdot_no","ccmc_no","ilcc_no","commercial_src","gvwr","carrier_name","carrier_state","carrier_city","hazmat_placards_i","hazmat_name","un_no","hazmat_present_i","hazmat_report_i","hazmat_report_no","mcs_report_i","mcs_report_no","hazmat_vio_cause_crash_i","mcs_vio_cause_crash_i","idot_permit_no","wide_load_i","trailer1_width","trailer2_width","trailer1_length","trailer2_length","total_vehicle_length","axle_cnt","vehicle_config","cargo_body_type","load_type","hazmat_out_of_service_i","mcs_out_of_service_i","hazmat_class"
"754066","JC461700","2019-10-06T00:40:00","2","DRIVER",,"716316",,"BMW","328i",,"2014","NONE","PASSENGER","PERSONAL","N","STRAIGHT AHEAD",,,"1",,,,,,,,,,"true",,,,,,,,"REAR-LEFT",,,,,,,,,,,,,,,,,,,,,,,,,,,,,,,,,
"754062","JC461683","2019-10-06T00:36:00","2","DRIVER",,"716306",,"FORD","EDGE","IL","2019","UNKNOWN","PASSENGER","PERSONAL","N","TURNING RIGHT",,,"1",,,,,,,,,,,,,,,"true",,,"TOTAL (ALL AREAS)",,,,,,,,,,,,,,,,,,,,,,,,,,,,,,,,,
"754098","JC461677","2019-10-06T00:36:00","2","PARKED",,"716337",,"DODGE","CHARGER","IL","2017","UNKNOWN","PASSENGER","UNKNOWN/NA","E","PARKED","true",,"0",,"PRIVATE TOW",,,,,,,,,"true","true","true","true","true",,,"UNKNOWN",,,,,,,,,,,,,,,,,,,,,,,,,,,,,,,,,
"754099","JC461677","2019-10-06T00:36:00","3","PARKED",,"716361",,"HYUNDAI","ELANTRA","IL","2006","UNKNOWN","UNKNOWN/NA","UNKNOWN/NA","E","PARKED",,,"0",,,,,,,,,,"true","true","true","true",,,,,"SIDE-LEFT",,,,,,,,,,,,,,,,,,,,,,,,,,,,,,,,,
"754057","JC461678","2019-10-06T00:25:00","2","DRIVER",,"716300",,"TOYOTA MOTOR COMPANY, LTD.","CAMRY","IL","2019","UNKNOWN","PASSENGER","PERSONAL","W","STRAIGHT AHEAD",,,"1",,,,,,,,,,,,,,,,"true",,"OTHER",,,,,,,,,,,,,,,,,,,,,,,,,,,,,,,,,
"754076","JC461680","2019-10-06T00:20:00","1","DRIVER",,"716312",,"HONDA","ACCORD","IL","2006","UNKNOWN","PASSENGER","UNKNOWN/NA","W","STRAIGHT AHEAD",,,"1",,,,,,,,,,,,,,,,,,"OTHER",,,,,,,,,,,,,,,,,,,,,,,,,,,,,,,,,
"754088","JC461674","2019-10-06T00:15:00","3","PARKED",,"716333",,"MAZDA","UNKNOWN","IL","2011","UNKNOWN","UNKNOWN/NA","UNKNOWN/NA","UNKNOWN","PARKED",,,"0",,,,,,,,,,,,"true","true","true","true",,,"ROOF",,,,,,,,,,,,,,,,,,,,,,,,,,,,,,,,,
"754064","JC461681","2019-10-06T00:11:00","2","DRIVER",,"716304",,"DODGE","CARAVAN","IL","2013","UNKNOWN","VAN/MINI-VAN","TAXI/FOR HIRE","N","STRAIGHT AHEAD","true",,"1",,"UNKNOWN","UNKNOWN",,,,,,,,,,"true","true","true",,,"TOTAL (ALL AREAS)",,,,,,,,,,,,,,,,,,,,,,,,,,,,,,,,,
"754039","JC461663","2019-10-06T00:08:00","1","DRIVER",,"716280",,"HONDA","ACCORD","IL","2018","UNKNOWN","PASSENGER","UNKNOWN/NA","W","STRAIGHT AHEAD",,,"1",,,,,,,,,,,,,,,,"true",,"OTHER",,,,,,,,,,,,,,,,,,,,,,,,,,,,,,,,,
"754041","JC461663","2019-10-06T00:08:00","3","PARKED",,"716293",,"SCION","TC","IL","2016","UNKNOWN","PASSENGER","PERSONAL","W","PARKED",,,"0",,,,,,,,,,"true",,,,,,"true",,"REAR-LEFT",,,,,,,,,,,,,,,,,,,,,,,,,,,,,,,,,
"754053","JC461670","2019-10-06T00:03:00","2","DRIVER",,"716288",,"CADILLAC","SRX","IL","2010","UNKNOWN","SPORT UTILITY VEHICLE (SUV)","PERSONAL","W","STRAIGHT AHEAD",,,"1",,,,,,,,,"true","true","true","false",,,,,,"REAR-LEFT",,,,,,,,,,,,,,,,,,,,,,,,,,,,,,,,,
"755384","JC462940","2019-10-06T00:00:00","2","PARKED",,"717536",,"HONDA","CIVIC","IL","2008","NONE","PASSENGER","NOT IN USE","N","PARKED",,,"0",,,,,"true",,,,,,,,,"true","true","true",,"SIDE-LEFT",,,,,,,,,,,,,,,,,,,,,,,,,,,,,,,,,
"754590","JC462554","2019-10-06T00:00:00","2","PARKED",,"716792",,"NISSAN","NISSAN ALTIMA","IL","2017","NONE","PASSENGER","PERSONAL","S","PARKED",,,"0",,,,,,,,,,,,,,,"true","true",,"TOTAL (ALL AREAS)",,,,,,,,,,,,,,,,,,,,,,,,,,,,,,,,,
"754046","JC461650","2019-10-05T23:55:00","2","DRIVER",,"716284",,"FORD","EXPLORER","IL","2017","NONE","PASSENGER","POLICE","S","SLOW/STOP IN TRAFFIC","true",,"2",,,,,,,,,,,,,,,"true","true",,"TOTAL (ALL AREAS)",,,,,,,,,,,,,,,,,,,,,,,,,,,,,,,,,
"754047","JC461653","2019-10-05T23:51:00","1","DRIVER",,"716287",,"CHEVROLET","IMPALA","IL","2012","UNKNOWN","PASSENGER","PERSONAL","S","STRAIGHT AHEAD",,,"1",,,,,,,,,,,,,,"true","true","true",,"TOTAL (ALL AREAS)",,,,,,,,,,,,,,,,,,,,,,,,,,,,,,,,,
"754048","JC461653","2019-10-05T23:51:00","2","PARKED",,"716298",,"FORD","EXPEDITION","IL","2201","UNKNOWN","PASSENGER","PERSONAL","E","PARKED",,,"0",,,,,,,,,"true","true","true","true",,,,,,"SIDE-LEFT",,,,,,,,,,,,,,,,,,,,,,,,,,,,,,,,,
"754108","JC461737","2019-10-05T23:45:00","2","DRIVER",,"716342",,"DODGE","JOURNEY","IL","2012","NONE","PASSENGER","PERSONAL","E","STRAIGHT AHEAD",,,"1",,,,,,,,,,,,,"true","false",,,,"ROOF",,,,,,,,,,,,,,,,,,,,,,,,,,,,,,,,,
"754049","JC461652","2019-10-05T23:30:00","1","DRIVER",,"716292",,"MAZDA","323","IL","2008","WHEELS","PASSENGER","PERSONAL","N","STRAIGHT AHEAD","true",,"1",,"PRIVATE TOW",,,"true","true","true",,,,,,,,"true","true",,"FRONT",,,,,,,,,,,,,,,,,,,,,,,,,,,,,,,,,
"754050","JC461652","2019-10-05T23:30:00","2","DRIVERLESS",,"716299",,"MERCEDES-BENZ","UNKNOWN","IL","2018","NONE","PASSENGER","NOT IN USE","UNKNOWN","PARKED",,,"0",,,,,"true",,,,,,"true","true","true","true","true","true",,"SIDE-LEFT",,,,,,,,,,,,,,,,,,,,,,,,,,,,,,,,,
"754051","JC461652","2019-10-05T23:30:00","3","DRIVERLESS",,"716302",,"MERCURY","UNKNOWN","IL","2008","NONE","PASSENGER","NOT IN USE","N","PARKED",,,"0",,,,,,,,,,"true",,,,,,,,"REAR-LEFT",,,,,,,,,,,,,,,,,,,,,,,,,,,,,,,,,
"754033","JC461631","2019-10-05T23:15:00","1","DRIVER",,"716273",,"HONDA","CIVIC","IL","2018","NONE","PASSENGER","PERSONAL","S","TURNING RIGHT",,,"1",,,,"true",,,,,,,,,,,,,,"OTHER",,,,,,,,,,,,,,,,,,,,,,,,,,,,,,,,,
"754034","JC461637","2019-10-05T23:13:00","1","DRIVER",,"716277",,"NISSAN","ROGUE","IL","2009","UNKNOWN","PASSENGER","PERSONAL","N","STRAIGHT AHEAD","true",,"1",,,,,,,,,,,,,,"true","true",,,"TOTAL (ALL AREAS)",,,,,,,,,,,,,,,,,,,,,,,,,,,,,,,,,
"754035","JC461637","2019-10-05T23:13:00","2","DRIVER",,"716279",,"JEEP","Grand Cherokee (for vehicle years 1989 to present)","IL","2016","NONE","PASSENGER","PERSONAL","N","BACKING",,,"1",,,,,"true","true",,,,,,,,,,"true",,"FRONT",,,,,,,,,,,,,,,,,,,,,,,,,,,,,,,,,
"754036","JC461637","2019-10-05T23:13:00","3","PARKED",,"716282",,"HONDA","Odyssey (minivan)","IL","2014","UNKNOWN","VAN/MINI-VAN","NOT IN USE","N","PARKED",,,"0",,,,,,,,,"true","true",,,,,,,,"REAR",,,,,,,,,,,,,,,,,,,,,,,,,,,,,,,,,
"754037","JC461637","2019-10-05T23:13:00","4","PARKED",,"716286",,"BUICK","LACROSSE","IL","2016","UNKNOWN","PASSENGER","NOT IN USE","N","PARKED",,,"0",,,,,"true","true","true","true","true",,,,,,,,,"REAR",,,,,,,,,,,,,,,,,,,,,,,,,,,,,,,,,
"754038","JC461637","2019-10-05T23:13:00","5","PARKED",,"716289",,"GENERAL MOTORS CORP.","TERRAIN","IL","2017","UNKNOWN","PASSENGER","NOT IN USE","N","PARKED",,,"0",,,,,,,,"true","true",,,,,,,,,"REAR",,,,,,,,,,,,,,,,,,,,,,,,,,,,,,,,,
"754058","JC461637","2019-10-05T23:13:00","6","PARKED",,"716294",,"TOYOTA MOTOR COMPANY, LTD.","Prius","IL","2013","UNKNOWN","PASSENGER","NOT IN USE","N","PARKED",,,"0",,,,,,"true",,"true","true",,,,,,,,,"REAR",,,,,,,,,,,,,,,,,,,,,,,,,,,,,,,,,
"754030","JC461632","2019-10-05T23:00:00","1","DRIVER",,"716272",,"TOYOTA MOTOR COMPANY, LTD.","UNKNOWN","IL","2011","UNKNOWN","SPORT UTILITY VEHICLE (SUV)","UNKNOWN/NA","N","STRAIGHT AHEAD",,,"1",,,,,,,,,,,,,,,,"true",,"OTHER",,,,,,,,,,,,,,,,,,,,,,,,,,,,,,,,,
"754031","JC461632","2019-10-05T23:00:00","2","DRIVER",,"716274",,"DODGE","UNKNOWN","IL","2012","NONE","VAN/MINI-VAN","PERSONAL","N","SLOW/STOP IN TRAFFIC",,,"1",,,,,,,,,,"true",,,,,,,,"REAR-LEFT",,,,,,,,,,,,,,,,,,,,,,,,,,,,,,,,,
"754025","JC461623","2019-10-05T22:58:00","1","DRIVER",,"716269",,"DODGE","CARAVAN","IL","2012","UNKNOWN","SPORT UTILITY VEHICLE (SUV)","UNKNOWN/NA","NE","MERGING",,,"1",,,,,"true",,,,,,,,,,,,,"FRONT-RIGHT",,,,,,,,,,,,,,,,,,,,,,,,,,,,,,,,,
"754026","JC461623","2019-10-05T22:58:00","2","DRIVER","3","716266",,"TOYOTA MOTOR COMPANY, LTD.","Prius","IL","2011","UNKNOWN","PASSENGER","RIDESHARE SERVICE","N","STRAIGHT AHEAD",,,"4",,,,,,,,,,"true","true","true","true","true","true",,,"ROOF",,,,,,,,,,,,,,,,,,,,,,,,,,,,,,,,,
"754043","JC461613","2019-10-05T22:55:00","1","DRIVER","2","716291",,"VOLKSWAGEN","PASSAT","IL","2013","NONE","PASSENGER","RIDESHARE SERVICE","N","STRAIGHT AHEAD","true",,"3",,,,,"true",,,,,,,,,,,"true",,"FRONT",,,,,,,,,,,,,,,,,,,,,,,,,,,,,,,,,
"754044","JC461613","2019-10-05T22:55:00","2","DRIVER",,"716296",,"NISSAN","VERSA","IL","2011","NONE","PASSENGER","PERSONAL","W","STRAIGHT AHEAD","true",,"1",,,,,"true",,,,,,,,,,"true","true",,"OTHER",,,,,,,,,,,,,,,,,,,,,,,,,,,,,,,,,
"754021","JC461603","2019-10-05T22:48:00","2","DRIVER",,"716262",,"CHEVROLET","UNKNOWN","IL","2017","UNKNOWN","SPORT UTILITY VEHICLE (SUV)","PERSONAL","W","STRAIGHT AHEAD",,,"1",,,,,,,,,,,,,,"true","true",,,"TOTAL (ALL AREAS)",,,,,,,,,,,,,,,,,,,,,,,,,,,,,,,,,
"754091","JC461612","2019-10-05T22:34:00","1","DRIVER",,"716330",,"VOLKSWAGEN","PASSAT","IL","2007","UNKNOWN","PASSENGER","PERSONAL","E","STRAIGHT AHEAD","true",,"3",,"STREETS AND SANS","701 N SACRAMENTO",,"true","true","true","true","true",,,,,,,,,"SIDE-RIGHT",,,,,,,,,,,,,,,,,,,,,,,,,,,,,,,,,
"754022","JC461593","2019-10-05T22:32:00","1","DRIVER",,"716263",,"CHEVROLET","MALIBU (CHEVELLE)","IL","2014","NONE","PASSENGER","PERSONAL","W","STRAIGHT AHEAD","true",,"1",,"E&R TOWING",,,"true",,,,,,,,,,"true","true",,"TOTAL (ALL AREAS)",,,,,,,,,,,,,,,,,,,,,,,,,,,,,,,,,
"754023","JC461593","2019-10-05T22:32:00","2","PARKED",,"716275",,"TOYOTA MOTOR COMPANY, LTD.","CAMRY","IL","2017","UNKNOWN","PASSENGER","PERSONAL","UNKNOWN","PARKED",,,"0",,,,,,,,,,"true",,,,,,"true",,"REAR-LEFT",,,,,,,,,,,,,,,,,,,,,,,,,,,,,,,,,
"754024","JC461593","2019-10-05T22:32:00","3","PARKED",,"716276",,"TOYOTA MOTOR COMPANY, LTD.","RAV4 (sport utility)","IL","2016","UNKNOWN","PASSENGER","PERSONAL","UNKNOWN","PARKED",,,"0",,,,,,,,,,"true",,,,,,,,"REAR-LEFT",,,,,,,,,,,,,,,,,,,,,,,,,,,,,,,,,
"754586","JC462535","2019-10-05T22:30:00","2","PARKED",,"716791",,"CHEVROLET","Trail Blazer","IL","2007","NONE","SPORT UTILITY VEHICLE (SUV)","PERSONAL","E","PARKED",,,"0",,,,,,,,,,,"true",,,,,,,"SIDE-LEFT",,,,,,,,,,,,,,,,,,,,,,,,,,,,,,,,,
"754028","JC461605","2019-10-05T22:20:00","1","DRIVER","1","716267",,"MAZDA","UNKNOWN","IA","2016","UNKNOWN","PASSENGER","UNKNOWN/NA","E","TURNING RIGHT",,,"2",,,,,"true","true","true","true","true",,,,,,,,,"SIDE-RIGHT",,,,,,,,,,,,,,,,,,,,,,,,,,,,,,,,,
"754029","JC461605","2019-10-05T22:20:00","2","DRIVER",,"716270",,"NISSAN","SENTRA (DATSUN AND NISSAN HAVE MERGED)","IL","2017","NONE","PASSENGER","RIDESHARE SERVICE","E","TURNING RIGHT",,,"1",,,,,,,,,,,"true","true","true","true","true",,,"ROOF",,,,,,,,,,,,,,,,,,,,,,,,,,,,,,,,,
"754072","JC461580","2019-10-05T22:20:00","1","DRIVER","1","716311",,"FORD","F150","WI","2016","NONE","PICKUP","PERSONAL","S","STRAIGHT AHEAD",,,"2",,,,,,,,,,,"true","true",,,,,,"SIDE-LEFT",,,,,,,,,,,,,,,,,,,,,,,,,,,,,,,,,
"754073","JC461580","2019-10-05T22:20:00","2","DRIVER","1","716318",,"VOLVO","XC90","IL","2006","NONE","PASSENGER","PERSONAL","S","STRAIGHT AHEAD",,,"2",,,,,"true","true",,,,,,,,"true","true",,,"FRONT",,,,,,,,,,,,,,,,,,,,,,,,,,,,,,,,,
"754014","JC461578","2019-10-05T21:50:00","2","DRIVER","1","716257",,"MINI","COOPER","IL","2017","UNKNOWN","PASSENGER","PERSONAL","W","STRAIGHT AHEAD",,,"2",,,,,"true",,,,,,,,,,,"true",,"FRONT",,,,,,,,,,,,,,,,,,,,,,,,,,,,,,,,,
"754010","JC461557","2019-10-05T21:50:00","2","DRIVER","3","716253",,"CHRYSLER","TOWN & COUNTRY","IL","2008","NONE","VAN/MINI-VAN","PERSONAL","S","STRAIGHT AHEAD","true",,"4",,"AAA",,,,,,,,,,,,,"true","true",,"TOTAL (ALL AREAS)",,,,,,,,,,,,,,,,,,,,,,,,,,,,,,,,,
"753997","JC461566","2019-10-05T21:35:00","2","DRIVER","1","716243",,"BUICK","UNKNOWN","IL","2016","NONE","SPORT UTILITY VEHICLE (SUV)","PERSONAL","S","STRAIGHT AHEAD",,,"2",,,,,,,,,,,"true",,,,,,,"FRONT-LEFT",,,,,,,,,,,,,,,,,,,,,,,,,,,,,,,,,
"753989","JC461540","2019-10-05T21:30:00","2","DRIVER","1","716232",,"HYUNDAI","SONATA","IL","2017","NONE","PASSENGER","RIDESHARE SERVICE","E","SLOW/STOP IN TRAFFIC",,,"2",,,,,,,,,"true","true","true",,,,,,,"REAR-LEFT",,,,,,,,,,,,,,,,,,,,,,,,,,,,,,,,,
"754008","JC461565","2019-10-05T21:25:00","2","DRIVER",,"716245",,"CHRYSLER","TOWN & COUNTRY","IL","2013","NONE","PASSENGER","PERSONAL","SE","OTHER",,,"1",,,,,,,,,,,,,,"true","true",,,"UNDER CARRIAGE",,,,,,,,,,,,,,,,,,,,,,,,,,,,,,,,,
"754011","JC461550","2019-10-05T21:19:00","1","DRIVER",,"716249",,"FORD","Focus","IL","2013","UNKNOWN","PASSENGER","PERSONAL","W","TURNING LEFT",,,"1",,,,,,,,,,,,,,,"true","true",,"OTHER",,,,,,,,,,,,,,,,,,,,,,,,,,,,,,,,,
"754012","JC461550","2019-10-05T21:19:00","2","DRIVER","2","716252",,"NISSAN","NISSAN ALTIMA","IL","2019","UNKNOWN","PASSENGER","PERSONAL","W","TURNING RIGHT",,,"3",,,,,,,,,,,,"true","true",,,,,"FRONT-LEFT",,,,,,,,,,,,,,,,,,,,,,,,,,,,,,,,,
"753979","JC461530","2019-10-05T21:15:00","1","DRIVER",,"716216",,"NISSAN","NISSAN","IL","2011","UNKNOWN","PASSENGER","PERSONAL","E","STRAIGHT AHEAD",,,"1",,,,,,,,,,,,,,,,"true",,"FRONT",,,,,,,,,,,,,,,,,,,,,,,,,,,,,,,,,
"753980","JC461530","2019-10-05T21:15:00","2","DRIVER",,"716225",,"ACURA","ACURA","IL","2016","NONE","PASSENGER","PERSONAL","E","STRAIGHT AHEAD",,,"1",,,,,,,,,,"true",,,,,,,,"REAR-LEFT",,,,,,,,,,,,,,,,,,,,,,,,,,,,,,,,,
"753968","JC461538","2019-10-05T21:00:00","1","DRIVER",,"716254",,"CHEVROLET","MALIBU (CHEVELLE)","IL","2007","NONE","PASSENGER","PERSONAL","S","SKIDDING/CONTROL LOSS",,,"1",,,,,,,,,,,,,,,,"true",,"OTHER",,,,,,,,,,,,,,,,,,,,,,,,,,,,,,,,,
"753969","JC461538","2019-10-05T21:00:00","2","DRIVER","1","716238",,"NISSAN","NISSAN ALTIMA","IL","2017","NONE","PASSENGER","RIDESHARE SERVICE","S","OTHER",,,"2",,,,,,,,,,"true",,,,,,,,"REAR-LEFT",,,,,,,,,,,,,,,,,,,,,,,,,,,,,,,,,
"753999","JC461553","2019-10-05T20:50:00","2","DRIVER",,"716241",,"NISSAN","SENTRA (DATSUN AND NISSAN HAVE MERGED)","TN","2017","NONE","PASSENGER","PERSONAL","E","SLOW/STOP IN TRAFFIC",,,"1",,,,,,,,,"true","true",,,,,,,,"REAR",,,,,,,,,,,,,,,,,,,,,,,,,,,,,,,,,
"754000","JC461553","2019-10-05T20:50:00","3","PARKED",,"716246",,"HONDA","ACCORD","IL","2011","UNKNOWN","PASSENGER","NOT IN USE","S","PARKED",,,"0",,,,,,,"true","true","true","true",,,,,,,,"REAR",,,,,,,,,,,,,,,,,,,,,,,,,,,,,,,,,
"754005","JC461516","2019-10-05T20:46:00","1","DRIVER",,"716242",,"MERCEDES-BENZ","C300","IL","2010","UNKNOWN","PASSENGER","PERSONAL","S","STRAIGHT AHEAD","true",,"1",,"OWNER/EVERY 24 TOWING","634 N. CICERO",,"true",,,,,,,,,"true","true","true",,"TOTAL (ALL AREAS)",,,,,,,,,,,,,,,,,,,,,,,,,,,,,,,,,
"754006","JC461516","2019-10-05T20:46:00","2","DRIVER","1","716248",,"TOYOTA MOTOR COMPANY, LTD.","RAV4 (sport utility)","GA","2015","NONE","PASSENGER","PERSONAL","N","SLOW/STOP IN TRAFFIC","true",,"2",,"OWNER/CHICAGO TOWING","UNK",,,,,,,,,,,"true","true","true",,"TOTAL (ALL AREAS)",,,,,,,,,,,,,,,,,,,,,,,,,,,,,,,,,
"754261","JC461949","2019-10-05T20:30:00","2","DRIVER","1","716542",,"JEEP","Grand Cherokee (for vehicle years 1989 to present)","IL","2015","NONE","SPORT UTILITY VEHICLE (SUV)","UNKNOWN/NA","S","STRAIGHT AHEAD","true",,"2",,"PENDING @ RESIDENCE","PENDING",,,,,,,,"true","true","true",,,,,"ROOF",,,,,,,,,,,,,,,,,,,,,,,,,,,,,,,,,
"753990","JC461501","2019-10-05T20:25:00","1","DRIVER",,"716234",,"HYUNDAI","ELANTRA","IL","2017","NONE","PASSENGER","PERSONAL","W","U-TURN",,,"2",,,,,"true",,,,,,,,,,,,,"FRONT-RIGHT",,,,,,,,,,,,,,,,,,,,,,,,,,,,,,,,,
"753991","JC461501","2019-10-05T20:25:00","2","DRIVER",,"716256",,"HYUNDAI","ELANTRA",,"2013","NONE","FARM EQUIPMENT","PERSONAL","E","DIVERGING",,,"1",,,,,,,,,,,,,,,"true",,,"TOTAL (ALL AREAS)",,,,,,,,,,,,,,,,,,,,,,,,,,,,,,,,,
"753956","JC461498","2019-10-05T20:22:00","1","DRIVER",,"716202",,"HYUNDAI","AZERA","IL","2007","UNKNOWN","PASSENGER","PERSONAL","E","STRAIGHT AHEAD",,,"1",,,,,,,,,,,,,,,,"true",,"OTHER",,,,,,,,,,,,,,,,,,,,,,,,,,,,,,,,,
"753958","JC461498","2019-10-05T20:22:00","3","DRIVER",,"716217",,"MERCEDES-BENZ","250 SERIES","IL","2014","NONE","PASSENGER","PERSONAL","E","STRAIGHT AHEAD",,,"1",,,,,,,,,,"true",,,,,,,,"REAR-LEFT",,,,,,,,,,,,,,,,,,,,,,,,,,,,,,,,,
"753984","JC461491","2019-10-05T20:19:00","2","DRIVER","1","716229",,"HONDA","ACCORD","MO","2008","UNKNOWN","PASSENGER","PERSONAL","E","TURNING LEFT",,,"2",,,,,"true",,,,,,,,,,,"true",,"FRONT",,,,,,,,,,,,,,,,,,,,,,,,,,,,,,,,,
"753952","JC461492","2019-10-05T20:00:00","1","DRIVER",,"716205",,"BMW","528I","IL","2008","UNKNOWN","PASSENGER","PERSONAL","S","CHANGING LANES",,,"1",,,,,,,,,,,,,,,"true",,,"TOTAL (ALL AREAS)",,,,,,,,,,,,,,,,,,,,,,,,,,,,,,,,,
"753941","JC461477","2019-10-05T19:53:00","1","DRIVER",,"716188",,"TOYOTA MOTOR COMPANY, LTD.","COROLLA","IL","2013","UNKNOWN","PASSENGER","PERSONAL","N","STRAIGHT AHEAD",,,"1",,,,,,,,,,,,,,,"false","true",,"OTHER",,,,,,,,,,,,,,,,,,,,,,,,,,,,,,,,,
"753942","JC461477","2019-10-05T19:53:00","2","DRIVER",,"716194",,"CHEVROLET","IMPALA","IL","2008","UNKNOWN","PASSENGER","PERSONAL","E","STRAIGHT AHEAD",,,"1",,,,,,,,,"true","true",,,,,,,,"REAR",,,,,,,,,,,,,,,,,,,,,,,,,,,,,,,,,
"753927","JC461468","2019-10-05T19:53:00","2","DRIVER",,"716179",,"NISSAN","UNKNOWN","IL","2014","NONE","PASSENGER","PERSONAL","W","STARTING IN TRAFFIC",,,"1",,,,"true",,,,,,,,,,,,,,"OTHER",,,,,,,,,,,,,,,,,,,,,,,,,,,,,,,,,
"753954","JC461517","2019-10-05T19:51:00","1","DRIVER",,"716201",,"TOYOTA MOTOR COMPANY, LTD.","COROLLA","IL","2009","UNKNOWN","PASSENGER","PERSONAL","W","TURNING LEFT",,,"1",,,,,"true","true","true",,,,,,,,,,,"FRONT-RIGHT",,,,,,,,,,,,,,,,,,,,,,,,,,,,,,,,,
"753955","JC461517","2019-10-05T19:51:00","2","DRIVER",,"716204",,"CHRYSLER","UNKNOWN","IL","2006","UNKNOWN","UNKNOWN/NA","UNKNOWN/NA","W","STRAIGHT AHEAD",,,"1",,,,,,,,,,,,,"true","true","true",,,"UNDER CARRIAGE",,,,,,,,,,,,,,,,,,,,,,,,,,,,,,,,,
"753945","JC461496","2019-10-05T19:45:00","1","DRIVER",,"716191",,"TOYOTA MOTOR COMPANY, LTD.","CAMRY","IL","2011","UNKNOWN","PASSENGER","PERSONAL","SE","STRAIGHT AHEAD",,,"1",,,,,,,,,,,"false",,,,,"true",,"OTHER",,,,,,,,,,,,,,,,,,,,,,,,,,,,,,,,,
"753946","JC461496","2019-10-05T19:45:00","2","DRIVER",,"716196",,"HYUNDAI","ELANTRA","CA","2011","NONE","PASSENGER","PERSONAL","SE","STRAIGHT AHEAD",,,"1",,,,,,,,,,"true",,,,,,,,"REAR-LEFT",,,,,,,,,,,,,,,,,,,,,,,,,,,,,,,,,
"753974","JC461523","2019-10-05T19:40:00","2","DRIVERLESS",,"716218",,"AUDI","S6","IL","2017","NONE","PASSENGER","NOT IN USE","S","PARKED",,,"0",,,,,,,,,"true","true",,,,,,,,"REAR",,,,,,,,,,,,,,,,,,,,,,,,,,,,,,,,,
"754873","JC463230","2019-10-05T19:30:00","1","DRIVER",,"717058",,"NISSAN","ROGUE","IN","2014","UNKNOWN","PASSENGER","PERSONAL","N","CHANGING LANES",,,"1",,,,,,,,,,,,,,,"true",,,"TOTAL (ALL AREAS)",,,,,,,,,,,,,,,,,,,,,,,,,,,,,,,,,
"754874","JC463230","2019-10-05T19:30:00","2","DRIVER",,"717064",,"TOYOTA MOTOR COMPANY, LTD.","CAMRY","IL","2013","NONE","PASSENGER","TAXI/FOR HIRE","N","STRAIGHT AHEAD",,,"1",,,,,,,,,"true",,,,,,,,,"REAR-RIGHT",,,,,,,,,,,,,,,,,,,,,,,,,,,,,,,,,
"753959","JC461522","2019-10-05T19:30:00","1","DRIVER",,"716247",,"TOYOTA MOTOR COMPANY, LTD.","Prius","IL","2012","UNKNOWN","PASSENGER","PERSONAL","S","PASSING/OVERTAKING",,,"1",,,,,,,,,,,,,,"true","true",,,"UNDER CARRIAGE",,,,,,,,,,,,,,,,,,,,,,,,,,,,,,,,,
"753960","JC461522","2019-10-05T19:30:00","2","DRIVER",,"716255",,"FORD","ESCAPE (SUV)","IL","2019","UNKNOWN","SPORT UTILITY VEHICLE (SUV)","PERSONAL","S","PASSING/OVERTAKING",,,"1",,,,,"true","true",,,,,,,,,,,,"FRONT-RIGHT",,,,,,,,,,,,,,,,,,,,,,,,,,,,,,,,,
"753950","JC461488","2019-10-05T19:30:00","1","DRIVER",,"716199",,"SUBARU","UNKNOWN","IL","2017","UNKNOWN","SPORT UTILITY VEHICLE (SUV)","UNKNOWN/NA","N","BACKING",,,"1",,,,,,,,,,"true",,,,,,,,"REAR-LEFT",,,,,,,,,,,,,,,,,,,,,,,,,,,,,,,,,
"753951","JC461488","2019-10-05T19:30:00","2","DRIVER",,"716200",,"FORD","FUSION","IL","2015","UNKNOWN","PASSENGER","PERSONAL","S","ENTER FROM DRIVE/ALLEY",,,"1",,,,,,,,,,,,,,,,"true",,"OTHER",,,,,,,,,,,,,,,,,,,,,,,,,,,,,,,,,
"753917","JC461465","2019-10-05T19:30:00","1","DRIVER",,"716166",,"FORD","ESCAPE (SUV)","IL","2019","NONE","SPORT UTILITY VEHICLE (SUV)","UNKNOWN/NA","S","ENTERING TRAFFIC LANE FROM PARKING",,,"1",,,,,"true",,,,,,,,,,,,,"FRONT",,,,,,,,,,,,,,,,,,,,,,,,,,,,,,,,,
"753918","JC461465","2019-10-05T19:30:00","2","DRIVER",,"716172",,"TOYOTA MOTOR COMPANY, LTD.","Prius","IL","2012","NONE","PASSENGER","PERSONAL","S","STRAIGHT AHEAD",,,"1",,,,,,,,,,,"true","true",,,,,,"FRONT-LEFT",,,,,,,,,,,,,,,,,,,,,,,,,,,,,,,,,