"crash_unit_id","rd_no","crash_date","unit_no","unit_type","num_passengers","vehicle_id","cmrc_veh_i","make","model","lic_plate_state","vehicle_year","vehicle_defect","vehicle_type","vehicle_use","travel_direction","maneuver","towed_i","fire_i","occupant_cnt","exceed_speed_limit_i","towed_by","towed_to","area_00_i","area_01_i","area_02_i","area_03_i","area_04_i","area_05_i","area_06_i","area_07_i","area_08_i","area_09_i","area_10_i","area_11_i","area_12_i","area_99_i","first_contact_point","cmv_id","usdot_no","ccmc_no","ilcc_no","commercial_src","gvwr","carrier_name","carrier_state","carrier_city","hazmat_placards_i","hazmat_name","un_no","hazmat_present_i","hazmat_report_i","hazmat_report_no","mcs_report_i","mcs_report_no","hazmat_vio_cause_crash_i","mcs_vio_cause_crash_i","idot_permit_no","wide_load_i","trailer1_width","trailer2_width","trailer1_length","trailer2_length","total_vehicle_length","axle_cnt","vehicle_config","cargo_body_type","load_type","hazmat_out_of_service_i","mcs_out_of_service_i","hazmat_class"
"753828","JC461265","2019-10-05T16:30:00","2","PARKED","1","716083",,"HONDA","CRV","IL","2014","NONE","SPORT UTILITY VEHICLE (SUV)","NOT IN USE","W","PARKED",,,"1",,,,,,,,,,,,,,,,"true",,"OTHER",,,,,,,,,,,,,,,,,,,,,,,,,,,,,,,,,
"753903","JC461282","2019-10-05T16:27:00","1","DRIVER",,"716153",,"FORD","ESCAPE (SUV)","IL","2009","UNKNOWN","PASSENGER","PERSONAL","S","STRAIGHT AHEAD","true",,"1",,"private company",,,"true","true",,,,,,,,,,"true",,"FRONT",,,,,,,,,,,,,,,,,,,,,,,,,,,,,,,,,
"755320","JC464026","2019-10-05T16:20:00","2","PARKED","1","717479",,"TOYOTA MOTOR COMPANY, LTD.","CAMRY","IL","2015","NONE","PASSENGER","NOT IN USE","E","PARKED",,,"1",,,,,,,,,,,,,"true","true","true",,,"ROOF",,,,,,,,,,,,,,,,,,,,,,,,,,,,,,,,,
"753823","JC461301","2019-10-05T16:10:00","1","DRIVER","2","716082",,"CHEVROLET","EQUINOX","IL","2013","UNKNOWN","PASSENGER","PERSONAL","E","TURNING LEFT","true",,"3",,,,,,,,,,,"true","true",,,,,,"SIDE-LEFT",,,,,,,,,,,,,,,,,,,,,,,,,,,,,,,,,
"753824","JC461301","2019-10-05T16:10:00","2","DRIVER",,"716094",,"SUBARU","OUTBACK","IL","2019","UNKNOWN","PASSENGER","PERSONAL","N","STRAIGHT AHEAD",,,"1",,,,,,,,,,,,,,"true","true",,,"TOTAL (ALL AREAS)",,,,,,,,,,,,,,,,,,,,,,,,,,,,,,,,,
"753821","JC461256","2019-10-05T16:10:00","1","DRIVER","1","716070",,"KIA MOTORS CORP","Sedona","IL","2011","UNKNOWN","VAN/MINI-VAN","PERSONAL","NW","ENTER FROM DRIVE/ALLEY",,,"2",,,,,,"true",,,,,,,,,,,,"FRONT-RIGHT",,,,,,,,,,,,,,,,,,,,,,,,,,,,,,,,,
"754841","JC463143","2019-10-05T16:05:00","2","DRIVER","3","717030",,"FORD","ESCAPE (SUV)","IL","2018","OTHER","SPORT UTILITY VEHICLE (SUV)","PERSONAL","N","STRAIGHT AHEAD",,,"4",,,,,,,,,,"true",,,,,,,,"REAR-LEFT",,,,,,,,,,,,,,,,,,,,,,,,,,,,,,,,,
"757699","JC468584","2019-10-05T16:00:00","1","DRIVER",,"719729",,"TOYOTA MOTOR COMPANY, LTD.","YARIS","IL","2009","UNKNOWN","PASSENGER","PERSONAL","S","STRAIGHT AHEAD",,,"1",,,,,,,,,,,,,,,,"true",,"OTHER",,,,,,,,,,,,,,,,,,,,,,,,,,,,,,,,,
"757700","JC468584","2019-10-05T16:00:00","2","DRIVER",,"719734",,"NISSAN","ROGUE","IL","2013","NONE","SPORT UTILITY VEHICLE (SUV)","PERSONAL","S","STRAIGHT AHEAD",,,"1",,,,,,,,,,"true",,,,,,,,"REAR-LEFT",,,,,,,,,,,,,,,,,,,,,,,,,,,,,,,,,
"754265","JC462011","2019-10-05T16:00:00","2","PARKED",,"716486",,"CHEVROLET","MALIBU (CHEVELLE)","IL","2016","NONE","PASSENGER","PERSONAL","S","PARKED",,,"0",,,,,,,,"true",,,,,,,,,,"SIDE-RIGHT",,,,,,,,,,,,,,,,,,,,,,,,,,,,,,,,,
"754331","JC461443","2019-10-05T16:00:00","2","PARKED",,"716550",,"HONDA","CRV","IL","2016","NONE","PASSENGER","PERSONAL","N","PARKED",,,"0",,,,,,,,,,"true",,,,,,"true",,"REAR-LEFT",,,,,,,,,,,,,,,,,,,,,,,,,,,,,,,,,
"754332","JC461443","2019-10-05T16:00:00","3","PARKED",,"716551",,"HONDA","CRV","IL","2014","NONE","PASSENGER","PERSONAL","N","PARKED",,,"0",,,,,,,,,,"true",,,,,,"true",,"REAR-LEFT",,,,,,,,,,,,,,,,,,,,,,,,,,,,,,,,,
"753807","JC461291","2019-10-05T16:00:00","2","DRIVER","2","716062",,"CHEVROLET","COBALT","IL","2007","NONE","PASSENGER","PERSONAL","E","STRAIGHT AHEAD",,,"3",,,,,,,,,"true","true","true",,,,,,,"REAR-LEFT",,,,,,,,,,,,,,,,,,,,,,,,,,,,,,,,,
"753811","JC461290","2019-10-05T16:00:00","1","DRIVER",,"716060",,"NISSAN","SENTRA (DATSUN AND NISSAN HAVE MERGED)","IL","2015","NONE","PASSENGER","PERSONAL","S","ENTERING TRAFFIC LANE FROM PARKING",,,"1",,,,,,,,,,,,,,,"true","true",,"TOTAL (ALL AREAS)",,,,,,,,,,,,,,,,,,,,,,,,,,,,,,,,,
"753818","JC461271","2019-10-05T16:00:00","2","DRIVER","4","716100",,"PONTIAC","TORRENT","IL","2007","NONE","PASSENGER","PERSONAL","E","STRAIGHT AHEAD",,,"5",,,,,,,,"true",,,,,,,,,,"SIDE-RIGHT",,,,,,,,,,,,,,,,,,,,,,,,,,,,,,,,,
"753790","JC461253","2019-10-05T16:00:00","1","DRIVER",,"716048",,"TOYOTA MOTOR COMPANY, LTD.","Sienna (van)","IL","2012","UNKNOWN","UNKNOWN/NA","UNKNOWN/NA","S","STRAIGHT AHEAD",,,"1",,,,,,,,,,,,,,,,"true",,"OTHER",,,,,,,,,,,,,,,,,,,,,,,,,,,,,,,,,
"753791","JC461253","2019-10-05T16:00:00","2","DRIVER",,"716050",,"VOLKSWAGEN","PASSAT","IL","2015","UNKNOWN","PASSENGER","PERSONAL","S","STRAIGHT AHEAD",,,"1",,,,,,,,,,"true",,,,,,,,"REAR-LEFT",,,,,,,,,,,,,,,,,,,,,,,,,,,,,,,,,
"753778","JC461197","2019-10-05T15:50:00","1","DRIVER",,"716034",,"TOYOTA MOTOR COMPANY, LTD.","RAV4 (sport utility)","IL","2019","NONE","SPORT UTILITY VEHICLE (SUV)","OTHER","S","STRAIGHT AHEAD",,,"1",,,,,"true",,,,,,,,,,"true","true",,"OTHER",,,,,,,,,,,,,,,,,,,,,,,,,,,,,,,,,
"753779","JC461197","2019-10-05T15:50:00","2","DRIVER",,"716038",,"CADILLAC","DTS","IL","2007","NONE","PASSENGER","PERSONAL","W","STRAIGHT AHEAD","true",,"1",,"PRIVATE","UNK",,"true",,"true","true","true",,,,,,,,,"SIDE-RIGHT",,,,,,,,,,,,,,,,,,,,,,,,,,,,,,,,,
"755478","JC463300","2019-10-05T15:45:00","2","PARKED",,"717635",,"HYUNDAI","Santa Fe","IL","2006","UNKNOWN","UNKNOWN/NA","PERSONAL","UNKNOWN","PARKED",,,"0",,,,,,,,,,,,,"true",,,,,"ROOF",,,,,,,,,,,,,,,,,,,,,,,,,,,,,,,,,
"753803","JC461175","2019-10-05T15:44:00","1","DRIVER",,"716055",,"NISSAN","ROGUE","IL","2009","UNKNOWN","PASSENGER","PERSONAL","S","BACKING",,,"1",,,,,,,,,"true",,,,,,,,,"REAR",,,,,,,,,,,,,,,,,,,,,,,,,,,,,,,,,
"754583","JC461413","2019-10-05T15:40:00","1","DRIVER",,"716786",,"HYUNDAI","TUCSON","IL","2013","NONE","SPORT UTILITY VEHICLE (SUV)","PERSONAL","UNKNOWN","UNKNOWN/NA",,,"1",,,,,"true",,,,,,,,,,"true","true",,"OTHER",,,,,,,,,,,,,,,,,,,,,,,,,,,,,,,,,
"754584","JC461413","2019-10-05T15:40:00","2","DRIVER",,"716787",,"CHEVROLET","SUBURBAN","IL","2016","NONE","SPORT UTILITY VEHICLE (SUV)","PERSONAL","UNKNOWN","UNKNOWN/NA",,,"1",,,,,,,,,,"true",,,,,,,,"REAR-LEFT",,,,,,,,,,,,,,,,,,,,,,,,,,,,,,,,,
"753788","JC461250","2019-10-05T15:36:00","1","DRIVER",,"716044",,"AUDI","Q7","IL","2015","NONE","SPORT UTILITY VEHICLE (SUV)","PERSONAL","N","STRAIGHT AHEAD",,,"1",,,,,,,,,,,,,,,"true",,,"TOTAL (ALL AREAS)",,,,,,,,,,,,,,,,,,,,,,,,,,,,,,,,,
"753789","JC461250","2019-10-05T15:36:00","2","DRIVER","3","716046",,"NISSAN","NISSAN ALTIMA","IL","2011","NONE","PASSENGER","PERSONAL","E","STRAIGHT AHEAD",,,"4",,,,,"true",,,,,,,,,,,,,"FRONT",,,,,,,,,,,,,,,,,,,,,,,,,,,,,,,,,
"755066","JC463607","2019-10-05T15:32:00","1","DRIVER",,"717238",,"RANGE ROVER OF NORTH AMERICA","RANGE ROVER OF NORTH AMERICA","IN","2014","UNKNOWN","SPORT UTILITY VEHICLE (SUV)","UNKNOWN/NA","SE","TURNING LEFT",,,"1",,,,,,,,,,,,,,,,,"true","ROOF",,,,,,,,,,,,,,,,,,,,,,,,,,,,,,,,,
"755067","JC463607","2019-10-05T15:32:00","2","DRIVER",,"717241",,"PONTIAC","Vibe (sport wagon)","IL","2007","NONE","PASSENGER","PERSONAL","S","STRAIGHT AHEAD",,,"1",,,,,"true","true",,,,,,,,,,"true",,"FRONT",,,,,,,,,,,,,,,,,,,,,,,,,,,,,,,,,
"754325","JC462084","2019-10-05T15:30:00","2","PARKED",,"716545",,"DODGE","CHARGER","IL","2015","NONE","PASSENGER","PERSONAL","S","PARKED",,,"0",,,,,"false","true","true","true","true",,,,,,,,,"SIDE-RIGHT",,,,,,,,,,,,,,,,,,,,,,,,,,,,,,,,,
"753809","JC461244","2019-10-05T15:30:00","2","DRIVER",,"716064",,"CHEVROLET","TRAVERSE","IL","2011","UNKNOWN","SPORT UTILITY VEHICLE (SUV)","UNKNOWN/NA","N","TURNING RIGHT",,,"1",,,,,,,,,,,,,,,,,"true","UNKNOWN",,,,,,,,,,,,,,,,,,,,,,,,,,,,,,,,,
"753785","JC461214","2019-10-05T15:30:00","2","DRIVER",,"716043",,"SUBARU","UNKNOWN","IL","2019","UNKNOWN","PASSENGER","PERSONAL","W","STRAIGHT AHEAD",,,"1",,,,,,,,,,,,,,,"true",,,"TOTAL (ALL AREAS)",,,,,,,,,,,,,,,,,,,,,,,,,,,,,,,,,
"753780","JC461187","2019-10-05T15:30:00","1","DRIVER",,"716028",,"CHRYSLER","TOWN & COUNTRY","IL","2006","UNKNOWN","VAN/MINI-VAN","PERSONAL","W","LEAVING TRAFFIC LANE TO PARK",,,"1",,,,,,,,,,,,,,,,,,"REAR",,,,,,,,,,,,,,,,,,,,,,,,,,,,,,,,,
"753781","JC461187","2019-10-05T15:30:00","2","DRIVERLESS",,"716035",,"INFINITI","UNKNOWN","IL","2008","UNKNOWN","PASSENGER","PERSONAL","W","PARKED",,,"0",,,,,"true",,,,,,,,,,,,,"FRONT",,,,,,,,,,,,,,,,,,,,,,,,,,,,,,,,,
"753769","JC461171","2019-10-05T15:30:00","2","DRIVER",,"716026",,"HONDA","CIVIC","IL","2006","NONE","PASSENGER","PERSONAL","N","TURNING LEFT",,,"1",,,,,,,,,,,,,,"true","true","true",,"TOTAL (ALL AREAS)",,,,,,,,,,,,,,,,,,,,,,,,,,,,,,,,,
"753786","JC461189","2019-10-05T15:25:00","1","DRIVER",,"716045",,"VOLKSWAGEN","PASSAT","IL","2015","OTHER","PASSENGER","PERSONAL","N","STRAIGHT AHEAD",,,"1",,,,,,,,,,,,,,,,"true",,"OTHER",,,,,,,,,,,,,,,,,,,,,,,,,,,,,,,,,
"753787","JC461189","2019-10-05T15:25:00","2","DRIVER",,"716051",,"NISSAN","UNKNOWN","IL","2015","OTHER","PASSENGER","PERSONAL","N","STRAIGHT AHEAD",,,"1",,,,,,,,,,"true",,,,,,,,"REAR-LEFT",,,,,,,,,,,,,,,,,,,,,,,,,,,,,,,,,
"753841","JC461252","2019-10-05T15:20:00","1","DRIVER",,"716091",,"ACURA (DIV. OF AMERICAN HONDA MOTOR CO.)","MDX","IL","2013","UNKNOWN","SPORT UTILITY VEHICLE (SUV)","PERSONAL","N","TURNING LEFT",,,"1",,,,,"true",,,,,,,,,,,"true",,"FRONT",,,,,,,,,,,,,,,,,,,,,,,,,,,,,,,,,
"753842","JC461252","2019-10-05T15:20:00","2","DRIVER","1","716098",,"DODGE","CHARGER","IL","2013","UNKNOWN","PASSENGER","PERSONAL","S","STRAIGHT AHEAD","true",,"2",,"PRIVATE TOW","UNK",,,,,,,,,,,,"true","true",,"TOTAL (ALL AREAS)",,,,,,,,,,,,,,,,,,,,,,,,,,,,,,,,,
"753865","JC461179","2019-10-05T15:20:00","1","DRIVER","1","716121",,"TOYOTA MOTOR COMPANY, LTD.","Highlander(beginning vehicle year 2001)","IL","2016","NONE","PASSENGER","PERSONAL","NW","TURNING LEFT",,,"2",,,,,"true","true","true",,,,,"true","true","true",,,,"SIDE-RIGHT",,,,,,,,,,,,,,,,,,,,,,,,,,,,,,,,,
"753866","JC461179","2019-10-05T15:20:00","2","DRIVER",,"716133",,"NISSAN","SENTRA (DATSUN AND NISSAN HAVE MERGED)","IL","2017","NONE","PASSENGER","RIDESHARE SERVICE","S","STRAIGHT AHEAD",,,"1",,,,,"true",,,,,,,,,,"true","true",,"OTHER",,,,,,,,,,,,,,,,,,,,,,,,,,,,,,,,,
"753754","JC461174","2019-10-05T15:20:00","1","DRIVER",,"716010",,"LINCOLN-CONTINENTAL","MKZ","IL","2015","NONE","PASSENGER","PERSONAL","N","BACKING",,,"1",,,,,,,,,,"true",,,,,,,,"REAR-LEFT",,,,,,,,,,,,,,,,,,,,,,,,,,,,,,,,,
"753755","JC461174","2019-10-05T15:20:00","2","DRIVER",,"716023",,"NISSAN","Frontier","IL","2010","NONE","PASSENGER","PERSONAL","E","STRAIGHT AHEAD",,,"1",,,,,"true",,,,,,,,,,,,,"FRONT-RIGHT",,,,,,,,,,,,,,,,,,,,,,,,,,,,,,,,,
"753743","JC461134","2019-10-05T15:20:00","1","DRIVER",,"716001",,"TOYOTA MOTOR COMPANY, LTD.","CAMRY","IL","2015","NONE","PASSENGER","PERSONAL","NW","TURNING LEFT",,,"1",,,,,,,,,,,,,,"true","true",,,"TOTAL (ALL AREAS)",,,,,,,,,,,,,,,,,,,,,,,,,,,,,,,,,
"753744","JC461134","2019-10-05T15:20:00","2","DRIVER",,"716011",,"BUICK","ENCLAVE","IL","2013","NONE","SPORT UTILITY VEHICLE (SUV)","PERSONAL","S","STRAIGHT AHEAD","true",,"2",,"PRIVATE TOW",,,"true","true",,,,,,,,,,,,"FRONT",,,,,,,,,,,,,,,,,,,,,,,,,,,,,,,,,
"753764","JC461157","2019-10-05T15:17:00","1","DRIVER",,"716013",,"CHEVROLET","IMPALA","IL","2018","UNKNOWN","PASSENGER","PERSONAL","N","STRAIGHT AHEAD","true",,"1",,"Private Tow/Unknown","9417 Mobile ave",,,,,"true","true",,,,,,,,"false","REAR",,,,,,,,,,,,,,,,,,,,,,,,,,,,,,,,,
"753765","JC461157","2019-10-05T15:17:00","2","DRIVER","1","716018",,"TOYOTA MOTOR COMPANY, LTD.","CAMRY","IL","2006","UNKNOWN","PASSENGER","PERSONAL","W","STRAIGHT AHEAD",,,"2",,,,,"true","true",,,,,,,,,,,,"FRONT",,,,,,,,,,,,,,,,,,,,,,,,,,,,,,,,,
"753732","JC461156","2019-10-05T15:05:00","1","DRIVER","1","715983",,"KIA MOTORS CORP","Sedona","IL","2007","NONE","VAN/MINI-VAN","PERSONAL","E","SLOW/STOP IN TRAFFIC",,,"2",,,,,"true",,,,,,,,,,"true","true",,"OTHER",,,,,,,,,,,,,,,,,,,,,,,,,,,,,,,,,
"753733","JC461156","2019-10-05T15:05:00","2","DRIVER",,"715991",,"JEEP","CHEROKEE","IL","2016","NONE","SPORT UTILITY VEHICLE (SUV)","PERSONAL","E","SLOW/STOP IN TRAFFIC",,,"1",,,,,,,,,"true","true","true",,,,,,,"REAR-LEFT",,,,,,,,,,,,,,,,,,,,,,,,,,,,,,,,,
"753750","JC461155","2019-10-05T15:04:00","1","DRIVER",,"716003",,"FORD","UNKNOWN","IL","2010","UNKNOWN","PASSENGER","UNKNOWN/NA","S","STRAIGHT AHEAD",,,"1",,,,,,,,,,,,,,,,,,"UNKNOWN",,,,,,,,,,,,,,,,,,,,,,,,,,,,,,,,,
"753751","JC461155","2019-10-05T15:04:00","2","DRIVER",,"716007",,"HYUNDAI","ELANTRA","IL","2006","NONE","PASSENGER","PERSONAL","S","STRAIGHT AHEAD",,,"1",,,,,,,,,,,,,,,"true",,,"TOTAL (ALL AREAS)",,,,,,,,,,,,,,,,,,,,,,,,,,,,,,,,,
"753772","JC461129","2019-10-05T15:00:00","1","DRIVER",,"716021",,"PONTIAC","G6","IL","2006","NONE","PASSENGER","PERSONAL","S","STRAIGHT AHEAD","true",,"1",,,,,"true","true",,,,,,,,,,,,"FRONT",,,,,,,,,,,,,,,,,,,,,,,,,,,,,,,,,
"753773","JC461129","2019-10-05T15:00:00","2","DRIVER",,"716027",,"HYUNDAI","UNKNOWN","IL","2018","NONE","PASSENGER","OTHER","E","STRAIGHT AHEAD",,,"1",,,,,,,,,,,,,,,"true",,,"TOTAL (ALL AREAS)",,,,,,,,,,,,,,,,,,,,,,,,,,,,,,,,,
"753767","JC461137","2019-10-05T14:50:00","2","DRIVER","1","716031",,"FORD","EXPLORER","IL","2016","UNKNOWN","PASSENGER","PERSONAL","W","OTHER",,,"2",,,,,,,,,"true","true","true",,,,,,,"REAR-LEFT",,,,,,,,,,,,,,,,,,,,,,,,,,,,,,,,,
"753731","JC461144","2019-10-05T14:45:00","2","DRIVER","1","715986",,"NISSAN","NISSAN ALTIMA","IL","2017","UNKNOWN","PASSENGER","UNKNOWN/NA","E","SLOW/STOP IN TRAFFIC",,,"2",,,,,,,,"true","true",,,,,,,,,"REAR-RIGHT",,,,,,,,,,,,,,,,,,,,,,,,,,,,,,,,,
"753724","JC461124","2019-10-05T14:45:00","1","DRIVER",,"715970",,"BUICK","UNKNOWN","MO","2009","UNKNOWN","PASSENGER","UNKNOWN/NA","S","STRAIGHT AHEAD",,,"1",,,,,"true",,,,,,,,,,"true","true",,"OTHER",,,,,,,,,,,,,,,,,,,,,,,,,,,,,,,,,
"753725","JC461124","2019-10-05T14:45:00","2","DRIVER",,"715972",,"VOLVO","S90","IL","2018","NONE","PASSENGER","RIDESHARE SERVICE","S","STRAIGHT AHEAD",,,"1",,,,,,,,,"true","true","true",,,,,,,"REAR-LEFT",,,,,,,,,,,,,,,,,,,,,,,,,,,,,,,,,
"753887","JC461417","2019-10-05T14:40:00","2","DRIVER",,"716139",,"CHRYSLER","200","IL","2014","NONE","PASSENGER","PERSONAL","E","STRAIGHT AHEAD",,,"1",,,,,,,,,,,,,,,,"true",,"OTHER",,,,,,,,,,,,,,,,,,,,,,,,,,,,,,,,,
"753799","JC461232","2019-10-05T14:40:00","1","DRIVER",,"716052",,"JEEP","Grand Cherokee (for vehicle years 1989 to present)","OK","2018","UNKNOWN","SPORT UTILITY VEHICLE (SUV)","PERSONAL","N","OTHER",,,"1",,,,,"true",,,,,,,,,,,,,"FRONT",,,,,,,,,,,,,,,,,,,,,,,,,,,,,,,,,
"753800","JC461232","2019-10-05T14:40:00","2","PARKED",,"716058",,"VOLKSWAGEN","VOLKSWAGEN","TN","2015","UNKNOWN","PASSENGER","PERSONAL","N","PARKED",,,"0",,,,,,,,,,,"true",,,,,,,"SIDE-LEFT",,,,,,,,,,,,,,,,,,,,,,,,,,,,,,,,,
"753720","JC461123","2019-10-05T14:39:00","1","DRIVER",,"716002",,"TOYOTA MOTOR COMPANY, LTD.","CAMRY","IL","2014","NONE","PASSENGER","PERSONAL","W","TURNING RIGHT","true",,"1",,"owner",,,"true",,,,,,,,,,"true","true",,"OTHER",,,,,,,,,,,,,,,,,,,,,,,,,,,,,,,,,
"753721","JC461123","2019-10-05T14:39:00","2","DRIVER",,"715963",,"CHRYSLER","200","IL","2015","NONE","PASSENGER","PERSONAL","W","STRAIGHT AHEAD","true",,"1",,"owner",,,,,"true","true","true",,,,,,,,,"SIDE-RIGHT",,,,,,,,,,,,,,,,,,,,,,,,,,,,,,,,,
"753757","JC461159","2019-10-05T14:30:00","2","DRIVER",,"716014",,"KIA MOTORS CORP","SOUL","IL","2013","UNKNOWN","SPORT UTILITY VEHICLE (SUV)","PERSONAL","NW","SLOW/STOP IN TRAFFIC",,,"1",,,,,,,,,,,"true",,,,,,,"FRONT-LEFT",,,,,,,,,,,,,,,,,,,,,,,,,,,,,,,,,
"753726","JC461114","2019-10-05T14:27:00","1","DRIVER","1","715979",,"FORD","Econoline E-450","AZ","2013","UNKNOWN","OTHER","PERSONAL","N","TURNING RIGHT",,,"2",,,,"true",,,,,,,,,,,,,,"ROOF",,,,,,,,,,,,,,,,,,,,,,,,,,,,,,,,,
"753727","JC461114","2019-10-05T14:27:00","2","DRIVER",,"715994",,"TOYOTA MOTOR COMPANY, LTD.","COROLLA","MI","2020","UNKNOWN","PASSENGER","PERSONAL","W","TURNING RIGHT",,,"1",,,,,,,,,,,"true","true",,,,,,"FRONT-LEFT",,,,,,,,,,,,,,,,,,,,,,,,,,,,,,,,,
"753752","JC461120","2019-10-05T14:25:00","1","DRIVER",,"716012",,"CHEVROLET","UNKNOWN","IL","2019","UNKNOWN","PASSENGER","PERSONAL","N","STRAIGHT AHEAD",,,"1",,,,,,,,,,,,,,,"true",,,"TOTAL (ALL AREAS)",,,,,,,,,,,,,,,,,,,,,,,,,,,,,,,,,
"753753","JC461120","2019-10-05T14:25:00","2","DRIVER",,"716030",,"AUDI","2000 TT-Coupe,2000 TT-Roadster","IL","2016","UNKNOWN","PASSENGER","PERSONAL","N","TURNING RIGHT",,,"1",,,,,,,,,"true",,,,,,,,,"REAR",,,,,,,,,,,,,,,,,,,,,,,,,,,,,,,,,
"754251","JC461955","2019-10-05T14:20:00","1","DRIVER",,"716496",,"DODGE","RAM 2500 VAN","IL","2018","NONE","VAN/MINI-VAN","OTHER","SE","U-TURN",,,"1",,,,,"true","true",,,,,,,,,,,,"FRONT",,,,,,,,,,,,,,,,,,,,,,,,,,,,,,,,,
"753858","JC461371","2019-10-05T14:12:00","2","PARKED",,"716109",,"FORD","UNKNOWN","IL","2007","NONE","PASSENGER","NOT IN USE","W","PARKED",,,"0",,,,,,,"true",,,,,,,,,,,"FRONT-RIGHT",,,,,,,,,,,,,,,,,,,,,,,,,,,,,,,,,
"753736","JC461119","2019-10-05T14:12:00","1","PARKED",,"715987",,"CADILLAC","Escalade","IL","2007","NONE","PASSENGER","PERSONAL","UNKNOWN","PARKED",,,"0",,,,,"true",,,,,,,,,,,,,"FRONT-RIGHT",,,,,,,,,,,,,,,,,,,,,,,,,,,,,,,,,
"753737","JC461119","2019-10-05T14:12:00","2","PARKED",,"715992",,"AUDI","Q7","IL","2015","NONE","PASSENGER","PERSONAL","S","PARKED",,,"0",,,,,,,,,,,,"true","true","true",,,,"UNKNOWN",,,,,,,,,,,,,,,,,,,,,,,,,,,,,,,,,
"756981","JC467330","2019-10-05T14:00:00","1","DRIVER",,"719048",,"FORD","EXPLORER","IL","2018","UNKNOWN","UNKNOWN/NA","UNKNOWN/NA","W","BACKING",,,"1",,,,,,,,,,,,,,,,,"true","UNKNOWN",,,,,,,,,,,,,,,,,,,,,,,,,,,,,,,,,
"756982","JC467330","2019-10-05T14:00:00","2","PARKED",,"719053",,"TOYOTA MOTOR COMPANY, LTD.","UNKNOWN","IL","2019","NONE","PASSENGER","PERSONAL","W","PARKED",,,"0",,,,,,,,,,,,,,,,"true",,"OTHER",,,,,,,,,,,,,,,,,,,,,,,,,,,,,,,,,
"754236","JC461947","2019-10-05T14:00:00","2","DRIVER",,"716464",,"MERCEDES-BENZ","S500","IL","2008","NONE","PASSENGER","PERSONAL","S","STRAIGHT AHEAD",,,"1",,,,,,,,,"true","true",,,,,,,,"REAR",,,,,,,,,,,,,,,,,,,,,,,,,,,,,,,,,
"755121","JC461177","2019-10-05T14:00:00","2","DRIVER",,"717271",,"ACURA (DIV. OF AMERICAN HONDA MOTOR CO.)","RDX","IN","2019","NONE","SPORT UTILITY VEHICLE (SUV)","PERSONAL","W","STRAIGHT AHEAD",,,"1",,,,,,,,,,,,,,,,"true",,"REAR-LEFT",,,,,,,,,,,,,,,,,,,,,,,,,,,,,,,,,
"753723","JC461102","2019-10-05T14:00:00","2","PARKED",,"716006",,"TOYOTA MOTOR COMPANY, LTD.","CAMRY","IL","2016","NONE","PASSENGER","NOT IN USE","N","PARKED",,,"0",,,,,,,,,,,,,,,"true",,,"UNDER CARRIAGE",,,,,,,,,,,,,,,,,,,,,,,,,,,,,,,,,
"753694","JC461099","2019-10-05T14:00:00","1","DRIVER","1","715953",,"CHRYSLER","TOWN & COUNTRY","IL","2010","NONE","VAN/MINI-VAN","PERSONAL","W","STRAIGHT AHEAD",,,"2",,,,,,,,,,,,,,,,"true",,"OTHER",,,,,,,,,,,,,,,,,,,,,,,,,,,,,,,,,
"753695","JC461099","2019-10-05T14:00:00","2","DRIVER","2","715951",,"TOYOTA MOTOR COMPANY, LTD.","RAV4 (sport utility)","IL","2015","NONE","SPORT UTILITY VEHICLE (SUV)","PERSONAL","W","STRAIGHT AHEAD",,,"3",,,,,,,,,,"true",,,,,,"true",,,,,,,,,,,,,,,,,,,,,,,,,,,,,,,,,,,
"753696","JC461099","2019-10-05T14:00:00","3","DRIVER",,"715946",,"TOYOTA MOTOR COMPANY, LTD.","Matrix (sport wagon)","IL","2008","NONE","PASSENGER","PERSONAL","W","STRAIGHT AHEAD",,,"1",,,,,,,,,,"true",,,,,,,,"REAR-LEFT",,,,,,,,,,,,,,,,,,,,,,,,,,,,,,,,,
"753706","JC461082","2019-10-05T14:00:00","1","DRIVER",,"715976",,"BUICK","VERANO","IL","2014","UNKNOWN","SPORT UTILITY VEHICLE (SUV)","PERSONAL","NW","BACKING",,,"1",,,,,,,,,,,"true",,,,,,,"SIDE-LEFT",,,,,,,,,,,,,,,,,,,,,,,,,,,,,,,,,
"753707","JC461082","2019-10-05T14:00:00","2","PARKED",,"715981",,"LEXUS","RX300","IL","2015","NONE","SPORT UTILITY VEHICLE (SUV)","PERSONAL","S","PARKED",,,"0",,,,,,,,,,,"true",,,,,,,"SIDE-LEFT",,,,,,,,,,,,,,,,,,,,,,,,,,,,,,,,,
"753718","JC461074","2019-10-05T14:00:00","1","PARKED",,"715966",,"TOYOTA MOTOR COMPANY, LTD.","CAMRY","IL","2010","NONE","PASSENGER","PERSONAL","E","PARKED","true",,"0",,,,,,,,,,,,,"true","true",,,,"ROOF",,,,,,,,,,,,,,,,,,,,,,,,,,,,,,,,,
"753719","JC461074","2019-10-05T14:00:00","2","DRIVER",,"715975",,"BLUEBIRD INTERNATIONAL","UNKNOWN","MI","2013","NONE","TRUCK - SINGLE UNIT","COMMERCIAL - SINGLE UNIT","E","STRAIGHT AHEAD",,,"1",,,,,,"true","false","false",,,,,,,,,,"SIDE-RIGHT",,,,,,,,,,,,,,,,,,,,,,,,,,,,,,,,,