"crash_unit_id","rd_no","crash_date","unit_no","unit_type","num_passengers","vehicle_id","cmrc_veh_i","make","model","lic_plate_state","vehicle_year","vehicle_defect","vehicle_type","vehicle_use","travel_direction","maneuver","towed_i","fire_i","occupant_cnt","exceed_speed_limit_i","towed_by","towed_to","area_00_i","area_01_i","area_02_i","area_03_i","area_04_i","area_05_i","area_06_i","area_07_i","area_08_i","area_09_i","area_10_i","area_11_i","area_12_i","area_99_i","first_contact_point","cmv_id","usdot_no","ccmc_no","ilcc_no","commercial_src","gvwr","carrier_name","carrier_state","carrier_city","hazmat_placards_i","hazmat_name","un_no","hazmat_present_i","hazmat_report_i","hazmat_report_no","mcs_report_i","mcs_report_no","hazmat_vio_cause_crash_i","mcs_vio_cause_crash_i","idot_permit_no","wide_load_i","trailer1_width","trailer2_width","trailer1_length","trailer2_length","total_vehicle_length","axle_cnt","vehicle_config","cargo_body_type","load_type","hazmat_out_of_service_i","mcs_out_of_service_i","hazmat_class"
"753685","JC461095","2019-10-05T13:45:00","2","DRIVER","1","715988",,"NISSAN","ROGUE","IL","2016","UNKNOWN","SPORT UTILITY VEHICLE (SUV)","PERSONAL","W","SLOW/STOP IN TRAFFIC",,,"2",,,,,,,,,,"true",,,,,,,,"REAR-LEFT",,,,,,,,,,,,,,,,,,,,,,,,,,,,,,,,,
"753740","JC461075","2019-10-05T13:40:00","1","DRIVER",,"715993",,"NISSAN","NISSAN ALTIMA","IL","2015","NONE","PASSENGER","PERSONAL","S","STRAIGHT AHEAD",,,"1",,,,,"true",,,,,,,,,,,,,"FRONT",,,,,,,,,,,,,,,,,,,,,,,,,,,,,,,,,
"754209","JC461061","2019-10-05T13:40:00","1","DRIVER",,"716440","true","FORD","F350","IL","2008","UNKNOWN","TRUCK - SINGLE UNIT","CONSTRUCTION/MAINTENANCE","N","STRAIGHT AHEAD",,,"1",,,,,,,,,,,,,,,,,"true","UNKNOWN","8342",,,,,,"MARIA CONTRACTING FIRM OWNED","IL","ELGIN",,,,"U","U",,"N",,"U","U",,,,,,,,,"SINGLE UNIT TRUCK, 2 AXLES, 6 TIRES","OTHER","UNKNOWN",,"false",
"753815","JC461196","2019-10-05T13:33:00","1","DRIVER","1","716069",,"NISSAN","ROGUE","IL","2017","UNKNOWN","SPORT UTILITY VEHICLE (SUV)","PERSONAL","N","BACKING",,,"2",,,,,,,,,"true","true",,,,,,,,"REAR",,,,,,,,,,,,,,,,,,,,,,,,,,,,,,,,,
"753816","JC461196","2019-10-05T13:33:00","2","PARKED",,"716079",,"LAND ROVER","RANGE ROVER OF NORTH AMER","WI","2018","NONE","SPORT UTILITY VEHICLE (SUV)","PERSONAL","N","PARKED",,,"0",,,,,,,,,"true",,,,,,,,,"REAR",,,,,,,,,,,,,,,,,,,,,,,,,,,,,,,,,
"753943","JC461503","2019-10-05T13:30:00","1","DRIVER",,"716190",,"DODGE","GRAND CARAVAN","IL","2006","NONE","VAN/MINI-VAN","PERSONAL","W","STRAIGHT AHEAD",,,"1",,,,,,,,,,,,,,,,"true",,"OTHER",,,,,,,,,,,,,,,,,,,,,,,,,,,,,,,,,
"753944","JC461503","2019-10-05T13:30:00","2","DRIVER","1","716187",,"NISSAN","SENTRA (DATSUN AND NISSAN HAVE MERGED)","IL","2006","NONE","PASSENGER","PERSONAL","W","SLOW/STOP IN TRAFFIC",,,"2",,,,,,,,,,"true",,,,,,,,"REAR-LEFT",,,,,,,,,,,,,,,,,,,,,,,,,,,,,,,,,
"753678","JC461057","2019-10-05T13:30:00","2","DRIVER","1","715995",,"KIA MOTORS CORP","FORTE","IL","2017","UNKNOWN","PASSENGER","PERSONAL","N","SLOW/STOP IN TRAFFIC",,,"2",,,,,,,,,,,"true",,,,,,,"SIDE-LEFT",,,,,,,,,,,,,,,,,,,,,,,,,,,,,,,,,
"753762","JC461054","2019-10-05T13:30:00","1","DRIVER",,"716009",,"NISSAN","ALTRA-EV","IL","2008","NONE","PASSENGER","PERSONAL","S","STRAIGHT AHEAD",,,"1",,,,,,"true","true",,,,,,,,,,,"FRONT-RIGHT",,,,,,,,,,,,,,,,,,,,,,,,,,,,,,,,,
"753763","JC461054","2019-10-05T13:30:00","2","PARKED",,"716016",,"AUDI","UNKNOWN","IL","2017","NONE","PASSENGER","PERSONAL","UNKNOWN","PARKED",,,"0",,,,,,,,,,,,,"true","true",,,,"UNDER CARRIAGE",,,,,,,,,,,,,,,,,,,,,,,,,,,,,,,,,
"753758","JC461149","2019-10-05T13:29:00","1","DRIVER",,"716020",,"BUICK","Rendezvous","IL","2006","NONE","PASSENGER","PERSONAL","W","BACKING",,,"1",,,,,,,,,,"false",,,,,,,,"REAR-LEFT",,,,,,,,,,,,,,,,,,,,,,,,,,,,,,,,,
"753759","JC461149","2019-10-05T13:29:00","2","DRIVER",,"716029",,"NISSAN","NISSAN ALTIMA","IL","2008","NONE","PASSENGER","PERSONAL","E","SLOW/STOP IN TRAFFIC",,,"1",,,,,,,,,,,,,,,,,,"OTHER",,,,,,,,,,,,,,,,,,,,,,,,,,,,,,,,,
"753708","JC461104","2019-10-05T13:20:00","1","DRIVER",,"715956",,"SCION","TC","IL","2007","UNKNOWN","PASSENGER","PERSONAL","N","BACKING",,,"1",,,,,,,,,,,,,,,,,"true","UNKNOWN",,,,,,,,,,,,,,,,,,,,,,,,,,,,,,,,,
"753709","JC461104","2019-10-05T13:20:00","2","DRIVER","3","715964",,"FORD","EXPLORER","IL","2019","UNKNOWN","SPORT UTILITY VEHICLE (SUV)","PERSONAL","E","STRAIGHT AHEAD",,,"4",,,,,"true",,,,,,,,,,,,,"FRONT",,,,,,,,,,,,,,,,,,,,,,,,,,,,,,,,,
"753662","JC461064","2019-10-05T13:20:00","1","DRIVER",,"715922",,"CHEVROLET","UNKNOWN","IL","2017","NONE","SPORT UTILITY VEHICLE (SUV)","PERSONAL","W","ENTERING TRAFFIC LANE FROM PARKING",,,"1",,,,,"true",,,,,,,,,,,,,"FRONT",,,,,,,,,,,,,,,,,,,,,,,,,,,,,,,,,
"753663","JC461064","2019-10-05T13:20:00","2","PARKED","1","715928",,"DODGE","DURANGO","IL","2017","NONE","SPORT UTILITY VEHICLE (SUV)","NOT IN USE","E","PARKED",,,"1",,,,,,,,,,"true",,,,,,,,"REAR-LEFT",,,,,,,,,,,,,,,,,,,,,,,,,,,,,,,,,
"753668","JC461071","2019-10-05T13:15:00","1","DRIVER",,"715933",,"TOYOTA MOTOR COMPANY, LTD.","CAMRY","IL","2013","UNKNOWN","OTHER","OTHER","N","STRAIGHT AHEAD",,,"1",,,,,,,,,,"true",,,,,,,,"REAR-LEFT",,,,,,,,,,,,,,,,,,,,,,,,,,,,,,,,,
"753697","JC461071","2019-10-05T13:15:00","2","DRIVER",,"715947",,"FORD","FUSION","IL","2014","UNKNOWN","PASSENGER","PERSONAL","S","STRAIGHT AHEAD",,,"1",,,,,,,,,,,,,,,,"true",,"OTHER",,,,,,,,,,,,,,,,,,,,,,,,,,,,,,,,,
"753672","JC461046","2019-10-05T13:15:00","1","DRIVER",,"715945","true","UNKNOWN","UNKNOWN","IL","2017","NONE","TRACTOR W/ SEMI-TRAILER","COMMERCIAL - MULTI-UNIT","E","BACKING",,,"1",,,,"true",,,,,,,,,,,,,,"SIDE-RIGHT",,,,,,,,,,,,,,,,,,,,,,,,,,,,,,,,,
"753701","JC461018","2019-10-05T13:14:00","2","DRIVER",,"715971",,"TESLA MOTORS","MODEL S","IL","2013","NONE","PASSENGER","PERSONAL","W","STRAIGHT AHEAD",,,"1",,,,,,,,,,,,,,,,"true",,"OTHER",,,,,,,,,,,,,,,,,,,,,,,,,,,,,,,,,
"753774","JC461184","2019-10-05T13:06:00","1","DRIVER",,"716022",,"NISSAN","ROGUE","IL","2016","UNKNOWN","PASSENGER","PERSONAL","E","CHANGING LANES",,,"1",,,,,,,"true","true","false",,,,,,,,,"REAR-RIGHT",,,,,,,,,,,,,,,,,,,,,,,,,,,,,,,,,
"753775","JC461184","2019-10-05T13:06:00","2","DRIVER",,"716036",,"TOYOTA MOTOR COMPANY, LTD.","Sequoia","IL","2019","NONE","PASSENGER","PERSONAL","E","STRAIGHT AHEAD",,,"1",,,,,,,,,,,"true",,,,,,,"FRONT-LEFT",,,,,,,,,,,,,,,,,,,,,,,,,,,,,,,,,
"753717","JC461022","2019-10-05T13:00:00","2","DRIVER","1","715968",,"CHEVROLET","MALIBU (CHEVELLE)","IL","2017","NONE","PASSENGER","PERSONAL","S","SLOW/STOP IN TRAFFIC",,,"2",,,,,,,,,,,,,,,,,,"REAR-LEFT",,,,,,,,,,,,,,,,,,,,,,,,,,,,,,,,,
"753703","JC461033","2019-10-05T12:54:00","1","DRIVER",,"715961",,"MERCEDES-BENZ","C300","IL","2015","UNKNOWN","PASSENGER","PERSONAL","S","STRAIGHT AHEAD",,,"1",,,,,,,,,,,,,,,,"true",,"OTHER",,,,,,,,,,,,,,,,,,,,,,,,,,,,,,,,,
"753643","JC460989","2019-10-05T12:45:00","1","DRIVER",,"715898",,"MERCEDES-BENZ","C250","IL","2017","NONE","PASSENGER","PERSONAL","W","STRAIGHT AHEAD",,,"1",,,,,"true",,,,,,,,,,"true","true",,"OTHER",,,,,,,,,,,,,,,,,,,,,,,,,,,,,,,,,
"753644","JC460989","2019-10-05T12:45:00","2","DRIVER",,"715907",,"SCION","TC","IL","2012","NONE","PASSENGER","PERSONAL","SE","TURNING RIGHT","true",,"1",,"private","private",,,,,,,,"true","true","true",,,,,"ROOF",,,,,,,,,,,,,,,,,,,,,,,,,,,,,,,,,
"753637","JC461021","2019-10-05T12:40:00","1","DRIVER","1","715895",,"KIA MOTORS CORP","Rio","IL","2016","NONE","PASSENGER","PERSONAL","W","STRAIGHT AHEAD",,,"2",,,,"true",,,,,,,,,,,,,,"NONE",,,,,,,,,,,,,,,,,,,,,,,,,,,,,,,,,
"753635","JC460995","2019-10-05T12:40:00","1","DRIVER",,"715900",,"FORD","UNKNOWN","IL","2016","NONE","OTHER","OTHER","S","OTHER",,,"1",,,,"true",,,"false",,,,,,,,,,,"SIDE-RIGHT",,,,,,,,,,,,,,,,,,,,,,,,,,,,,,,,,
"753636","JC460995","2019-10-05T12:40:00","2","PARKED",,"715910",,"FORD","F150","IL","2014","NONE","PICKUP","OTHER","W","PARKED",,,"0",,,,,,,,,,,"true",,,,,,,"SIDE-LEFT",,,,,,,,,,,,,,,,,,,,,,,,,,,,,,,,,
"753660","JC461063","2019-10-05T12:35:00","1","DRIVER",,"715984",,"TOYOTA MOTOR COMPANY, LTD.","CAMRY","IL","2011","UNKNOWN","PASSENGER","UNKNOWN/NA","N","STRAIGHT AHEAD",,,"1",,,,,,,,,,,,,,,,"true",,"OTHER",,,,,,,,,,,,,,,,,,,,,,,,,,,,,,,,,
"753661","JC461063","2019-10-05T12:35:00","2","DRIVER","1","715921",,"MERCEDES-BENZ","C300","IL","2011","NONE","PASSENGER","PERSONAL","N","SLOW/STOP IN TRAFFIC",,,"2",,,,,,,,,"true","true",,,,,,,,"REAR-LEFT",,,,,,,,,,,,,,,,,,,,,,,,,,,,,,,,,
"753692","JC461051","2019-10-05T12:30:00","1","DRIVER","1","715952",,"JEEP","Jeepster,Utility Wag(for vehicle years 1989 to present)","IL","2019","NONE","PASSENGER","PERSONAL","E","CHANGING LANES",,,"2",,,,,,,,,,,,,,,"true","true",,"TOTAL (ALL AREAS)",,,,,,,,,,,,,,,,,,,,,,,,,,,,,,,,,
"753693","JC461051","2019-10-05T12:30:00","2","DRIVER",,"715962",,"HYUNDAI","TUCSON","IL","2013","NONE","PASSENGER","PERSONAL","W","TURNING LEFT",,,"1",,,,,"true",,,,,,,,,,,"true",,"UNDER CARRIAGE",,,,,,,,,,,,,,,,,,,,,,,,,,,,,,,,,
"753630","JC461007","2019-10-05T12:30:00","2","DRIVER",,"715899",,"LEXUS","RX330","IL","2006","UNKNOWN","PASSENGER","PERSONAL","E","SLOW/STOP IN TRAFFIC",,,"1",,,,,,,,,"true","true",,,,,,,,"REAR-RIGHT",,,,,,,,,,,,,,,,,,,,,,,,,,,,,,,,,
"753655","JC441045","2019-10-05T12:30:00","2","DRIVER",,"715917",,"TOYOTA MOTOR COMPANY, LTD.","4RUNNER","IL","2009","UNKNOWN","PASSENGER","UNKNOWN/NA","UNKNOWN","BACKING",,,"3",,,,,,,,,,"true","true",,,,,,,"SIDE-LEFT",,,,,,,,,,,,,,,,,,,,,,,,,,,,,,,,,
"753646","JC460979","2019-10-05T12:25:00","1","DRIVER",,"715906","true","FREIGHTLINER CORP.","UNKNOWN","IN","2020","NONE","TRUCK - SINGLE UNIT","COMMERCIAL - SINGLE UNIT","W","STRAIGHT AHEAD",,,"1",,,,"true",,,,,,,,,,,,,,,"8341","327574",,,"DRIVER","3","PENSKE TRUCK LEASING CO LP","IN","EAST CHICAGO",,,,"N",,,,,,,,,,,,,"35","2","SINGLE UNIT TRUCK, 2 AXLES, 6 TIRES","VAN/ENCLOSED BOX","OTHER",,,
"753671","JC460979","2019-10-05T12:25:00","2","PARKED",,"715932",,"FORD","ECONOLINE E350","IL","2012","NONE","VAN/MINI-VAN","NOT IN USE","E","PARKED",,,"0",,,,,,,,,,,,,,,,,,,,,,,,,,,,,,,,,,,,,,,,,,,,,,,,,,,
"753683","JC460979","2019-10-05T12:25:00","3","PARKED",,"715938",,"BMW","328i","IL","2006","NONE","PASSENGER","NOT IN USE","UNKNOWN","PARKED",,,"0",,,,,,,,,,,,,"true",,,,,"ROOF",,,,,,,,,,,,,,,,,,,,,,,,,,,,,,,,,
"753686","JC460979","2019-10-05T12:25:00","4","PARKED",,"715939",,"NISSAN","UNKNOWN","IL","2006","NONE","PASSENGER","NOT IN USE","UNKNOWN","PARKED",,,"0",,,,,,,,,,,,,,,,"true",,"OTHER",,,,,,,,,,,,,,,,,,,,,,,,,,,,,,,,,
"753631","JC460981","2019-10-05T12:23:00","1","DRIVER","1","715893",,"VOLKSWAGEN","BEETLE (SUPER BEETLE OR BUG)","IL","2007","UNKNOWN","PASSENGER","PERSONAL","N","TURNING RIGHT",,,"2",,,,,,,,,,,,,,,,,"true","SIDE-RIGHT",,,,,,,,,,,,,,,,,,,,,,,,,,,,,,,,,
"753632","JC460981","2019-10-05T12:23:00","2","DRIVER",,"715909",,"TOYOTA MOTOR COMPANY, LTD.","CAMRY","IL","2015","UNKNOWN","PASSENGER","PERSONAL","N","STRAIGHT AHEAD",,,"1",,,,,,,,,,,,,,,"true","true",,"TOTAL (ALL AREAS)",,,,,,,,,,,,,,,,,,,,,,,,,,,,,,,,,
"753610","JC460977","2019-10-05T12:20:00","1","DRIVER",,"715875",,"FORD","UNKNOWN","IL","2010","NONE","PASSENGER","PERSONAL","E","BACKING",,,"1",,,,,,,,,,"true",,,,,,,,"REAR-LEFT",,,,,,,,,,,,,,,,,,,,,,,,,,,,,,,,,
"753651","JC460963","2019-10-05T12:20:00","1","DRIVER",,"715913",,"HONDA","ACCORD","IL","2006","NONE","PASSENGER","PERSONAL","SW","TURNING RIGHT","true",,"1",,"UNK","UNK",,"true","true",,,,,,,,,,,,"FRONT",,,,,,,,,,,,,,,,,,,,,,,,,,,,,,,,,
"753652","JC460963","2019-10-05T12:20:00","2","DRIVER",,"715918",,"KIA MOTORS CORP","Optima","IL","2017","NONE","PASSENGER","PERSONAL","W","STRAIGHT AHEAD","false",,"1",,,,,,,,,,,,,,,"true",,,"FRONT",,,,,,,,,,,,,,,,,,,,,,,,,,,,,,,,,
"753608","JC460958","2019-10-05T12:20:00","1","DRIVER",,"715871",,"CHEVROLET","HHR","IL","2010","NONE","PASSENGER","PERSONAL","NW","BACKING",,,"1",,,,,,,,,,,"true",,,,,,,"SIDE-LEFT",,,,,,,,,,,,,,,,,,,,,,,,,,,,,,,,,
"753609","JC460958","2019-10-05T12:20:00","2","DRIVER",,"715874",,"CHEVROLET","MALIBU (CHEVELLE)","IL","2017","NONE","PASSENGER","PERSONAL","SE","STRAIGHT AHEAD",,,"1",,,,,"true",,,,,,,,,,,,,"FRONT",,,,,,,,,,,,,,,,,,,,,,,,,,,,,,,,,
"753619","JC460964","2019-10-05T12:19:00","1","PARKED",,"715881",,"NISSAN","ROGUE","IL","2016","NONE","PASSENGER","PERSONAL","S","PARKED","true",,"0",,"Private","Private",,,,,,,,,,"true","true","true",,,"ROOF",,,,,,,,,,,,,,,,,,,,,,,,,,,,,,,,,
"756207","JC465947","2019-10-05T12:15:00","1","DRIVER",,"718313",,"JEEP","Wrangler (for vehicle years 1989 to present)","IL","2007","UNKNOWN","SPORT UTILITY VEHICLE (SUV)","UNKNOWN/NA","S","STRAIGHT AHEAD",,,"1",,,,,,,,,,,,,,,,,"true","OTHER",,,,,,,,,,,,,,,,,,,,,,,,,,,,,,,,,
"756208","JC465947","2019-10-05T12:15:00","2","DRIVER",,"718315",,"SUBARU","OUTBACK","IL","2016","UNKNOWN","SPORT UTILITY VEHICLE (SUV)","PERSONAL","S","SLOW/STOP IN TRAFFIC",,,"1",,,,,,,,,,"true",,,,,,,,"REAR-LEFT",,,,,,,,,,,,,,,,,,,,,,,,,,,,,,,,,
"753605","JC460939","2019-10-05T11:45:00","1","DRIVER",,"715869",,"CHEVROLET","UNKNOWN","IL","2012","UNKNOWN","UNKNOWN/NA","UNKNOWN/NA","W","STRAIGHT AHEAD",,,"1",,,,,,,,,,,,,,,,,"true","OTHER",,,,,,,,,,,,,,,,,,,,,,,,,,,,,,,,,
"753591","JC460919","2019-10-05T11:40:00","1","DRIVER",,"715846",,"BLUEBIRD INTERNATIONAL","UNKNOWN","IL","2009","NONE","OTHER","TOW TRUCK","S","PASSING/OVERTAKING",,,"1",,,,,,"true",,,,,,,,,,,,"SIDE-RIGHT",,,,,,,,,,,,,,,,,,,,,,,,,,,,,,,,,
"753592","JC460919","2019-10-05T11:40:00","2","DRIVER",,"715849",,"NEW FLYER","NEW FLYER","IL","2007","NONE","BUS OVER 15 PASS.","CTA","S","STRAIGHT AHEAD",,,"1",,,,,,"true",,,,,,,,"true",,,,"ROOF",,,,,,,,,,,,,,,,,,,,,,,,,,,,,,,,,
"753606","JC460926","2019-10-05T11:36:00","1","DRIVER",,"715870",,"NISSAN","350Z","IL","2016","NONE","PASSENGER","PERSONAL","S","TURNING LEFT","true",,"1",,"unk","unk",,"true","true","true","true",,,,,,,,,,"SIDE-RIGHT",,,,,,,,,,,,,,,,,,,,,,,,,,,,,,,,,
"754829","JC463137","2019-10-05T11:30:00","2","DRIVER",,"717035",,"HONDA","UNKNOWN","IL","2014","NONE","PASSENGER","PERSONAL","W","STRAIGHT AHEAD",,,"1",,,,,,,,,,,,,,,"true",,,"TOTAL (ALL AREAS)",,,,,,,,,,,,,,,,,,,,,,,,,,,,,,,,,
"753735","JC461160","2019-10-05T11:30:00","2","PARKED",,"715990",,"NISSAN","NISSAN ALTIMA","IL","2017","UNKNOWN","PASSENGER","OTHER","W","PARKED",,,"0",,,,,,,,,,,"true",,,,,,,"SIDE-LEFT",,,,,,,,,,,,,,,,,,,,,,,,,,,,,,,,,
"753612","JC460936","2019-10-05T11:30:00","1","DRIVER",,"715876",,"DODGE","MAGNUM","IL","2008","UNKNOWN","PASSENGER","PERSONAL","E","STRAIGHT AHEAD","true",,"1",,"Private Tow Comapny",,,"true",,,,,,,,,,"true","true",,"OTHER",,,,,,,,,,,,,,,,,,,,,,,,,,,,,,,,,
"753613","JC460936","2019-10-05T11:30:00","2","PARKED","2","715880",,"CADILLAC","Escalade","IL","2016","NONE","SPORT UTILITY VEHICLE (SUV)","PERSONAL","E","PARKED","true",,"2",,"Private Tow company",,,"true",,,"true","true","true","true","true",,,"true","true",,"REAR-LEFT",,,,,,,,,,,,,,,,,,,,,,,,,,,,,,,,,
"753614","JC460936","2019-10-05T11:30:00","3","PARKED",,"715886",,"VOLKSWAGEN","PASSAT","IL","2014","NONE","PASSENGER","PERSONAL","E","PARKED","false",,"0",,,,,"true",,,,"true","true","true",,,,"true","true",,"REAR-LEFT",,,,,,,,,,,,,,,,,,,,,,,,,,,,,,,,,
"753580","JC460891","2019-10-05T11:21:00","1","DRIVER",,"715842",,"JEEP","CHEROKEE","IL","2018","NONE","SPORT UTILITY VEHICLE (SUV)","PERSONAL","S","STRAIGHT AHEAD",,,"1",,,,,,,,,,,,"true","true","true","true",,,"UNDER CARRIAGE",,,,,,,,,,,,,,,,,,,,,,,,,,,,,,,,,
"753581","JC460891","2019-10-05T11:21:00","2","DRIVER",,"715845",,"HYUNDAI","SONATA","IL","2013","NONE","PASSENGER","PERSONAL","W","STRAIGHT AHEAD","true",,"1",,"PRIVATE",,,"true",,,,,,,,,,"true","true",,"OTHER",,,,,,,,,,,,,,,,,,,,,,,,,,,,,,,,,
"753573","JC460895","2019-10-05T11:15:00","2","DRIVER",,"715841",,"FORD","EDGE","IL","2014","NONE","PASSENGER","PERSONAL","W","STRAIGHT AHEAD",,,"1",,,,,,,,,,,,,,,"true",,,"TOTAL (ALL AREAS)",,,,,,,,,,,,,,,,,,,,,,,,,,,,,,,,,
"753603","JC460924","2019-10-05T11:05:00","2","PARKED",,"715868",,"CHEVROLET","IMPALA","IL","2006","UNKNOWN","PASSENGER","PERSONAL","E","PARKED","true",,"0",,"PRIVATE TOW","INSURANCE",,,,,,,"true","true","true",,,,,,"SIDE-LEFT",,,,,,,,,,,,,,,,,,,,,,,,,,,,,,,,,
"753598","JC460935","2019-10-05T11:00:00","2","DRIVER",,"715865",,"FORD","FORD","IL","2013","NONE","PASSENGER","RIDESHARE SERVICE","E","STRAIGHT AHEAD",,,"1",,,,,,,,,,"true",,,,,,,,"REAR-LEFT",,,,,,,,,,,,,,,,,,,,,,,,,,,,,,,,,
"753588","JC460918","2019-10-05T11:00:00","2","DRIVER","1","715847",,"LINCOLN-CONTINENTAL","MKS","IL","2011","NONE","SPORT UTILITY VEHICLE (SUV)","PERSONAL","E","SLOW/STOP IN TRAFFIC",,,"2",,,,,,,,,"true","true",,,,,,,,"REAR",,,,,,,,,,,,,,,,,,,,,,,,,,,,,,,,,
"753710","JC460888","2019-10-05T10:53:00","1","DRIVER",,"715957",,"AUDI","A6","IL","2016","UNKNOWN","PASSENGER","PERSONAL","NE","BACKING","true",,"1",,"UNKNOWN","UNKNOWN",,,,,,"true","true","true","true","true","true","true",,,"SIDE-LEFT",,,,,,,,,,,,,,,,,,,,,,,,,,,,,,,,,
"753711","JC460888","2019-10-05T10:53:00","2","PARKED",,"715960",,"TOYOTA MOTOR COMPANY, LTD.","Highlander(beginning vehicle year 2001)","IL","2015","UNKNOWN","SPORT UTILITY VEHICLE (SUV)","NOT IN USE","UNKNOWN","PARKED",,,"0",,,,,"true",,,,,,,,,,"true","true",,"OTHER",,,,,,,,,,,,,,,,,,,,,,,,,,,,,,,,,
"753712","JC460888","2019-10-05T10:53:00","3","PARKED",,"715967",,"INFINITI","UNKNOWN","MD","2018","UNKNOWN","PASSENGER","NOT IN USE","UNKNOWN","PARKED","true",,"0",,"UNKNOWN","UNKNOWN",,"true","true","true",,,,,,"true","true","true","true",,"TOTAL (ALL AREAS)",,,,,,,,,,,,,,,,,,,,,,,,,,,,,,,,,
"753713","JC460888","2019-10-05T10:53:00","4","PARKED",,"715973",,"KIA MOTORS CORP","Optima","IL","2010","UNKNOWN","PASSENGER","NOT IN USE","UNKNOWN","PARKED",,,"0",,,,,,,"true","true","true",,,,,,,,,"SIDE-RIGHT",,,,,,,,,,,,,,,,,,,,,,,,,,,,,,,,,
"753584","JC460897","2019-10-05T10:45:00","1","DRIVER",,"715850",,"HYUNDAI","SONATA","IL","2013","NONE","PASSENGER","PERSONAL","W","STRAIGHT AHEAD","true",,"1",,"PRIVATE",,,"true",,,,,,,,,,"true","true",,"OTHER",,,,,,,,,,,,,,,,,,,,,,,,,,,,,,,,,
"753585","JC460897","2019-10-05T10:45:00","2","DRIVER",,"715861",,"DODGE","CARAVAN","IL","2014","NONE","PASSENGER","OTHER","W","STRAIGHT AHEAD",,,"1",,,,,,,,,"true",,,,,,,,,"REAR",,,,,,,,,,,,,,,,,,,,,,,,,,,,,,,,,
"753586","JC460897","2019-10-05T10:45:00","3","PARKED",,"715867",,"NISSAN","ROGUE","IL","2012","NONE","PASSENGER","PERSONAL","W","PARKED","true",,"0",,"PRIVATE",,,"true",,,"true","true","true","true","true",,,,,,"REAR-LEFT",,,,,,,,,,,,,,,,,,,,,,,,,,,,,,,,,
"753574","JC460889","2019-10-05T10:40:00","1","DRIVER",,"715828",,"UNKNOWN","UNKNOWN","IL","2014","NONE","TRUCK - SINGLE UNIT","OTHER","S","STRAIGHT AHEAD",,,"1",,,,,,,,,,,,,,,,"true",,"OTHER",,,,,,,,,,,,,,,,,,,,,,,,,,,,,,,,,
"754288","JC460848","2019-10-05T10:35:00","2","DRIVER",,"716508",,"BUICK","BUICK","IL","2016","UNKNOWN","PASSENGER","PERSONAL","W","STRAIGHT AHEAD",,,"1",,,,,,,,,,"true",,,,,,,,"REAR-LEFT",,,,,,,,,,,,,,,,,,,,,,,,,,,,,,,,,
"754291","JC460848","2019-10-05T10:35:00","3","DRIVER",,"716510",,"AUDI","A6","IL","2007","NONE","PASSENGER","PERSONAL","W","SLOW/STOP IN TRAFFIC",,,"1",,,,,,,,,,"true",,,,,,,,"REAR-LEFT",,,,,,,,,,,,,,,,,,,,,,,,,,,,,,,,,
"756989","JC467337","2019-10-05T10:30:00","2","PARKED",,"719063",,"NISSAN","ROGUE","IL","2016","UNKNOWN","SPORT UTILITY VEHICLE (SUV)","PERSONAL","S","PARKED",,,"0",,,,,,,,,,,"true","true","true","true","true",,,"ROOF",,,,,,,,,,,,,,,,,,,,,,,,,,,,,,,,,
"753547","JC460850","2019-10-05T10:30:00","2","DRIVER",,"715813",,"TOYOTA MOTOR COMPANY, LTD.","COROLLA","IL","2009","NONE","PASSENGER","PERSONAL","E","SLOW/STOP IN TRAFFIC",,,"1",,,,,,,,,"true","true","true",,,,,,,"REAR-LEFT",,,,,,,,,,,,,,,,,,,,,,,,,,,,,,,,,
"753561","JC460847","2019-10-05T10:26:00","2","DRIVER",,"715830",,"KIA MOTORS CORP","SORENTO","IL","2019","UNKNOWN","PASSENGER","PERSONAL","W","STRAIGHT AHEAD",,,"1",,,,,,,,,,,,,"true",,,,,"ROOF",,,,,,,,,,,,,,,,,,,,,,,,,,,,,,,,,
"753541","JC460854","2019-10-05T10:25:00","2","DRIVER",,"715805",,"HYUNDAI","TUCSON","IL","2012","NONE","PASSENGER","PERSONAL","N","TURNING RIGHT",,,"1",,,,,,,,,"true",,,,,,,,,"OTHER",,,,,,,,,,,,,,,,,,,,,,,,,,,,,,,,,
"754563","JC461003","2019-10-05T10:20:00","2","PARKED",,"716762",,"HYUNDAI","SONATA","IL","2018","UNKNOWN","PASSENGER","PERSONAL","S","PARKED",,,"0",,,,,,,,,,,,,,,,,,"ROOF",,,,,,,,,,,,,,,,,,,,,,,,,,,,,,,,,
"754566","JC461003","2019-10-05T10:20:00","3","DRIVERLESS",,"716773",,"HONDA","CIVIC","IL","2017","NONE","PASSENGER","PERSONAL","E","PARKED",,,"0",,,,,,,,,,"true",,,,,,,,"REAR-LEFT",,,,,,,,,,,,,,,,,,,,,,,,,,,,,,,,,