"crash_unit_id","rd_no","crash_date","unit_no","unit_type","num_passengers","vehicle_id","cmrc_veh_i","make","model","lic_plate_state","vehicle_year","vehicle_defect","vehicle_type","vehicle_use","travel_direction","maneuver","towed_i","fire_i","occupant_cnt","exceed_speed_limit_i","towed_by","towed_to","area_00_i","area_01_i","area_02_i","area_03_i","area_04_i","area_05_i","area_06_i","area_07_i","area_08_i","area_09_i","area_10_i","area_11_i","area_12_i","area_99_i","first_contact_point","cmv_id","usdot_no","ccmc_no","ilcc_no","commercial_src","gvwr","carrier_name","carrier_state","carrier_city","hazmat_placards_i","hazmat_name","un_no","hazmat_present_i","hazmat_report_i","hazmat_report_no","mcs_report_i","mcs_report_no","hazmat_vio_cause_crash_i","mcs_vio_cause_crash_i","idot_permit_no","wide_load_i","trailer1_width","trailer2_width","trailer1_length","trailer2_length","total_vehicle_length","axle_cnt","vehicle_config","cargo_body_type","load_type","hazmat_out_of_service_i","mcs_out_of_service_i","hazmat_class"
"753295","JC460326","2019-10-04T19:15:00","2","DRIVER","1","715596",,"CHRYSLER","CHRYSLER","IL","2014","UNKNOWN","PASSENGER","UNKNOWN/NA","N","STRAIGHT AHEAD",,,"2",,,,,"true",,,,,,,,,,,"true",,"FRONT",,,,,,,,,,,,,,,,,,,,,,,,,,,,,,,,,
"753285","JC460309","2019-10-04T19:00:00","1","DRIVER",,"715584",,"HONDA","Pilot","GA","2008","NONE","PASSENGER","PERSONAL","N","STRAIGHT AHEAD",,,"1",,,,,"true","true",,,,,,,,,,,,"FRONT",,,,,,,,,,,,,,,,,,,,,,,,,,,,,,,,,
"753286","JC460309","2019-10-04T19:00:00","2","DRIVER",,"715587",,"PONTIAC","GRAND PRIX","IL","2007","NONE","PASSENGER","PERSONAL","N","STRAIGHT AHEAD",,,"1",,,,,,,,,,,"true",,,,,,,"SIDE-LEFT",,,,,,,,,,,,,,,,,,,,,,,,,,,,,,,,,
"753281","JC460281","2019-10-04T18:57:00","1","DRIVER",,"715581",,"NISSAN","VERSA","IL","2017","UNKNOWN","PASSENGER","PERSONAL","N","STRAIGHT AHEAD","true",,"1",,"city of chicago","unk",,"true",,,,,,,,,,"true","true",,"OTHER",,,,,,,,,,,,,,,,,,,,,,,,,,,,,,,,,
"753275","JC460284","2019-10-04T18:55:00","1","DRIVER",,"715570",,"CHEVELLE MOBILE HOMES, INC.","CHEVELLE MOBILE HOMES, INC.","IL","2008","NONE","TRUCK - SINGLE UNIT","PERSONAL","E","TURNING LEFT",,,"1",,,,,,,,,,,,,,,,"true",,"OTHER",,,,,,,,,,,,,,,,,,,,,,,,,,,,,,,,,
"753276","JC460284","2019-10-04T18:55:00","2","DRIVER","4","715578",,"MAZDA","UNKNOWN","IL","2012","NONE","PASSENGER","PERSONAL","W","STRAIGHT AHEAD",,,"5",,,,,"true",,,,,,,,,,"true","true",,"OTHER",,,,,,,,,,,,,,,,,,,,,,,,,,,,,,,,,
"753269","JC460265","2019-10-04T18:55:00","1","DRIVER",,"715568",,"JEEP","CHEROKEE","IL","2016","UNKNOWN","SPORT UTILITY VEHICLE (SUV)","PERSONAL","E","ENTER FROM DRIVE/ALLEY",,,"1",,,,,,,,,,,,,,,,"true",,"OTHER",,,,,,,,,,,,,,,,,,,,,,,,,,,,,,,,,
"753270","JC460265","2019-10-04T18:55:00","2","DRIVER","1","715574",,"CHEVROLET","UNKNOWN","IL","2015","UNKNOWN","PASSENGER","PERSONAL","S","STRAIGHT AHEAD",,,"2",,,,,"true","true",,,,,,,,,,,,"FRONT-RIGHT",,,,,,,,,,,,,,,,,,,,,,,,,,,,,,,,,
"753287","JC460301","2019-10-04T18:51:00","1","DRIVER",,"715595",,"AUDI","Q7","IL","2015","UNKNOWN","PASSENGER","UNKNOWN/NA","W","CHANGING LANES",,,"1",,,,,"true",,,,,,,,,,,,,"FRONT",,,,,,,,,,,,,,,,,,,,,,,,,,,,,,,,,
"753288","JC460301","2019-10-04T18:51:00","2","DRIVER","1","715590",,"BMW","320i","IL","2018","UNKNOWN","PASSENGER","PERSONAL","W","STRAIGHT AHEAD",,,"2",,,,,,,,,,,"true","true","true","true","true",,,"TOTAL (ALL AREAS)",,,,,,,,,,,,,,,,,,,,,,,,,,,,,,,,,
"753282","JC460303","2019-10-04T18:50:00","1","DRIVER",,"715592",,"JEEP","UNKNOWN","IL","2019","NONE","SPORT UTILITY VEHICLE (SUV)","PERSONAL","S","STRAIGHT AHEAD",,,"1",,,,,"true",,,,,,,,,,,"true",,"FRONT",,,,,,,,,,,,,,,,,,,,,,,,,,,,,,,,,
"753283","JC460303","2019-10-04T18:50:00","2","DRIVER",,"715583",,"CHEVROLET","CRUZE","IL","2019","NONE","PASSENGER","PERSONAL","SE","TURNING LEFT",,,"1",,,,,,,,,,,"true",,,,,,,"SIDE-LEFT",,,,,,,,,,,,,,,,,,,,,,,,,,,,,,,,,
"753255","JC460263","2019-10-04T18:45:00","1","DRIVER",,"715557",,"TOYOTA MOTOR COMPANY, LTD.","CAMRY","IL","2012","NONE","PASSENGER","TAXI/FOR HIRE","NE","TURNING RIGHT",,,"1",,,,,,,,"true",,,,,,,,,,"REAR-RIGHT",,,,,,,,,,,,,,,,,,,,,,,,,,,,,,,,,
"753256","JC460263","2019-10-04T18:45:00","2","DRIVER",,"715562",,"KIA MOTORS CORP","Optima","NC","2015","NONE","PASSENGER","PERSONAL","E","SLOW/STOP IN TRAFFIC",,,"1",,,,,,,,,,,"true",,,,,,,"SIDE-LEFT",,,,,,,,,,,,,,,,,,,,,,,,,,,,,,,,,
"753316","JC460254","2019-10-04T18:43:00","1","DRIVER","4","715612",,"DODGE","RAM 1500 PU","IL","2008","UNKNOWN","PICKUP","PERSONAL","SE","STRAIGHT AHEAD","true",,"5",,,,,"true",,,,,,,,,,,,,"FRONT",,,,,,,,,,,,,,,,,,,,,,,,,,,,,,,,,
"753317","JC460254","2019-10-04T18:43:00","2","PARKED",,"715620",,"HYUNDAI","GENESIS","IL","2018","UNKNOWN","PASSENGER","PERSONAL","SE","PARKED","true",,"0",,,,,,,,,,,,,,,"true",,,"TOTAL (ALL AREAS)",,,,,,,,,,,,,,,,,,,,,,,,,,,,,,,,,
"753318","JC460254","2019-10-04T18:43:00","3","PARKED",,"715621",,"ACURA","ACURA","IL","2016","UNKNOWN","PASSENGER","PERSONAL","SE","PARKED","true",,"0",,,,,,,,,"true",,"true","true",,,"true",,,"SIDE-LEFT",,,,,,,,,,,,,,,,,,,,,,,,,,,,,,,,,
"753251","JC460267","2019-10-04T18:30:00","1","DRIVER",,"715553",,"NISSAN","ROGUE","IL","2012","NONE","PASSENGER","PERSONAL","S","TURNING LEFT",,,"1",,,,,,,,,,,,,,,"true","true",,"TOTAL (ALL AREAS)",,,,,,,,,,,,,,,,,,,,,,,,,,,,,,,,,
"753252","JC460267","2019-10-04T18:30:00","2","DRIVER",,"715558",,"HYUNDAI","SONATA","IL","2017","NONE","PASSENGER","PERSONAL","N","STRAIGHT AHEAD",,,"1",,,,,,,,,,,,,"true","true",,,,"ROOF",,,,,,,,,,,,,,,,,,,,,,,,,,,,,,,,,
"753266","JC460240","2019-10-04T18:28:00","2","DRIVER",,"715572",,"BUICK","REGAL","IL","2012","NONE","PASSENGER","PERSONAL","S","STRAIGHT AHEAD",,,"1",,,,,,,,,,,"true",,,,,,,"SIDE-LEFT",,,,,,,,,,,,,,,,,,,,,,,,,,,,,,,,,
"753258","JC460269","2019-10-04T18:15:00","2","DRIVER",,"715559",,"INFINITI","UNKNOWN","IL","2017","NONE","PASSENGER","PERSONAL","W","SLOW/STOP IN TRAFFIC",,,"1",,,,,,,,,,"true",,,,,,,,"REAR-LEFT",,,,,,,,,,,,,,,,,,,,,,,,,,,,,,,,,
"753261","JC460253","2019-10-04T18:15:00","1","DRIVER","1","715582",,"LINCOLN-CONTINENTAL","CONTINENTAL","IL","2009","NONE","PASSENGER","PERSONAL","E","TURNING LEFT",,,"2",,,,,,,"false","true","true",,,,,,,,,"SIDE-RIGHT",,,,,,,,,,,,,,,,,,,,,,,,,,,,,,,,,
"753262","JC460253","2019-10-04T18:15:00","2","DRIVER","1","715576",,"DODGE","CHALLENGER","IL","2013","NONE","PASSENGER","PERSONAL","W","STRAIGHT AHEAD","true",,"2",,"PRIVATE TOW",,,"true",,,,,,,,,,"true","true",,"OTHER",,,,,,,,,,,,,,,,,,,,,,,,,,,,,,,,,
"753241","JC460202","2019-10-04T18:13:00","2","DRIVER","1","715541",,"CHEVROLET","UNKNOWN","IL","2015","NONE","PASSENGER","PERSONAL","S","SLOW/STOP IN TRAFFIC",,,"2",,,,,,,,,"true","true","true",,,,,,,"REAR-LEFT",,,,,,,,,,,,,,,,,,,,,,,,,,,,,,,,,
"753277","JC460252","2019-10-04T18:05:00","1","DRIVER",,"715579",,"CHEVROLET","Avalanche","IL","2006","NONE","PASSENGER","PERSONAL","W","STRAIGHT AHEAD",,,"1",,,,,,,,,,,,,,,,"true",,"OTHER",,,,,,,,,,,,,,,,,,,,,,,,,,,,,,,,,
"753355","JC460231","2019-10-04T18:03:00","1","DRIVER","1","715644",,"HONDA","CRV","IL","2019","NONE","PASSENGER","PERSONAL","E","STRAIGHT AHEAD","true",,"2",,"ER","103 DOTY",,"true","true",,,,,,,,,,"true",,"OTHER",,,,,,,,,,,,,,,,,,,,,,,,,,,,,,,,,
"753356","JC460231","2019-10-04T18:03:00","2","PARKED",,"715647",,"VOLKSWAGEN","JETTA","IL","2019","NONE","PASSENGER","NOT IN USE","E","PARKED","true",,"0",,"PRIVATE",,,,,,,,"true","true",,,,,,,"REAR-LEFT",,,,,,,,,,,,,,,,,,,,,,,,,,,,,,,,,
"754958","JC463428","2019-10-04T18:00:00","2","PARKED",,"717130",,"NISSAN","VERSA","IL","2018","UNKNOWN","SPORT UTILITY VEHICLE (SUV)","UNKNOWN/NA","W","PARKED",,,"0",,,,,,,,,,,,"true","true",,,,,"ROOF",,,,,,,,,,,,,,,,,,,,,,,,,,,,,,,,,
"756753","JC463035","2019-10-04T18:00:00","1","DRIVER",,"718832",,"AUDI","UNKNOWN","IL","2018","NONE","PASSENGER","PERSONAL","W","STRAIGHT AHEAD",,,"1",,,,,,,,,,,,,,,,"true",,"OTHER",,,,,,,,,,,,,,,,,,,,,,,,,,,,,,,,,
"756754","JC463035","2019-10-04T18:00:00","2","DRIVER",,"718833",,"NISSAN","ROGUE","IL","2013","NONE","SPORT UTILITY VEHICLE (SUV)","PERSONAL","W","STRAIGHT AHEAD",,,"1",,,,,,,,,,"true",,,,,,"true",,"REAR-LEFT",,,,,,,,,,,,,,,,,,,,,,,,,,,,,,,,,
"756755","JC463035","2019-10-04T18:00:00","3","DRIVER",,"718837",,"FORD","ESCAPE (SUV)","IN","2013","NONE","SPORT UTILITY VEHICLE (SUV)","PERSONAL","W","STRAIGHT AHEAD",,,"1",,,,"false",,,,,,"true",,,,,,,,"REAR-LEFT",,,,,,,,,,,,,,,,,,,,,,,,,,,,,,,,,
"753543","JC460825","2019-10-04T18:00:00","2","PARKED",,"715802",,"CHEVROLET","IMPALA","IL","2015","NONE","PASSENGER","NOT IN USE","N","PARKED",,,"0",,,,,,,,,,,,"true",,,,,,"FRONT-LEFT",,,,,,,,,,,,,,,,,,,,,,,,,,,,,,,,,
"753531","JC460812","2019-10-04T18:00:00","2","PARKED",,"715793",,"LAND ROVER","Discovery","IL","2016","NONE","SPORT UTILITY VEHICLE (SUV)","PERSONAL","W","PARKED",,,"0",,,,,,,,,,,,"true","true",,,,,"ROOF",,,,,,,,,,,,,,,,,,,,,,,,,,,,,,,,,
"753373","JC460198","2019-10-04T17:56:00","1","DRIVER",,"715665",,"MAZDA","UNKNOWN","IL","2019","UNKNOWN","PASSENGER","UNKNOWN/NA","E","STRAIGHT AHEAD",,,"1",,,,"true",,,,,,,,,,,,,,"OTHER",,,,,,,,,,,,,,,,,,,,,,,,,,,,,,,,,
"753217","JC460171","2019-10-04T17:53:00","1","DRIVER","1","715518",,"FORD","UNKNOWN","IL","2016","NONE","UNKNOWN/NA","AMBULANCE","S","STRAIGHT AHEAD",,,"2",,,,"true","false",,,,,,,,,,"false","false",,"OTHER",,,,,,,,,,,,,,,,,,,,,,,,,,,,,,,,,
"753218","JC460171","2019-10-04T17:53:00","2","DRIVER",,"715526",,"BUICK","UNKNOWN","IL","2018","NONE","SPORT UTILITY VEHICLE (SUV)","PERSONAL","S","STRAIGHT AHEAD",,,"1",,,,"true",,,,,,,,,,,,,,"REAR-LEFT",,,,,,,,,,,,,,,,,,,,,,,,,,,,,,,,,
"753284","JC460179","2019-10-04T17:45:00","1","DRIVER",,"715610",,"KIA MOTORS CORP","Optima","IL","2014","NONE","PASSENGER","PERSONAL","W","STRAIGHT AHEAD",,,"1",,,,,"true","true","true",,,,,,,,,,,"FRONT-RIGHT",,,,,,,,,,,,,,,,,,,,,,,,,,,,,,,,,
"753204","JC464142","2019-10-04T17:30:00","1","DRIVER",,"715504",,"DODGE","CHALLENGER","IL","2016","UNKNOWN","PASSENGER","PERSONAL","W","STRAIGHT AHEAD",,,"1",,,,,"true",,,,,,,,,,"true","true",,"TOTAL (ALL AREAS)",,,,,,,,,,,,,,,,,,,,,,,,,,,,,,,,,
"753205","JC464142","2019-10-04T17:30:00","2","DRIVER",,"715509",,"GENERAL MOTORS CORP.","ACADIA","IL","2014","UNKNOWN","PASSENGER","PERSONAL","W","STRAIGHT AHEAD",,,"1",,,,,"true","true","true","true",,,,,,,,,,"REAR",,,,,,,,,,,,,,,,,,,,,,,,,,,,,,,,,
"753463","JC460711","2019-10-04T17:30:00","1","DRIVER","1","715748",,"INFINITI","UNKNOWN","IL","2019","UNKNOWN","SPORT UTILITY VEHICLE (SUV)","UNKNOWN/NA","E","OTHER",,,"2",,,,,,,,,,,,,,,,"false","true","OTHER",,,,,,,,,,,,,,,,,,,,,,,,,,,,,,,,,
"753464","JC460711","2019-10-04T17:30:00","2","PARKED",,"715750",,"GENERAL MOTORS CORP.","ACADIA","IL","2018","NONE","SPORT UTILITY VEHICLE (SUV)","PERSONAL","E","PARKED",,,"0",,,,,,,,,,"true",,,,,,,,"REAR-LEFT",,,,,,,,,,,,,,,,,,,,,,,,,,,,,,,,,
"753245","JC460248","2019-10-04T17:20:00","2","PARKED",,"715542",,"CHEVROLET","Express (full-size van)","IL","2017","UNKNOWN","PASSENGER","PERSONAL","UNKNOWN","PARKED",,,"0",,,,,"true",,,"true","true",,,,,,"true","true",,"OTHER",,,,,,,,,,,,,,,,,,,,,,,,,,,,,,,,,
"753699","JC460168","2019-10-04T17:19:00","2","DRIVER",,"715949",,"CHEVROLET","SUBURBAN","IL","2018","NONE","PASSENGER","TAXI/FOR HIRE","E","STRAIGHT AHEAD",,,"1",,,,,,,,,"true",,,,,,,,,"REAR-RIGHT",,,,,,,,,,,,,,,,,,,,,,,,,,,,,,,,,
"755879","JC465221","2019-10-04T17:15:00","1","DRIVER",,"718002",,"VOLVO","UNKNOWN","IL","2015","NONE","SINGLE UNIT TRUCK WITH TRAILER","COMMERCIAL - SINGLE UNIT","SE","TURNING RIGHT",,,"1",,,,,,,,"true","true",,,,,,,,,"REAR",,,,,,,,,,,,,,,,,,,,,,,,,,,,,,,,,
"755880","JC465221","2019-10-04T17:15:00","2","PARKED",,"717997","false","FREIGHTLINER CORP.","FREIGHTLINER CORP.","IL","2006","NONE","TRACTOR W/ SEMI-TRAILER","COMMERCIAL - SINGLE UNIT","S","PARKED",,,"0",,,,,,,,,,,,,,"true","true","true",,"TOTAL (ALL AREAS)",,,,,,,,,,,,,,,,,,,,,,,,,,,,,,,,,
"753219","JC460130","2019-10-04T17:13:00","1","DRIVER",,"715512",,"CHEVROLET","IMPALA","IL","2009","UNKNOWN","PASSENGER","UNKNOWN/NA","N","CHANGING LANES",,,"1",,,,,,,,,,,,,,"true","true",,,"TOTAL (ALL AREAS)",,,,,,,,,,,,,,,,,,,,,,,,,,,,,,,,,
"753220","JC460130","2019-10-04T17:13:00","2","DRIVER",,"715520",,"DODGE","RAM 1500 PU","IL","2017","NONE","PICKUP","PERSONAL","N","ENTERING TRAFFIC LANE FROM PARKING","true",,"1",,"PRIVATE TOW",,,"true","true",,,,,,,,,,,,"FRONT",,,,,,,,,,,,,,,,,,,,,,,,,,,,,,,,,
"753206","JC460134","2019-10-04T17:12:00","1","DRIVER",,"715507",,"HYUNDAI","UNKNOWN","IL","2016","UNKNOWN","PASSENGER","PERSONAL","S","MERGING",,,"1",,,,"true",,,,,,,,,,,,,,"REAR-LEFT",,,,,,,,,,,,,,,,,,,,,,,,,,,,,,,,,
"753173","JC460140","2019-10-04T17:08:00","1","DRIVER",,"715479",,"LEXUS","ES350","IL","2015","UNKNOWN","PASSENGER","PERSONAL","S","STRAIGHT AHEAD",,,"1",,,,,"true",,,,,,,,,,,"true",,"FRONT-RIGHT",,,,,,,,,,,,,,,,,,,,,,,,,,,,,,,,,
"753174","JC460140","2019-10-04T17:08:00","2","DRIVER",,"715483",,"HYUNDAI","ELANTRA","IL","2012","NONE","PASSENGER","PERSONAL","S","STRAIGHT AHEAD",,,"1",,,,,,,,,,,,,"true",,,,,"ROOF",,,,,,,,,,,,,,,,,,,,,,,,,,,,,,,,,
"753267","JC460289","2019-10-04T17:00:00","1","DRIVER",,"715566",,"BUICK","BUICK","IL","2016","NONE","PASSENGER","PERSONAL","N","BACKING",,,"1",,,,,,,,,,"true","true",,,,,,,"REAR-LEFT",,,,,,,,,,,,,,,,,,,,,,,,,,,,,,,,,
"753268","JC460289","2019-10-04T17:00:00","2","DRIVER",,"715571",,"NISSAN","Pathfinder","IL","2014","NONE","PASSENGER","PERSONAL","N","STRAIGHT AHEAD",,,"1",,,,,,,,,,"false",,,,,"true","true",,"OTHER",,,,,,,,,,,,,,,,,,,,,,,,,,,,,,,,,
"753191","JC460165","2019-10-04T17:00:00","1","DRIVER",,"715505",,"NEW FLYER","NEW FLYER","IL","2006","NONE","BUS OVER 15 PASS.","CTA","N","STRAIGHT AHEAD",,,"1",,,,,,,,"true","true",,,,,,,,,"REAR-RIGHT",,,,,,,,,,,,,,,,,,,,,,,,,,,,,,,,,
"753192","JC460165","2019-10-04T17:00:00","2","PARKED",,"715488",,"SUBARU","UNKNOWN","IL","2015","NONE","SPORT UTILITY VEHICLE (SUV)","PERSONAL","N","PARKED",,,"0",,,,,,,,,,,,,,,"true",,,"TOTAL (ALL AREAS)",,,,,,,,,,,,,,,,,,,,,,,,,,,,,,,,,
"753184","JC460146","2019-10-04T17:00:00","2","DRIVER",,"715501",,"HYUNDAI","SONATA","IL","2010","UNKNOWN","PASSENGER","PERSONAL","N","STRAIGHT AHEAD",,,"1",,,,,"true","true","true","true",,,,,,,,,,"SIDE-RIGHT",,,,,,,,,,,,,,,,,,,,,,,,,,,,,,,,,
"753228","JC460145","2019-10-04T17:00:00","1","DRIVER",,"715524",,"TOYOTA MOTOR COMPANY, LTD.","COROLLA","IL","2007","NONE","PASSENGER","PERSONAL","S","STRAIGHT AHEAD",,,"1",,,,,,,,,,,"true",,,,,,,"SIDE-LEFT",,,,,,,,,,,,,,,,,,,,,,,,,,,,,,,,,
"753229","JC460145","2019-10-04T17:00:00","2","DRIVER","1","715534",,"FORD","F450","IL","2015","NONE","TRUCK - SINGLE UNIT","OTHER","S","STRAIGHT AHEAD",,,"2",,,,,"true",,,,,,,,,,,,,"FRONT",,,,,,,,,,,,,,,,,,,,,,,,,,,,,,,,,
"753223","JC460141","2019-10-04T17:00:00","1","DRIVER",,"715519",,"CHRYSLER","TOWN & COUNTRY","IL","2012","NONE","VAN/MINI-VAN","PERSONAL","W","STRAIGHT AHEAD","true",,"1",,"owner","owner",,"true",,,,,,,,,,"true","true",,"OTHER",,,,,,,,,,,,,,,,,,,,,,,,,,,,,,,,,
"753224","JC460141","2019-10-04T17:00:00","2","DRIVER","1","715523",,"HONDA","CRV","IL","2010","NONE","SPORT UTILITY VEHICLE (SUV)","PERSONAL","W","STRAIGHT AHEAD","true",,"2",,"owner","owner",,,,,,"true","true","true",,,,,,,"REAR-LEFT",,,,,,,,,,,,,,,,,,,,,,,,,,,,,,,,,
"753254","JC459160","2019-10-04T16:51:00","2","DRIVER","1","715561",,"KIA MOTORS CORP","SORENTO","IL","2019","UNKNOWN","PASSENGER","PERSONAL","W","STRAIGHT AHEAD",,,"2",,,,,,,,"true","true",,,,,,,,,"REAR",,,,,,,,,,,,,,,,,,,,,,,,,,,,,,,,,
"753143","JC460091","2019-10-04T16:50:00","1","DRIVER",,"715447",,"NISSAN","SENTRA (DATSUN AND NISSAN HAVE MERGED)","IL","2016","NONE","PASSENGER","PERSONAL","W","CHANGING LANES",,,"1",,,,,,,,"true","true",,,,,,,,,"REAR-RIGHT",,,,,,,,,,,,,,,,,,,,,,,,,,,,,,,,,
"753144","JC460091","2019-10-04T16:50:00","2","DRIVER",,"715454",,"TOYOTA MOTOR COMPANY, LTD.","TOYOTA","IL","2009","NONE","PASSENGER","PERSONAL","W","STRAIGHT AHEAD",,,"1",,,,,"false",,,,,,,,,,"true","true",,"TOTAL (ALL AREAS)",,,,,,,,,,,,,,,,,,,,,,,,,,,,,,,,,
"753162","JC460158","2019-10-04T16:45:00","1","DRIVER",,"715469",,"CHEVROLET","CRUZE","IL","2013","UNKNOWN","PASSENGER","PERSONAL","E","STRAIGHT AHEAD",,,"1",,,,,,,,,,,,,,,,"true",,"OTHER",,,,,,,,,,,,,,,,,,,,,,,,,,,,,,,,,
"753163","JC460158","2019-10-04T16:45:00","2","DRIVER",,"715475",,"NISSAN","JUKE","IL","2013","NONE","PASSENGER","PERSONAL","W","STRAIGHT AHEAD",,,"1",,,,,,,,,,,,,,,,"true",,"OTHER",,,,,,,,,,,,,,,,,,,,,,,,,,,,,,,,,
"753170","JC460136","2019-10-04T16:45:00","2","DRIVER",,"715480",,"HONDA","CRV","IL","2019","NONE","OTHER VEHICLE WITH TRAILER","PERSONAL","S","STRAIGHT AHEAD",,,"1",,,,,"true","true",,,,,,,,,,,,"FRONT",,,,,,,,,,,,,,,,,,,,,,,,,,,,,,,,,
"753154","JC460069","2019-10-04T16:43:00","1","DRIVER",,"715464",,"MITSUBISHI","Outlander","IL","2018","UNKNOWN","SPORT UTILITY VEHICLE (SUV)","PERSONAL","S","MERGING","true",,"1",,"private tow","unknown",,,,,,,,,,,"true","true","true",,"TOTAL (ALL AREAS)",,,,,,,,,,,,,,,,,,,,,,,,,,,,,,,,,
"753227","JC460186","2019-10-04T16:30:00","2","PARKED",,"715522",,"CHEVROLET","210 SERIES","IL","2014","NONE","PASSENGER","PERSONAL","N","PARKED","true",,"0",,"private tow",,,,,,,,,,,"true","true",,,,"ROOF",,,,,,,,,,,,,,,,,,,,,,,,,,,,,,,,,
"753182","JC460160","2019-10-04T16:30:00","2","DRIVER",,"715494",,"LINCOLN-CONTINENTAL","TOWNCAR","IL","2007","NONE","PASSENGER","PERSONAL","E","STRAIGHT AHEAD",,,"1",,,,,,,,,,,,,,,"true",,,"TOTAL (ALL AREAS)",,,,,,,,,,,,,,,,,,,,,,,,,,,,,,,,,
"753210","JC460156","2019-10-04T16:30:00","2","DRIVER",,"715511",,"ACURA (DIV. OF AMERICAN HONDA MOTOR CO.)","TL","IL","2016","NONE","PASSENGER","PERSONAL","S","STRAIGHT AHEAD","true",,"1",,"PRIVATE TOW",,,"true","true","true","true","true",,,,,,,,,"SIDE-RIGHT",,,,,,,,,,,,,,,,,,,,,,,,,,,,,,,,,
"753200","JC460114","2019-10-04T16:30:00","1","DRIVER","1","715497",,"NISSAN","ROGUE","IL","2018","UNKNOWN","PASSENGER","UNKNOWN/NA","N","STRAIGHT AHEAD",,,"2",,,,,,,,,,,,,,,,,"true","OTHER",,,,,,,,,,,,,,,,,,,,,,,,,,,,,,,,,
"753201","JC460114","2019-10-04T16:30:00","2","DRIVER","1","715508",,"AUDI","Q5","IL","2013","NONE","PASSENGER","PERSONAL","N","STRAIGHT AHEAD",,,"2",,,,,,,,,,"true",,,,,,,,"REAR-LEFT",,,,,,,,,,,,,,,,,,,,,,,,,,,,,,,,,
"753193","JC460051","2019-10-04T16:20:00","1","DRIVER",,"715499",,"FORD","F350","IL","2010","NONE","PICKUP","COMMERCIAL - SINGLE UNIT","S","STARTING IN TRAFFIC",,,"1",,,,"true",,,,,,,,,,,,,,"REAR-LEFT",,,,,,,,,,,,,,,,,,,,,,,,,,,,,,,,,
"753194","JC460051","2019-10-04T16:20:00","2","DRIVER",,"715510",,"BUICK","REGAL","IL","2012","NONE","PASSENGER","PERSONAL","S","SLOW/STOP IN TRAFFIC",,,"1",,,,,,,,,,,,,,,,"true",,"OTHER",,,,,,,,,,,,,,,,,,,,,,,,,,,,,,,,,
"753158","JC460106","2019-10-04T16:19:00","1","DRIVER",,"715467",,"LINCOLN-CONTINENTAL","MKZ","IL","2012","UNKNOWN","PASSENGER","PERSONAL","N","BACKING",,,"1",,,,,,,,,"true",,,,,,,,,"REAR",,,,,,,,,,,,,,,,,,,,,,,,,,,,,,,,,
"753159","JC460106","2019-10-04T16:19:00","2","DRIVER",,"715500",,"TOYOTA MOTOR COMPANY, LTD.","CAMRY","IL","2018","UNKNOWN","PASSENGER","PERSONAL","W","STRAIGHT AHEAD",,,"1",,,,,,,,,,,"true","true","true","true","false",,,"ROOF",,,,,,,,,,,,,,,,,,,,,,,,,,,,,,,,,
"753153","JC460083","2019-10-04T16:15:00","2","PARKED",,"715461",,"VOLKSWAGEN","VOLKSWAGEN","IL","2018","UNKNOWN","PASSENGER","PERSONAL","S","PARKED",,,"0",,,,,,"true",,,,,,,,,,,,"FRONT",,,,,,,,,,,,,,,,,,,,,,,,,,,,,,,,,
"753127","JC460038","2019-10-04T16:12:00","1","DRIVER",,"715432",,"CHEVROLET","MALIBU (CHEVELLE)","IL","2012","NONE","PASSENGER","PERSONAL","S","PASSING/OVERTAKING",,,"1",,,,,,,,,,,"true",,,,,,,"FRONT-LEFT",,,,,,,,,,,,,,,,,,,,,,,,,,,,,,,,,
"753128","JC460038","2019-10-04T16:12:00","2","DRIVER",,"715439",,"HONDA","Odyssey (minivan)","IL","2006","NONE","VAN/MINI-VAN","PERSONAL","S","STRAIGHT AHEAD",,,"1",,,,,"true",,,,,,,,,,"true","true",,"FRONT",,,,,,,,,,,,,,,,,,,,,,,,,,,,,,,,,
"753161","JC460081","2019-10-04T16:05:00","2","DRIVER",,"715473",,"VOLKSWAGEN","GTI","IL","2007","UNKNOWN","PASSENGER","PERSONAL","E","STRAIGHT AHEAD",,,"1",,,,,,,,"true","true",,,,,,,,,"REAR",,,,,,,,,,,,,,,,,,,,,,,,,,,,,,,,,
"753116","JC459980","2019-10-04T16:03:00","1","DRIVER","1","715424",,"CHEVROLET","CRUZE","IL","2018","NONE","PASSENGER","PERSONAL","N","TURNING RIGHT",,,"2",,,,,,,,,"true","true",,,,,,,,"REAR",,,,,,,,,,,,,,,,,,,,,,,,,,,,,,,,,
"753117","JC459980","2019-10-04T16:03:00","2","DRIVER","2","715433","true","UNKNOWN","UNKNOWN","IL","2015","NONE","BUS OVER 15 PASS.","CTA","N","STRAIGHT AHEAD",,,"3",,,,,"true",,,,,,,,,,,"true",,"TOTAL (ALL AREAS)","8336",,,,,,"CHICAGO TRANIST AUTHORITY","IL","CHICAGO",,,,"N","N",,"N",,"N",,,,,,,,,,"BUS","BUS","OTHER","false","false",