"crash_unit_id","rd_no","crash_date","unit_no","unit_type","num_passengers","vehicle_id","cmrc_veh_i","make","model","lic_plate_state","vehicle_year","vehicle_defect","vehicle_type","vehicle_use","travel_direction","maneuver","towed_i","fire_i","occupant_cnt","exceed_speed_limit_i","towed_by","towed_to","area_00_i","area_01_i","area_02_i","area_03_i","area_04_i","area_05_i","area_06_i","area_07_i","area_08_i","area_09_i","area_10_i","area_11_i","area_12_i","area_99_i","first_contact_point","cmv_id","usdot_no","ccmc_no","ilcc_no","commercial_src","gvwr","carrier_name","carrier_state","carrier_city","hazmat_placards_i","hazmat_name","un_no","hazmat_present_i","hazmat_report_i","hazmat_report_no","mcs_report_i","mcs_report_no","hazmat_vio_cause_crash_i","mcs_vio_cause_crash_i","idot_permit_no","wide_load_i","trailer1_width","trailer2_width","trailer1_length","trailer2_length","total_vehicle_length","axle_cnt","vehicle_config","cargo_body_type","load_type","hazmat_out_of_service_i","mcs_out_of_service_i","hazmat_class"
"753017","JC459791","2019-10-04T12:45:00","1","DRIVER",,"715331",,"HYUNDAI","ELANTRA","IL","2018","NONE","PASSENGER","PERSONAL","N","CHANGING LANES",,,"1",,,,,,,,,,,,,,"true","true","true",,"TOTAL (ALL AREAS)",,,,,,,,,,,,,,,,,,,,,,,,,,,,,,,,,
"753018","JC459791","2019-10-04T12:45:00","2","DRIVER","1","715335",,"NISSAN","SENTRA (DATSUN AND NISSAN HAVE MERGED)","IL","2016","NONE","PASSENGER","PERSONAL","N","STRAIGHT AHEAD",,,"2",,,,,,,,,"true",,,,,,,,,"REAR",,,,,,,,,,,,,,,,,,,,,,,,,,,,,,,,,
"757802","JC468681","2019-10-04T12:40:00","1","DRIVER","2","719844",,"FORD","EXPLORER","IL","2018","UNKNOWN","PASSENGER","POLICE","E","STRAIGHT AHEAD",,,"3",,,,,,,"true",,,,,,,,,,,"SIDE-RIGHT",,,,,,,,,,,,,,,,,,,,,,,,,,,,,,,,,
"753051","JC459799","2019-10-04T12:40:00","1","DRIVER",,"715361",,"JEEP","Grand Cherokee (for vehicle years 1989 to present)","MI","2019","NONE","PASSENGER","RIDESHARE SERVICE","UNKNOWN","STRAIGHT AHEAD","true",,"1",,"HERTZ RENTAL","UNKNOWN",,"true","true",,"true","true","true",,,,,,"true",,"FRONT",,,,,,,,,,,,,,,,,,,,,,,,,,,,,,,,,
"752995","JC459782","2019-10-04T12:35:00","1","DRIVER",,"715304","true","PETERBILT MOTORS CO., DIVISION PACCAR, INC.","PETERBILT MOTORS CO., DIVISION PACCAR, INC.","IL","2008","NONE","TRUCK - SINGLE UNIT","COMMERCIAL - SINGLE UNIT","S","STRAIGHT AHEAD",,,"1",,,,,,,,,,"true",,,,,,,,"REAR-LEFT",,,,,,,,,,,,,,,,,,,,,,,,,,,,,,,,,
"752996","JC459782","2019-10-04T12:35:00","2","DRIVER",,"715309",,"TOYOTA MOTOR COMPANY, LTD.","Prius","IL","2013","NONE","PASSENGER","TAXI/FOR HIRE","N","STRAIGHT AHEAD",,,"1",,,,,,,,,,,,,,,,"true",,"OTHER",,,,,,,,,,,,,,,,,,,,,,,,,,,,,,,,,
"753448","JC459775","2019-10-04T12:35:00","1","DRIVER",,"715838",,"DODGE","CALIBER","IL","2011","UNKNOWN","UNKNOWN/NA","UNKNOWN/NA","W","CHANGING LANES",,,"1",,,,,"true",,,,,,,,,,,,,"FRONT",,,,,,,,,,,,,,,,,,,,,,,,,,,,,,,,,
"753449","JC459775","2019-10-04T12:35:00","2","DRIVER",,"715739",,"JEEP","UNKNOWN","IL","2014","NONE","SPORT UTILITY VEHICLE (SUV)","PERSONAL","W","STRAIGHT AHEAD",,,"1",,,,,,,,,,,,"true","true","true",,,,"ROOF",,,,,,,,,,,,,,,,,,,,,,,,,,,,,,,,,
"755192","JC463800","2019-10-04T12:30:00","2","PARKED",,"717344",,"HONDA","UNKNOWN","IL","2011","UNKNOWN","PASSENGER","PERSONAL","W","PARKED",,,"0",,,,,"true",,,,,,,,,"true","true","true",,"TOTAL (ALL AREAS)",,,,,,,,,,,,,,,,,,,,,,,,,,,,,,,,,
"753015","JC459860","2019-10-04T12:30:00","1","DRIVER",,"715330",,"TOYOTA MOTOR COMPANY, LTD.","CAMRY","IL","2019","UNKNOWN","PASSENGER","PERSONAL","N","STRAIGHT AHEAD",,,"1",,,,,,"true","true","true",,,,,,,,,,"SIDE-RIGHT",,,,,,,,,,,,,,,,,,,,,,,,,,,,,,,,,
"753016","JC459860","2019-10-04T12:30:00","2","DRIVER",,"715333",,"HYUNDAI","TUCSON","IL","2013","NONE","SPORT UTILITY VEHICLE (SUV)","PERSONAL","W","STRAIGHT AHEAD",,,"1",,,,,,,,,,,,,,,,"true",,"OTHER",,,,,,,,,,,,,,,,,,,,,,,,,,,,,,,,,
"753000","JC459759","2019-10-04T12:30:00","1","DRIVER",,"715305",,"CHEVROLET","MALIBU (CHEVELLE)","IL","2011","UNKNOWN","PASSENGER","PERSONAL","S","STRAIGHT AHEAD",,,"1",,,,,"true",,,,,,,,,,,"true",,"FRONT",,,,,,,,,,,,,,,,,,,,,,,,,,,,,,,,,
"752978","JC459752","2019-10-04T12:30:00","2","DRIVER",,"715289",,"VOLKSWAGEN","JETTA","IL","2013","NONE","PASSENGER","PERSONAL","N","SLOW/STOP IN TRAFFIC",,,"1",,,,,,,,,"true","true","true",,,,,,,"REAR-LEFT",,,,,,,,,,,,,,,,,,,,,,,,,,,,,,,,,
"753568","JC460886","2019-10-04T12:27:00","1","DRIVER",,"715825",,"CHEVROLET","UNKNOWN","IL","2006","UNKNOWN","UNKNOWN/NA","UNKNOWN/NA","E","UNKNOWN/NA",,,"1",,,,,,,,,,,,,,,,,"true","UNKNOWN",,,,,,,,,,,,,,,,,,,,,,,,,,,,,,,,,
"753569","JC460886","2019-10-04T12:27:00","2","PARKED",,"715831",,"MAZDA","UNKNOWN","IL","2012","NONE","PASSENGER","PERSONAL","E","PARKED",,,"0",,,,,,,,,,,,,,,"true",,,"TOTAL (ALL AREAS)",,,,,,,,,,,,,,,,,,,,,,,,,,,,,,,,,
"753001","JC459769","2019-10-04T12:24:00","1","PARKED",,"715316",,"FERRARI","Testarossa, Ferrari","MI","2019","UNKNOWN","PASSENGER","PERSONAL","E","PARKED",,,"0",,,,,,,,,,,,,"true",,,,,"ROOF",,,,,,,,,,,,,,,,,,,,,,,,,,,,,,,,,
"753627","JC461010","2019-10-04T12:15:00","1","DRIVER",,"715892",,"NISSAN","NISSAN ALTIMA","IL","2014","NONE","PASSENGER","UNKNOWN/NA","E","STRAIGHT AHEAD",,,"1",,,,,,,,,,,,,,,,"true",,"OTHER",,,,,,,,,,,,,,,,,,,,,,,,,,,,,,,,,
"753628","JC461010","2019-10-04T12:15:00","2","DRIVER",,"715890",,"HONDA","CIVIC","IL","2017","NONE","PASSENGER","PERSONAL","E","SLOW/STOP IN TRAFFIC",,,"1",,,,,,,,,,"true",,,,,,,,"REAR-LEFT",,,,,,,,,,,,,,,,,,,,,,,,,,,,,,,,,
"753007","JC459822","2019-10-04T12:15:00","1","DRIVER","1","715311",,"MERCEDES-BENZ","MERCEDES-BENZ","IL","2018","UNKNOWN","SPORT UTILITY VEHICLE (SUV)","UNKNOWN/NA","N","BACKING",,,"2",,,,,,,,,,,"true",,,,,,,"SIDE-LEFT",,,,,,,,,,,,,,,,,,,,,,,,,,,,,,,,,
"753008","JC459822","2019-10-04T12:15:00","2","PARKED","2","715315",,"JEEP","UNKNOWN","IL","2010","UNKNOWN","PASSENGER","PERSONAL","S","PARKED",,,"2",,,,,,,,,,,"true",,,,,,,"SIDE-LEFT",,,,,,,,,,,,,,,,,,,,,,,,,,,,,,,,,
"753578","JC459751","2019-10-04T12:15:00","1","DRIVER",,"715840",,"JEEP","LAREDO","IL","2014","NONE","SPORT UTILITY VEHICLE (SUV)","PERSONAL","N","ENTER FROM DRIVE/ALLEY","true",,"1",,,,,,,,,,,,,,"true",,,,"FRONT-RIGHT",,,,,,,,,,,,,,,,,,,,,,,,,,,,,,,,,
"753579","JC459751","2019-10-04T12:15:00","2","DRIVER",,"715848",,"CHEVROLET","CRUZE","IL","2016","NONE","PASSENGER","RIDESHARE SERVICE","E","STRAIGHT AHEAD",,,"1",,,,,,,,,,,,,,,,"true",,"OTHER",,,,,,,,,,,,,,,,,,,,,,,,,,,,,,,,,
"752991","JC459758","2019-10-04T12:09:00","1","DRIVER",,"715307",,"INFINITI","FX35","IL","2012","NONE","SPORT UTILITY VEHICLE (SUV)","PERSONAL","NW","BACKING",,,"1",,,,"true",,,,,,,,,,,,,,"ROOF",,,,,,,,,,,,,,,,,,,,,,,,,,,,,,,,,
"753595","JC460928","2019-10-04T12:00:00","1","DRIVER",,"715859",,"FORD","ESCAPE (SUV)","IL","2008","UNKNOWN","TRUCK - SINGLE UNIT","UNKNOWN/NA","N","STRAIGHT AHEAD",,,"2",,,,,,,,"true","true",,,,,,,,,"SIDE-RIGHT",,,,,,,,,,,,,,,,,,,,,,,,,,,,,,,,,
"753596","JC460928","2019-10-04T12:00:00","2","DRIVER",,"715855",,"TOYOTA MOTOR COMPANY, LTD.","COROLLA","IL","2020","NONE","PASSENGER","PERSONAL","N","STRAIGHT AHEAD",,,"1",,,,,,,,,,,,"true","true","true","true",,,"ROOF",,,,,,,,,,,,,,,,,,,,,,,,,,,,,,,,,
"752979","JC459750","2019-10-04T12:00:00","1","DRIVER",,"715295",,"MACK TRUCKS, INC.","MACK TRUCKS, INC.","IL","2017","NONE","TRUCK - SINGLE UNIT","COMMERCIAL - SINGLE UNIT","N","STRAIGHT AHEAD",,,"1",,,,,,,,,"true",,,,,,,,,"REAR",,,,,,,,,,,,,,,,,,,,,,,,,,,,,,,,,
"752973","JC459747","2019-10-04T12:00:00","1","DRIVER",,"715282",,"CHEVROLET","Colorado","IL","2019","NONE","PICKUP","PERSONAL","N","STRAIGHT AHEAD",,,"1",,,,,,,,,,,,,,,"true",,,"UNDER CARRIAGE",,,,,,,,,,,,,,,,,,,,,,,,,,,,,,,,,
"752974","JC459747","2019-10-04T12:00:00","2","DRIVER",,"715287",,"FORD","UNKNOWN","IL","2018","NONE","VAN/MINI-VAN","PERSONAL","N","STRAIGHT AHEAD",,,"1",,,,,,,,,"true",,"false",,,,,,,"REAR",,,,,,,,,,,,,,,,,,,,,,,,,,,,,,,,,
"753232","JC460216","2019-10-04T11:55:00","1","DRIVER",,"715528",,"DODGE","RAM 1500 PU","MI","2014","UNKNOWN","PICKUP","PERSONAL","S","U-TURN",,,"1",,,,,,"true","true",,,,,,,,,,,"SIDE-RIGHT",,,,,,,,,,,,,,,,,,,,,,,,,,,,,,,,,
"753233","JC460216","2019-10-04T11:55:00","2","DRIVER",,"715533",,"KIA MOTORS CORP","Sportage (sport utility)","IL","2015","NONE","SPORT UTILITY VEHICLE (SUV)","PERSONAL","N","STRAIGHT AHEAD",,,"1",,,,,"true",,,,,,,,,,,,,"FRONT",,,,,,,,,,,,,,,,,,,,,,,,,,,,,,,,,
"752982","JC459716","2019-10-04T11:53:00","2","PARKED",,"715298",,"HYUNDAI","UNKNOWN","IL","2013","NONE","PASSENGER","UNKNOWN/NA","W","PARKED",,,"0",,,,,,,,,,,,,,"true","true",,,"TOTAL (ALL AREAS)",,,,,,,,,,,,,,,,,,,,,,,,,,,,,,,,,
"757235","JC467716","2019-10-04T11:50:00","1","DRIVER",,"719284",,"HONDA","UNKNOWN","IL","2015","UNKNOWN","PASSENGER","PERSONAL","W","STRAIGHT AHEAD",,,"1",,,,,,,,,,,,,,,,"true",,"OTHER",,,,,,,,,,,,,,,,,,,,,,,,,,,,,,,,,
"757236","JC467716","2019-10-04T11:50:00","2","DRIVER",,"719300",,"INFINITI","QX56","IL","2017","UNKNOWN","PASSENGER","PERSONAL","W","STRAIGHT AHEAD",,,"1",,,,,,,,,,"true",,,,,,,,"REAR-LEFT",,,,,,,,,,,,,,,,,,,,,,,,,,,,,,,,,
"752943","JC459686","2019-10-04T11:47:00","1","DRIVER",,"715251",,"HYUNDAI","ELANTRA","IL","2013","NONE","PASSENGER","PERSONAL","N","STRAIGHT AHEAD",,,"1",,,,,,,,,,,,,,,,"true",,"OTHER",,,,,,,,,,,,,,,,,,,,,,,,,,,,,,,,,
"752944","JC459686","2019-10-04T11:47:00","2","DRIVER","1","715262",,"CHRYSLER","TOWN & COUNTRY","IL","2006","NONE","VAN/MINI-VAN","PERSONAL","W","STRAIGHT AHEAD",,,"2",,,,,,,,,,,"true",,,,,,,"SIDE-LEFT",,,,,,,,,,,,,,,,,,,,,,,,,,,,,,,,,
"753005","JC459710","2019-10-04T11:45:00","1","DRIVER",,"715317",,"KIA MOTORS CORP","SOUL","IL","2013","NONE","PASSENGER","PERSONAL","S","OTHER","true",,"1",,"e/r towing city of chicago",,,"true",,,,,,,,,"true","true","true",,"TOTAL (ALL AREAS)",,,,,,,,,,,,,,,,,,,,,,,,,,,,,,,,,
"753006","JC459710","2019-10-04T11:45:00","2","DRIVER",,"715321",,"DODGE","CARAVAN","IL","2006","NONE","VAN/MINI-VAN","PERSONAL","N","STRAIGHT AHEAD","true",,"1",,"PRIVATE",,,,,,,,,,,"true","true","true","true",,"UNDER CARRIAGE",,,,,,,,,,,,,,,,,,,,,,,,,,,,,,,,,
"752959","JC459699","2019-10-04T11:45:00","1","DRIVER",,"715292",,"GENERAL MOTORS CORP.","ACADIA","IL","2012","NONE","PASSENGER","PERSONAL","E","STRAIGHT AHEAD",,,"1",,,,,,,,,,,,,,,"true","true",,"OTHER",,,,,,,,,,,,,,,,,,,,,,,,,,,,,,,,,
"752960","JC459699","2019-10-04T11:45:00","2","DRIVER",,"715288",,"CADILLAC","DTS","IL","2007","NONE","PASSENGER","PERSONAL","N","STRAIGHT AHEAD",,,"1",,,,,,,,,,,,,"true","true",,,,"ROOF",,,,,,,,,,,,,,,,,,,,,,,,,,,,,,,,,
"752941","JC459682","2019-10-04T11:45:00","1","DRIVER",,"715250",,"FORD","UNKNOWN","AZ","2011","NONE","TRUCK - SINGLE UNIT","OTHER","NW","TURNING RIGHT",,,"1",,,,,,,,"true","true",,,,,,,,,"REAR-RIGHT",,,,,,,,,,,,,,,,,,,,,,,,,,,,,,,,,
"752942","JC459682","2019-10-04T11:45:00","2","PARKED",,"715255",,"KENWORTH MOTOR TRUCK CO.","KENWORTH MOTOR TRUCK CO.","IL","2014","NONE","TRACTOR W/ SEMI-TRAILER","COMMERCIAL - SINGLE UNIT","N","PARKED",,,"0",,,,,,,,,,,"true",,,,,,,"FRONT-LEFT",,,,,,,,,,,,,,,,,,,,,,,,,,,,,,,,,
"754001","JC461559","2019-10-04T11:35:00","1","DRIVER",,"716239",,"VOLKSWAGEN","Touareg","IL","2013","UNKNOWN","PASSENGER","UNKNOWN/NA","E","PASSING/OVERTAKING",,,"1",,,,,"true",,,,,,,,,,,,,,,,,,,,,,,,,,,,,,,,,,,,,,,,,,,,,,
"752984","JC459676","2019-10-04T11:30:00","2","DRIVER",,"715296",,"NEW FLYER","NEW FLYER","IL","2006","NONE","BUS OVER 15 PASS.","CTA","W","STRAIGHT AHEAD",,,"1",,,,,,,,,,"true",,,,,,,,"SIDE-LEFT",,,,,,,,,,,,,,,,,,,,,,,,,,,,,,,,,
"752967","JC459683","2019-10-04T11:27:00","1","DRIVER",,"715283","true","FREIGHTLINER CORP.","FREIGHTLINER CORP.","MO","2019","UNKNOWN","SINGLE UNIT TRUCK WITH TRAILER","COMMERCIAL - SINGLE UNIT","W","TURNING RIGHT",,,"1",,,,"true",,,,,,,"false",,,,,,,"SIDE-LEFT","8332","0003706",,,"PAPERS","2","NEW PRIME INC","MO","SPRINGFIELD",,,,"N","N",,"N",,"N","N","0003706",,,,,,,,"TRACTOR/SEMI-TRAILER","OTHER","UNKNOWN","false","false",
"752968","JC459683","2019-10-04T11:27:00","2","DRIVER",,"715293",,"JEEP","Wrangler (for vehicle years 1989 to present)","IL","2014","UNKNOWN","PASSENGER","PERSONAL","N","SLOW/STOP IN TRAFFIC",,,"1",,,,,,,,,"true","true","true",,,,,,,"SIDE-LEFT",,,,,,,,,,,,,,,,,,,,,,,,,,,,,,,,,
"753594","JC460947","2019-10-04T11:26:00","2","DRIVER",,"715853",,"TOYOTA MOTOR COMPANY, LTD.","Avalon","IL","2008","NONE","PASSENGER","PERSONAL","W","SLOW/STOP IN TRAFFIC",,,"1",,,,,,,,,,"true",,,,,,,,"REAR-LEFT",,,,,,,,,,,,,,,,,,,,,,,,,,,,,,,,,
"752987","JC459776","2019-10-04T11:26:00","1","DRIVER",,"715299",,"FORD","FORD-TRUCK,VAN,SUV, ETC","IL","2018","UNKNOWN","VAN/MINI-VAN","OTHER","E","BACKING",,,"1",,,,,,,,,,"true",,,,,,"false",,"REAR-LEFT",,,,,,,,,,,,,,,,,,,,,,,,,,,,,,,,,
"752988","JC459776","2019-10-04T11:26:00","2","DRIVER",,"715322",,"CHEVROLET","TRAVERSE","IL","2016","UNKNOWN","SPORT UTILITY VEHICLE (SUV)","PERSONAL","W","SLOW/STOP IN TRAFFIC",,,"1",,,,,,,,,,,,,,,,"true",,"OTHER",,,,,,,,,,,,,,,,,,,,,,,,,,,,,,,,,
"752932","JC459698","2019-10-04T11:24:00","1","DRIVER",,"715248",,"LEXUS","IS250","IL","2006","NONE","PASSENGER","PERSONAL","E","STRAIGHT AHEAD",,,"1",,,,,,,,,,,,,,,"true",,,"OTHER",,,,,,,,,,,,,,,,,,,,,,,,,,,,,,,,,
"752948","JC459693","2019-10-04T11:20:00","1","DRIVER",,"715258",,"TOYOTA MOTOR COMPANY, LTD.","CAMRY","IL","2013","NONE","PASSENGER","TAXI/FOR HIRE","W","ENTERING TRAFFIC LANE FROM PARKING",,,"1",,,,,,,,,,,,,"true","true","false",,,"UNDER CARRIAGE",,,,,,,,,,,,,,,,,,,,,,,,,,,,,,,,,
"752949","JC459693","2019-10-04T11:20:00","2","DRIVER",,"715269",,"TOYOTA MOTOR COMPANY, LTD.","Prius","PA","2018","NONE","PASSENGER","RIDESHARE SERVICE","W","STRAIGHT AHEAD",,,"1",,,,,"true","false",,,,,,,,,,,,"FRONT",,,,,,,,,,,,,,,,,,,,,,,,,,,,,,,,,
"752917","JC459669","2019-10-04T11:20:00","1","DRIVER",,"715233",,"CHEVROLET","MALIBU (CHEVELLE)","IL","2015","NONE","PASSENGER","PERSONAL","E","CHANGING LANES",,,"1",,,,,"true",,,,,,,,,,,,,"FRONT",,,,,,,,,,,,,,,,,,,,,,,,,,,,,,,,,
"752918","JC459669","2019-10-04T11:20:00","2","DRIVER",,"715237",,"DODGE","RAM 1500 PU","IL","2015","NONE","PICKUP","PERSONAL","E","STRAIGHT AHEAD",,,"1",,,,,,,,,,,"true",,,,,,,"SIDE-LEFT",,,,,,,,,,,,,,,,,,,,,,,,,,,,,,,,,
"752934","JC459660","2019-10-04T11:17:00","1","DRIVER",,"715247",,"MERCURY","MARINER","IL","2009","UNKNOWN","PASSENGER","PERSONAL","W","STRAIGHT AHEAD",,,"1",,,,,,,,,,,"true","true",,,,,,"FRONT-LEFT",,,,,,,,,,,,,,,,,,,,,,,,,,,,,,,,,
"752947","JC459673","2019-10-04T11:10:00","1","DRIVER",,"715259","true","FREIGHTLINER CORP.","FREIGHTLINER CORP.","IN","2018","NONE","TRUCK - SINGLE UNIT","COMMERCIAL - SINGLE UNIT","S","PASSING/OVERTAKING",,,"1",,,,"true",,,,,"true",,"true",,,,,,,"SIDE-LEFT","8330","327574",,,"PAPERS","2","PENSKE TRUCK RENTAL","PA","READING",,,,"N","N",,"N",,"N","N",,,,,,,,,"SINGLE UNIT TRUCK, 2 AXLES, 6 TIRES","VAN/ENCLOSED BOX","UNKNOWN","false","false",
"752952","JC459673","2019-10-04T11:10:00","2","DRIVERLESS",,"715280","true","FREIGHTLINER CORP.","FREIGHTLINER CORP.","IN","2014","NONE","TRUCK - SINGLE UNIT","COMMERCIAL - SINGLE UNIT","S","PARKED",,,"0",,,,,"true",,,,,,,,,,,,,"FRONT","8331","63391",,,"PAPERS","2","R & L TRANSFER INC","IN","ALEXANDRIA",,,,"N","N",,"N",,"N","N",,,,,,,,,"SINGLE UNIT TRUCK, 2 AXLES, 6 TIRES","VAN/ENCLOSED BOX","UNKNOWN","false","false",
"756162","JC465850","2019-10-04T11:00:00","2","PARKED",,"718270",,"FORD","EDGE","IL","2008","NONE","PASSENGER","PERSONAL","N","PARKED",,,"0",,,,,,,,,,,,,,,"true","true",,"TOTAL (ALL AREAS)",,,,,,,,,,,,,,,,,,,,,,,,,,,,,,,,,
"752986","JC459783","2019-10-04T10:58:00","2","PARKED",,"715302",,"TRIUMPH","UNKNOWN","IL","2007","NONE","MOTORCYCLE (OVER 150CC)","NOT IN USE","N","PARKED",,,"0",,,,,,,,,,,,,,,,,"true","UNKNOWN",,,,,,,,,,,,,,,,,,,,,,,,,,,,,,,,,
"752904","JC459624","2019-10-04T10:57:00","1","DRIVER",,"715235",,"CHEVROLET","CRUZE","IL","2019","NONE","PASSENGER","PERSONAL","E","STRAIGHT AHEAD",,,"1",,,,,"true",,,,,,,,,,,,,"FRONT",,,,,,,,,,,,,,,,,,,,,,,,,,,,,,,,,
"752905","JC459624","2019-10-04T10:57:00","2","DRIVER",,"715239",,"NISSAN","VERSA","IL","2019","NONE","PASSENGER","PERSONAL","N","STRAIGHT AHEAD",,,"1",,,,,,,,,,,,,,"true",,,,"FRONT",,,,,,,,,,,,,,,,,,,,,,,,,,,,,,,,,
"752955","JC459725","2019-10-04T10:50:00","1","DRIVER",,"715264",,"BMW","X5","IL","2016","NONE","PASSENGER","PERSONAL","S","STRAIGHT AHEAD",,,"1",,,,,,,,,,,"true",,"true","true",,,,"ROOF",,,,,,,,,,,,,,,,,,,,,,,,,,,,,,,,,
"752956","JC459725","2019-10-04T10:50:00","2","DRIVER",,"715275",,"TOYOTA MOTOR COMPANY, LTD.","CAMRY","IL","2015","UNKNOWN","PASSENGER","TAXI/FOR HIRE","S","STRAIGHT AHEAD",,,"1",,,,,"true",,,,,,,,,,,,,"FRONT",,,,,,,,,,,,,,,,,,,,,,,,,,,,,,,,,
"752898","JC459623","2019-10-04T10:50:00","1","DRIVER","2","715318",,"NISSAN","SENTRA (DATSUN AND NISSAN HAVE MERGED)","IL","2017","NONE","PASSENGER","PERSONAL","W","TURNING LEFT",,,"3",,,,,"false","false","true",,,,,,,,,"false",,"SIDE-RIGHT",,,,,,,,,,,,,,,,,,,,,,,,,,,,,,,,,
"752899","JC459623","2019-10-04T10:50:00","2","DRIVER",,"715326",,"CHEVROLET","MALIBU (CHEVELLE)","IN","2010","NONE","PASSENGER","PERSONAL","S","STRAIGHT AHEAD",,,"1",,,,,"false",,,,,,,,,,,"true",,"OTHER",,,,,,,,,,,,,,,,,,,,,,,,,,,,,,,,,
"752903","JC459608","2019-10-04T10:42:00","2","DRIVER",,"715230",,"FORD","ECONOLINE E150","IL","2011","UNKNOWN","VAN/MINI-VAN","COMMERCIAL - MULTI-UNIT","E","SLOW/STOP IN TRAFFIC",,,"1",,,,,,,,,,"true",,,,,,,,"REAR-LEFT",,,,,,,,,,,,,,,,,,,,,,,,,,,,,,,,,
"752963","JC459630","2019-10-04T10:38:00","1","DRIVER",,"715271",,"CHEVROLET","TAHOE","IL","2008","NONE","PASSENGER","PERSONAL","NE","TURNING LEFT","true",,"1",,"CITY OF CHICAGO","10300 S DOTY",,,,,"true","true",,,,,,,,,"REAR",,,,,,,,,,,,,,,,,,,,,,,,,,,,,,,,,
"752964","JC459630","2019-10-04T10:38:00","2","DRIVER",,"715279",,"NISSAN","MAURANO","IL","2006","NONE","PASSENGER","PERSONAL","W","STRAIGHT AHEAD","true",,"1",,"A.R.T TOWING","1339 W 51ST ST",,"true","true",,,,,,,,"true","true","true",,"OTHER",,,,,,,,,,,,,,,,,,,,,,,,,,,,,,,,,
"752889","JC459602","2019-10-04T10:33:00","1","DRIVER",,"715212","true","FORD","UNKNOWN","AZ","2009","UNKNOWN","TRUCK - SINGLE UNIT","PERSONAL","S","STRAIGHT AHEAD",,,"1",,,,,"true","true",,,,,,,,,,,,"FRONT",,,,,,,,,,,,,,,,,,,,,,,,,,,,,,,,,
"752890","JC459602","2019-10-04T10:33:00","2","PARKED",,"715222","true","ISUZU","UNKNOWN","IL","2016","UNKNOWN","TRUCK - SINGLE UNIT","COMMERCIAL - SINGLE UNIT","S","PARKED IN TRAFFIC LANE",,,"0",,,,,,,,,,,"true",,,,"true",,,"TOTAL (ALL AREAS)",,,,,,,,,,,,,,,,,,,,,,,,,,,,,,,,,
"752913","JC459654","2019-10-04T10:32:00","1","DRIVER",,"715228",,"HONDA","Odyssey (minivan)","IL","2007","NONE","VAN/MINI-VAN","COMMERCIAL - SINGLE UNIT","W","STRAIGHT AHEAD",,,"1",,,,"true",,,,,,,,,,,,,,"OTHER",,,,,,,,,,,,,,,,,,,,,,,,,,,,,,,,,
"752914","JC459654","2019-10-04T10:32:00","2","DRIVER",,"715232",,"NISSAN","SENTRA (DATSUN AND NISSAN HAVE MERGED)","MA","2019","NONE","PASSENGER","PERSONAL","W","SLOW/STOP IN TRAFFIC",,,"1",,,,,,,,,,,"true",,,,,,,"REAR-LEFT",,,,,,,,,,,,,,,,,,,,,,,,,,,,,,,,,
"752971","JC459742","2019-10-04T10:30:00","1","DRIVER",,"715278",,"BMW","X5","IL","2016","NONE","SPORT UTILITY VEHICLE (SUV)","OTHER","UNKNOWN","TURNING LEFT",,,"1",,,,,,,,,,,,,"true","true",,,,"ROOF",,,,,,,,,,,,,,,,,,,,,,,,,,,,,,,,,
"752972","JC459742","2019-10-04T10:30:00","2","DRIVER","1","715286",,"TOYOTA MOTOR COMPANY, LTD.","CAMRY","IL","2015","NONE","PASSENGER","TAXI/FOR HIRE","S","STRAIGHT AHEAD",,,"2",,,,,,,,,,,,,,,,"true",,"OTHER",,,,,,,,,,,,,,,,,,,,,,,,,,,,,,,,,
"752912","JC459635","2019-10-04T10:20:00","2","PARKED",,"715231",,"JEEP","Grand Cherokee (for vehicle years 1989 to present)","IL","2014","NONE","PASSENGER","NOT IN USE","W","PARKED",,,"0",,,,,,,,,,"true","true",,,,,,,"SIDE-LEFT",,,,,,,,,,,,,,,,,,,,,,,,,,,,,,,,,
"752891","JC459595","2019-10-04T10:18:00","1","DRIVER","1","715210",,"CHRYSLER","Sebring","IL","2010","NONE","PASSENGER","PERSONAL","S","STRAIGHT AHEAD",,,"2",,,,,,,,,,,,,,"true","true",,,"TOTAL (ALL AREAS)",,,,,,,,,,,,,,,,,,,,,,,,,,,,,,,,,
"752892","JC459595","2019-10-04T10:18:00","2","DRIVER",,"715215",,"TOYOTA MOTOR COMPANY, LTD.","CAMRY","IL","2009","NONE","PASSENGER","PERSONAL","E","STRAIGHT AHEAD","true",,"1",,,,,"true",,,,,,,,,,"true","true",,"OTHER",,,,,,,,,,,,,,,,,,,,,,,,,,,,,,,,,
"756310","JC466165","2019-10-04T10:15:00","2","PARKED",,"718407",,"TOYOTA MOTOR COMPANY, LTD.","RAV4 (sport utility)","IL","2009","UNKNOWN","PASSENGER","NOT IN USE","W","PARKED",,,"0",,,,,,,,,"false","true",,,,,,,,"REAR-LEFT",,,,,,,,,,,,,,,,,,,,,,,,,,,,,,,,,
"752957","JC459625","2019-10-04T10:11:00","1","DRIVER",,"715263",,"HONDA","HONDA","IL","2009","NONE","PASSENGER","PERSONAL","W","OTHER","true",,"1",,"city of chicago","doty road",,,,,,,,,,,,"true",,,"TOTAL (ALL AREAS)",,,,,,,,,,,,,,,,,,,,,,,,,,,,,,,,,