"crash_unit_id","rd_no","crash_date","unit_no","unit_type","num_passengers","vehicle_id","cmrc_veh_i","make","model","lic_plate_state","vehicle_year","vehicle_defect","vehicle_type","vehicle_use","travel_direction","maneuver","towed_i","fire_i","occupant_cnt","exceed_speed_limit_i","towed_by","towed_to","area_00_i","area_01_i","area_02_i","area_03_i","area_04_i","area_05_i","area_06_i","area_07_i","area_08_i","area_09_i","area_10_i","area_11_i","area_12_i","area_99_i","first_contact_point","cmv_id","usdot_no","ccmc_no","ilcc_no","commercial_src","gvwr","carrier_name","carrier_state","carrier_city","hazmat_placards_i","hazmat_name","un_no","hazmat_present_i","hazmat_report_i","hazmat_report_no","mcs_report_i","mcs_report_no","hazmat_vio_cause_crash_i","mcs_vio_cause_crash_i","idot_permit_no","wide_load_i","trailer1_width","trailer2_width","trailer1_length","trailer2_length","total_vehicle_length","axle_cnt","vehicle_config","cargo_body_type","load_type","hazmat_out_of_service_i","mcs_out_of_service_i","hazmat_class"
"752958","JC459625","2019-10-04T10:11:00","2","DRIVER",,"715276",,"NISSAN","UNKNOWN","IL","2018","NONE","TRUCK - SINGLE UNIT","COMMERCIAL - SINGLE UNIT","E","STRAIGHT AHEAD","true",,"1",,"private",,,,,,,,,"true","true",,,,,,"FRONT-LEFT",,,,,,,,,,,,,,,,,,,,,,,,,,,,,,,,,
"753242","JC460237","2019-10-04T10:10:00","1","DRIVER",,"715546",,"HYUNDAI","TUCSON","IL","2007","UNKNOWN","SPORT UTILITY VEHICLE (SUV)","PERSONAL","N","TURNING LEFT",,,"1",,,,,,,"true","true",,,,,,,,,,"SIDE-RIGHT",,,,,,,,,,,,,,,,,,,,,,,,,,,,,,,,,
"752879","JC459597","2019-10-04T10:00:00","1","DRIVER",,"715203",,"ROLLS INTERNATIONAL TRAILER(MOBILE HOME)","ROLLS INTERNATIONAL TRAILER(MOBILE HOME)","IL","2011","UNKNOWN","TRUCK - SINGLE UNIT","COMMERCIAL - MULTI-UNIT","W","STRAIGHT AHEAD",,,"1",,,,,,,,,,,,,,,,,,"UNKNOWN",,,,,,,,,,,,,,,,,,,,,,,,,,,,,,,,,
"752880","JC459597","2019-10-04T10:00:00","2","DRIVER","1","715209",,"ACURA","ACURA","IL","2006","UNKNOWN","PASSENGER","PERSONAL","W","TURNING LEFT",,,"2",,,,,,"true",,,,,,,,,,,,"SIDE-RIGHT",,,,,,,,,,,,,,,,,,,,,,,,,,,,,,,,,
"752883","JC459589","2019-10-04T10:00:00","1","DRIVER",,"715205",,"FORD","FUSION","IL","2013","NONE","PASSENGER","PERSONAL","E","BACKING",,,"1",,,,,,,,,,"true","true",,,,,,,"SIDE-LEFT",,,,,,,,,,,,,,,,,,,,,,,,,,,,,,,,,
"752884","JC459589","2019-10-04T10:00:00","2","DRIVER",,"715207",,"CHEVROLET","HHR","IL","2006","NONE","PASSENGER","PERSONAL","N","STRAIGHT AHEAD",,,"1",,,,,,,,,,,,"true","true",,,,,"FRONT-LEFT",,,,,,,,,,,,,,,,,,,,,,,,,,,,,,,,,
"752966","JC459561","2019-10-04T09:50:00","2","DRIVER",,"715294",,"TOYOTA MOTOR COMPANY, LTD.","FJ CRUISER","IL","2008","NONE","PASSENGER","PERSONAL","S","STRAIGHT AHEAD",,,"1",,,,,,,"true","true",,,,,,,,,,"FRONT-RIGHT",,,,,,,,,,,,,,,,,,,,,,,,,,,,,,,,,
"752863","JC459567","2019-10-04T09:45:00","1","DRIVER",,"716820",,"FORD","ESCAPE (SUV)","IL","2011","NONE","PASSENGER","PERSONAL","N","OTHER",,,"1",,,,,,,,,,,,,,,,"false",,"OTHER",,,,,,,,,,,,,,,,,,,,,,,,,,,,,,,,,
"752862","JC459567","2019-10-04T09:45:00","2","DRIVER",,"715184",,"CHEVROLET","TRAVERSE","IL","2015","NONE","OTHER","TAXI/FOR HIRE","N","SLOW/STOP IN TRAFFIC",,,"1",,,,,,,,,,"true",,,,,,,,"REAR-LEFT",,,,,,,,,,,,,,,,,,,,,,,,,,,,,,,,,
"755393","JC464277","2019-10-04T09:30:00","1","DRIVER",,"717544",,"FORD","FUSION","IL","2017","NONE","PASSENGER","PERSONAL","N","ENTERING TRAFFIC LANE FROM PARKING",,,"1",,,,,"true",,,,,,,,,,"false",,,"FRONT",,,,,,,,,,,,,,,,,,,,,,,,,,,,,,,,,
"755394","JC464277","2019-10-04T09:30:00","2","PARKED",,"717550",,"NISSAN","NISSAN ALTIMA","IL","2017","NONE","PASSENGER","PERSONAL","N","PARKED",,,"0",,,,,,,,,,,"true",,,,,,,"SIDE-LEFT",,,,,,,,,,,,,,,,,,,,,,,,,,,,,,,,,
"752907","JC459648","2019-10-04T09:30:00","2","PARKED",,"715223",,"NISSAN","SENTRA (DATSUN AND NISSAN HAVE MERGED)","IL","2017","NONE","PASSENGER","OTHER","S","PARKED",,,"0",,,,,,,,,,,,"true","true","true",,,,"ROOF",,,,,,,,,,,,,,,,,,,,,,,,,,,,,,,,,
"752953","JC459606","2019-10-04T09:30:00","1","DRIVER",,"715260",,"BUICK","UNKNOWN","IL","2015","NONE","PASSENGER","PERSONAL","N","OTHER",,,"1",,,,,,,,,,,,,,,"true",,,"TOTAL (ALL AREAS)",,,,,,,,,,,,,,,,,,,,,,,,,,,,,,,,,
"752954","JC459606","2019-10-04T09:30:00","2","DRIVER",,"715270",,"CHEVROLET","Express (full-size van)","IL","2013","NONE","VAN/MINI-VAN","PERSONAL","N","STRAIGHT AHEAD",,,"1",,,,,,,"true",,,,,,"false",,,,,"SIDE-RIGHT",,,,,,,,,,,,,,,,,,,,,,,,,,,,,,,,,
"752876","JC459569","2019-10-04T09:30:00","1","DRIVER",,"715199","true","FORD","F550","IL","2011","UNKNOWN","OTHER VEHICLE WITH TRAILER","COMMERCIAL - MULTI-UNIT","W","TURNING RIGHT",,,"1",,,,,,,,,,,"true",,,,,,,"SIDE-LEFT",,,,,,,,,,,,,,,,,,,,,,,,,,,,,,,,,
"752877","JC459569","2019-10-04T09:30:00","2","PARKED",,"715206",,"NISSAN","UNKNOWN","IL","2013","UNKNOWN","SPORT UTILITY VEHICLE (SUV)","NOT IN USE","UNKNOWN","PARKED",,,"0",,,,,,,,,,,"true",,,,,,,"SIDE-LEFT",,,,,,,,,,,,,,,,,,,,,,,,,,,,,,,,,
"752837","JC459497","2019-10-04T09:10:00","1","DRIVER",,"715159","true","GENERAL MOTORS CORP.","GENERAL MOTORS CORP.","IL","2008","NONE","TRUCK - SINGLE UNIT","COMMERCIAL - SINGLE UNIT","W","BACKING",,,"1",,,,,,,,,,"true",,,,,,,,"REAR-LEFT","8324","200529","157197",,"LOG BOOK","3","MORAN TRANSPORTATION CORP.","IL","ELK GROVE VILLAGE",,,,"N","N",,"N",,"N","N",,,,,,,"25","1","TRUCK/TRAILER","VAN/ENCLOSED BOX","OTHER","false","false",
"753203","JC460188","2019-10-04T09:00:00","2","PARKED",,"715502",,"HYUNDAI","SONATA","IL","2011","UNKNOWN","PASSENGER","PERSONAL","UNKNOWN","PARKED",,,"0",,,,,,,,,,,"true","true","true","true","true",,,"ROOF",,,,,,,,,,,,,,,,,,,,,,,,,,,,,,,,,
"752859","JC459555","2019-10-04T09:00:00","2","DRIVER",,"715178",,"BUICK","BUICK","IL","2018","UNKNOWN","PASSENGER","PERSONAL","S","STRAIGHT AHEAD",,,"1",,,,,,,,,,"true",,,,,,,,"REAR-LEFT",,,,,,,,,,,,,,,,,,,,,,,,,,,,,,,,,
"752868","JC459517","2019-10-04T08:55:00","1","DRIVER",,"715191",,"FREIGHTLINER CORP.","FREIGHTLINER CORP.","IL","2017","UNKNOWN","TRUCK - SINGLE UNIT","OTHER","SW","TURNING RIGHT",,,"1",,,,,,,,"true","true",,,,,,,,,"REAR-RIGHT",,,,,,,,,,,,,,,,,,,,,,,,,,,,,,,,,
"752869","JC459517","2019-10-04T08:55:00","2","DRIVER",,"715200","false","FORD","F450","IL","2008","UNKNOWN","OTHER","TOW TRUCK","S","STRAIGHT AHEAD",,,"1",,,,,,,,,,,,,,"true","true",,,"TOTAL (ALL AREAS)",,,,,,,,,,,,,,,,,,,,,,,,,,,,,,,,,
"752827","JC459498","2019-10-04T08:50:00","1","DRIVER","2","715164",,"CHEVROLET","MALIBU (CHEVELLE)",,"2014","NONE","PASSENGER","PERSONAL","N","PASSING/OVERTAKING",,,"3",,,,,,,,,,,"true",,,,,,,"FRONT-LEFT",,,,,,,,,,,,,,,,,,,,,,,,,,,,,,,,,
"752828","JC459498","2019-10-04T08:50:00","2","DRIVER",,"715176","true","KENWORTH MOTOR TRUCK CO.","KENWORTH MOTOR TRUCK CO.","IL","2018","NONE","TRUCK - SINGLE UNIT","OTHER","N","STRAIGHT AHEAD",,,"1",,,,"true",,,,,,,,,,,,,,"NONE","8328","1762064",,,"SIDE OF TRUCK","3","PRAIRE LLC","IL","BRIDGEVIEW",,,,"N","N",,"N",,"N","N","1762064",,,,,,"30","3","TRUCK/TRACTOR","CONCRETE MIXER","OTHER","false","false",
"752846","JC459493","2019-10-04T08:50:00","1","DRIVER",,"715165",,"TOYOTA MOTOR COMPANY, LTD.","CAMRY","IL","2009","UNKNOWN","PASSENGER","PERSONAL","S","UNKNOWN/NA",,,"1",,,,,,,,,,,,,,,,,,"REAR-LEFT",,,,,,,,,,,,,,,,,,,,,,,,,,,,,,,,,
"752847","JC459493","2019-10-04T08:50:00","2","DRIVER",,"715172",,"NISSAN","Pathfinder","IL","2015","UNKNOWN","SPORT UTILITY VEHICLE (SUV)","PERSONAL","S","UNKNOWN/NA",,,"1",,,,,,,,,,,,,,,,,,"OTHER",,,,,,,,,,,,,,,,,,,,,,,,,,,,,,,,,
"757901","JC468888","2019-10-04T08:45:00","2","DRIVER",,"719923",,"MERCEDES-BENZ","ML350","IL","2012","UNKNOWN","PASSENGER","PERSONAL","N","STRAIGHT AHEAD",,,"1",,,,,,,,,,,"true",,,,,,,"SIDE-LEFT",,,,,,,,,,,,,,,,,,,,,,,,,,,,,,,,,
"752878","JC459485","2019-10-04T08:40:00","1","DRIVER",,"715196",,"MAZDA","CX-7","IL","2019","NONE","SPORT UTILITY VEHICLE (SUV)","PERSONAL","S","STRAIGHT AHEAD",,,"1",,,,"false",,,,,,,,,,,"true",,,"TOTAL (ALL AREAS)",,,,,,,,,,,,,,,,,,,,,,,,,,,,,,,,,
"752875","JC459485","2019-10-04T08:40:00","2","DRIVER",,"715201",,"SCOOTALONG","SCOOTALONG","IL","2016","NONE","MOPED OR MOTORIZED BICYCLE","PERSONAL","E","TURNING LEFT",,,"1",,,,,,,,,,,,,,,"true","false",,"TOTAL (ALL AREAS)",,,,,,,,,,,,,,,,,,,,,,,,,,,,,,,,,
"752839","JC459473","2019-10-04T08:40:00","1","DRIVER",,"715162",,"NISSAN","SENTRA (DATSUN AND NISSAN HAVE MERGED)","IL","2016","NONE","PASSENGER","PERSONAL","E","STRAIGHT AHEAD","true",,"1",,"PRIVATE TOW","UNKNOWN",,"true",,,,,,,,,,"true","true",,"OTHER",,,,,,,,,,,,,,,,,,,,,,,,,,,,,,,,,
"752841","JC459473","2019-10-04T08:40:00","3","PARKED",,"715170",,"LINCOLN-CONTINENTAL","MKT","IL","2016","NONE","SPORT UTILITY VEHICLE (SUV)","NOT IN USE","N","PARKED",,,"0",,,,,,,,,,"true","true",,,,,,,"SIDE-LEFT",,,,,,,,,,,,,,,,,,,,,,,,,,,,,,,,,
"752854","JC459472","2019-10-04T08:30:00","1","DRIVER",,"715179",,"CHEVROLET","CRUZE","IL","2012","NONE","PASSENGER","PERSONAL","N","STRAIGHT AHEAD",,,"1",,,,,,,,,,,,,,,"true",,,"TOTAL (ALL AREAS)",,,,,,,,,,,,,,,,,,,,,,,,,,,,,,,,,
"752855","JC459472","2019-10-04T08:30:00","2","DRIVER","1","715186",,"NISSAN","JUKE","IL","2016","NONE","PASSENGER","PERSONAL","N","SLOW/STOP IN TRAFFIC","true",,"2",,"STATE OF ILLINOIS TOW TRUCK","1800 SOUTH MOE DRIVE",,,,,,"true",,,,,,,,,"REAR-LEFT",,,,,,,,,,,,,,,,,,,,,,,,,,,,,,,,,
"752825","JC459464","2019-10-04T08:27:00","1","DRIVER",,"715152",,"GENERAL MOTORS CORP.","TERRAIN","MI","2010","UNKNOWN","PASSENGER","PERSONAL","E","PASSING/OVERTAKING",,,"1",,,,,,,,,,,,,,"true","false",,,,,,,,,,,,,,,,,,,,,,,,,,,,,,,,,,,,
"752804","JC459496","2019-10-04T08:10:00","1","DRIVER",,"715130",,"DODGE","CHARGER","IL","2006","UNKNOWN","PASSENGER","PERSONAL","N","STRAIGHT AHEAD",,,"1",,,,,"true","false","false",,,,,,,,"true",,,"OTHER",,,,,,,,,,,,,,,,,,,,,,,,,,,,,,,,,
"752805","JC459496","2019-10-04T08:10:00","2","DRIVER",,"715137",,"CHEVROLET","UNKNOWN","IL","2017","NONE","PASSENGER","PERSONAL","E","STRAIGHT AHEAD",,,"1",,,,,"true","true","true","true",,,,,,,"false",,,"FRONT-RIGHT",,,,,,,,,,,,,,,,,,,,,,,,,,,,,,,,,
"752895","JC459478","2019-10-04T08:09:00","1","DRIVER",,"715214",,"VOLKSWAGEN","JETTA","IL","2006","NONE","PASSENGER","PERSONAL","S","STRAIGHT AHEAD",,,"1",,,,,,,,,,,,,,,,"true",,"OTHER",,,,,,,,,,,,,,,,,,,,,,,,,,,,,,,,,
"752896","JC459478","2019-10-04T08:09:00","2","DRIVER",,"715221",,"HONDA","CIVIC","IL","2010","NONE","PASSENGER","PERSONAL","S","STARTING IN TRAFFIC","true",,"1",,"UNKNOWN TOW CO","NOT AVAILABLE",,,,,,,"true",,,,,,"true",,"REAR-LEFT",,,,,,,,,,,,,,,,,,,,,,,,,,,,,,,,,
"752897","JC459478","2019-10-04T08:09:00","3","DRIVER",,"715227",,"CHEVROLET","Express (full-size van)","IL","2006","NONE","VAN/MINI-VAN","PERSONAL","S","SLOW/STOP IN TRAFFIC",,,"1",,,,,,,,,,"true",,,,,,,,"REAR-LEFT",,,,,,,,,,,,,,,,,,,,,,,,,,,,,,,,,
"752792","JC459421","2019-10-04T08:01:00","1","DRIVER",,"715118",,"FORD","Explorer","IL","2019","NONE","PASSENGER","PERSONAL","S","STRAIGHT AHEAD",,,"1",,,,,,,"true","true","true",,,,,,,,,,,,,,,,,,,,,,,,,,,,,,,,,,,,,,,,,,
"752793","JC459421","2019-10-04T08:01:00","2","PARKED",,"715122",,"FREIGHTLINER CORP.","UNKNOWN","IL","2008","NONE","BUS OVER 15 PASS.","NOT IN USE","S","PARKED",,,"0",,,,"true",,,,,,,,,,,,,,"TOTAL (ALL AREAS)",,,,,,,,,,,,,,,,,,,,,,,,,,,,,,,,,
"752830","JC459508","2019-10-04T08:00:00","1","DRIVER",,"715150",,"NISSAN","NISSAN ALTIMA","IL","2008","NONE","PASSENGER","PERSONAL","W","STRAIGHT AHEAD",,,"1",,,,,,,,,,,,,,,,"true",,"FRONT",,,,,,,,,,,,,,,,,,,,,,,,,,,,,,,,,
"752810","JC459456","2019-10-04T08:00:00","1","DRIVER",,"715135","false","PETERBILT MOTORS CO., DIVISION PACCAR, INC.","PETERBILT MOTORS CO., DIVISION PACCAR, INC.","IL","2020","NONE","TRACTOR W/ SEMI-TRAILER","COMMERCIAL - MULTI-UNIT","S","TURNING RIGHT",,,"1",,,,,,,,,,,,,,,,,,,,,,,,,,,,,,,,,,,,,,,,,,,,,,,,,,,
"752807","JC459449","2019-10-04T08:00:00","2","PARKED",,"715151",,"CHEVROLET","MALIBU (CHEVELLE)","IL","2011","NONE","PASSENGER","PERSONAL","N","PARKED IN TRAFFIC LANE","true",,"0",,,,,,,,,,,,,"true","true",,,,"ROOF",,,,,,,,,,,,,,,,,,,,,,,,,,,,,,,,,
"752798","JC459416","2019-10-04T07:47:00","1","DRIVER",,"715126",,"VOLKSWAGEN","PASSAT","IL","2016","NONE","PASSENGER","PERSONAL","E","STRAIGHT AHEAD",,,"1",,,,,,,,,,,,,,,,,,"REAR-LEFT",,,,,,,,,,,,,,,,,,,,,,,,,,,,,,,,,
"752799","JC459416","2019-10-04T07:47:00","2","DRIVER",,"715132",,"FORD","EXPLORER","IL","2017","NONE","SPORT UTILITY VEHICLE (SUV)","POLICE","E","STRAIGHT AHEAD",,,"1",,,,,,,,,,,,,,,,,,"OTHER",,,,,,,,,,,,,,,,,,,,,,,,,,,,,,,,,
"752849","JC459518","2019-10-04T07:45:00","2","DRIVER",,"715183",,"MAZDA","UNKNOWN","WA","2017","NONE","PASSENGER","OTHER","N","STRAIGHT AHEAD",,,"1",,,,,"true","true",,,,,,,,,,,,"FRONT",,,,,,,,,,,,,,,,,,,,,,,,,,,,,,,,,
"752809","JC459413","2019-10-04T07:45:00","2","DRIVER",,"715138",,"INFINITI","G35","IL","2007","NONE","PASSENGER","PERSONAL","E","SLOW/STOP IN TRAFFIC",,,"1",,,,,,,,"false","true",,,,,,,,,"REAR",,,,,,,,,,,,,,,,,,,,,,,,,,,,,,,,,
"752800","JC459424","2019-10-04T07:37:00","1","DRIVER","4","715129",,"NISSAN","Quest","IL","2012","NONE","PASSENGER","PERSONAL","E","STRAIGHT AHEAD",,,"5",,,,,"true",,,,,,,,,,"true","true",,"TOTAL (ALL AREAS)",,,,,,,,,,,,,,,,,,,,,,,,,,,,,,,,,
"752801","JC459424","2019-10-04T07:37:00","2","DRIVER",,"715140",,"NISSAN","ROGUE","IL","2012","NONE","PASSENGER","PERSONAL","S","STRAIGHT AHEAD","true",,"1",,"PRIVATE COMPANY",,,"true","true",,,,,,,,,"true","true",,"FRONT",,,,,,,,,,,,,,,,,,,,,,,,,,,,,,,,,
"752803","JC459453","2019-10-04T07:35:00","2","DRIVER","1","715133",,"FORD","Focus","IL","2013","UNKNOWN","PASSENGER","PERSONAL","N","STRAIGHT AHEAD",,,"2",,,,,,,,,,"true",,,,,,,,"REAR-LEFT",,,,,,,,,,,,,,,,,,,,,,,,,,,,,,,,,
"753314","JC460360","2019-10-04T07:30:00","1","DRIVER",,"715611",,"CHEVROLET","UNKNOWN","IL","2019","UNKNOWN","UNKNOWN/NA","UNKNOWN/NA","N","MERGING",,,"1",,,,,"true","true",,,,,,,,,,,,"FRONT",,,,,,,,,,,,,,,,,,,,,,,,,,,,,,,,,
"753315","JC460360","2019-10-04T07:30:00","2","DRIVER",,"715614",,"TOYOTA MOTOR COMPANY, LTD.","CAMRY","IL","2016","UNKNOWN","PASSENGER","TAXI/FOR HIRE","N","UNKNOWN/NA",,,"1",,,,,,,,,,,"true","true","true",,,,,"SIDE-LEFT",,,,,,,,,,,,,,,,,,,,,,,,,,,,,,,,,
"753101","JC460007","2019-10-04T07:30:00","1","DRIVER",,"715412",,"DODGE","CHARGER","IL","2006","NONE","PASSENGER","PERSONAL","N","STRAIGHT AHEAD",,,"1",,,,,,,,,,,,,,,,"true",,"OTHER",,,,,,,,,,,,,,,,,,,,,,,,,,,,,,,,,
"753102","JC460007","2019-10-04T07:30:00","2","DRIVER",,"715410",,"CHEVROLET","UNKNOWN","IL","2017","NONE","PASSENGER","PERSONAL","E","STRAIGHT AHEAD",,,"1",,,,,,,"true","true",,,,,,,,,,"REAR-RIGHT",,,,,,,,,,,,,,,,,,,,,,,,,,,,,,,,,
"752819","JC459432","2019-10-04T07:30:00","1","DRIVER",,"715147",,"FREIGHTLINER CORP.","FREIGHTLINER CORP.","IL","2019","NONE","TRACTOR W/ SEMI-TRAILER","COMMERCIAL - MULTI-UNIT","SW","BACKING",,,"1",,,,,,,"true",,,,,,,,,,,"SIDE-RIGHT",,,,,,,,,,,,,,,,,,,,,,,,,,,,,,,,,
"752820","JC459432","2019-10-04T07:30:00","2","PARKED",,"715153","true","BLUEBIRD INTERNATIONAL","BLUEBIRD INTERNATIONAL","IL","2007","NONE","TRACTOR W/ SEMI-TRAILER","COMMERCIAL - MULTI-UNIT","W","PARKED",,,"0",,,,,,,,,,,,,,,"true",,,"TOTAL (ALL AREAS)",,,,,,,,,,,,,,,,,,,,,,,,,,,,,,,,,
"752856","JC459412","2019-10-04T07:27:00","1","DRIVER","4","715180",,"HYUNDAI","SONATA","IL","2017","UNKNOWN","PASSENGER","PERSONAL","N","STRAIGHT AHEAD","false",,"5",,,,,,,,,,"true","true","true","false","false","false",,,"SIDE-LEFT",,,,,,,,,,,,,,,,,,,,,,,,,,,,,,,,,
"752857","JC459412","2019-10-04T07:27:00","2","DRIVER","1","715193",,"NISSAN","NISSAN MAXIMA","IL","2017","UNKNOWN","PASSENGER","PERSONAL","E","STRAIGHT AHEAD","true",,"2",,,,,"true","true",,,,"true","true","true","false","false","false","false",,"FRONT",,,,,,,,,,,,,,,,,,,,,,,,,,,,,,,,,
"752845","JC459489","2019-10-04T07:15:00","2","DRIVER",,"715173",,"HYUNDAI","ELANTRA","IL","2015","UNKNOWN","PASSENGER","PERSONAL","W","STRAIGHT AHEAD","false",,"1",,,,,"true",,,,,,,,,,"true","true","true","OTHER",,,,,,,,,,,,,,,,,,,,,,,,,,,,,,,,,
"752785","JC459406","2019-10-04T07:00:00","1","DRIVER",,"715124",,"NISSAN","UNKNOWN","IL","2014","UNKNOWN","PASSENGER","PERSONAL","N","STRAIGHT AHEAD","true",,"1",,"PRIVATE TOW","UNKNOWN",,,,,,,,,,,,,"true",,"OTHER",,,,,,,,,,,,,,,,,,,,,,,,,,,,,,,,,
"752786","JC459406","2019-10-04T07:00:00","2","DRIVER",,"715128",,"FORD","F150","IL","2009","UNKNOWN","PICKUP","PERSONAL","N","STRAIGHT AHEAD",,,"1",,,,,,,,,,"true",,,,,,,,"SIDE-LEFT",,,,,,,,,,,,,,,,,,,,,,,,,,,,,,,,,
"752838","JC459395","2019-10-04T06:45:00","1","DRIVER",,"715166",,"HONDA","ACCORD","IL","2014","NONE","PASSENGER","PERSONAL","S","STRAIGHT AHEAD","true",,"1",,"private",,,"true","true","true","true",,,,,,,,"true",,,,,,,,,,,,,,,,,,,,,,,,,,,,,,,,,,,
"752781","JC459394","2019-10-04T06:30:00","1","DRIVER",,"715107",,"JEEP","Grand Cherokee (for vehicle years 1989 to present)","IL","2013","NONE","PASSENGER","PERSONAL","N","STRAIGHT AHEAD",,,"1",,,,,"true",,,,,,,,,,,"true",,"FRONT",,,,,,,,,,,,,,,,,,,,,,,,,,,,,,,,,
"752782","JC459394","2019-10-04T06:30:00","2","DRIVER",,"715110",,"CHEVROLET","MALIBU (CHEVELLE)","IL","2015","NONE","PASSENGER","PERSONAL","W","STRAIGHT AHEAD",,,"1",,,,,,,,,,,,,,,"true","true",,"FRONT",,,,,,,,,,,,,,,,,,,,,,,,,,,,,,,,,
"752771","JC459386","2019-10-04T06:30:00","2","PARKED",,"715100",,"FORD","Econoline E-450","AZ","2009","UNKNOWN","VAN/MINI-VAN","NOT IN USE","E","PARKED",,,"0",,,,,,,,,,,,,,"true",,,,"ROOF",,,,,,,,,,,,,,,,,,,,,,,,,,,,,,,,,
"752772","JC459386","2019-10-04T06:30:00","3","PARKED",,"715101",,"JEEP","CHEROKEE","IL","2019","NONE","PASSENGER","NOT IN USE","E","PARKED",,,"0",,,,,,,,,,,,"true","true","true",,,,"ROOF",,,,,,,,,,,,,,,,,,,,,,,,,,,,,,,,,
"752778","JC459403","2019-10-04T06:25:00","2","DRIVER",,"715111",,"HONDA","CIVIC","IL","2018","NONE","PASSENGER","UNKNOWN/NA","NW","TURNING LEFT",,,"1",,,,,,,,,,"true","true",,,,,,,"REAR-LEFT",,,,,,,,,,,,,,,,,,,,,,,,,,,,,,,,,
"752794","JC459423","2019-10-04T05:50:00","1","DRIVER",,"715119",,"CADILLAC","Escalade","IN","2007","NONE","PASSENGER","PERSONAL","N","STRAIGHT AHEAD",,,"1",,,,,,,,,,,,,,,"true",,,"TOTAL (ALL AREAS)",,,,,,,,,,,,,,,,,,,,,,,,,,,,,,,,,
"752795","JC459423","2019-10-04T05:50:00","2","DRIVER","1","715123",,"HYUNDAI","ELANTRA","IL","2015","NONE","PASSENGER","PERSONAL","N","STRAIGHT AHEAD",,,"2",,,,,,,,,"true","true",,,,,,,,"REAR-LEFT",,,,,,,,,,,,,,,,,,,,,,,,,,,,,,,,,
"752815","JC459479","2019-10-04T05:48:00","1","DRIVER",,"715142",,"TOYOTA MOTOR COMPANY, LTD.","CAMRY","IL","2014","NONE","PASSENGER","PERSONAL","W","STRAIGHT AHEAD",,,"1",,,,,"true",,,,,,,,,,"true","true",,"OTHER",,,,,,,,,,,,,,,,,,,,,,,,,,,,,,,,,
"752816","JC459479","2019-10-04T05:48:00","2","DRIVER",,"715144",,"FORD","EDGE","IL","2018","NONE","PASSENGER","PERSONAL","W","STRAIGHT AHEAD",,,"1",,,,,,,,,"true","true","true",,,,,,,"REAR-LEFT",,,,,,,,,,,,,,,,,,,,,,,,,,,,,,,,,
"752763","JC459374","2019-10-04T05:15:00","1","DRIVER",,"715096",,"HYUNDAI","UNKNOWN","IL","2014","NONE","PASSENGER","PERSONAL","W","STRAIGHT AHEAD","true",,"1",,,,,"true",,,,,,,,,,"true","true",,"OTHER",,,,,,,,,,,,,,,,,,,,,,,,,,,,,,,,,
"752764","JC459374","2019-10-04T05:15:00","2","DRIVER",,"715092",,"NISSAN","UNKNOWN","IL","2017","NONE","PASSENGER","PERSONAL","W","SLOW/STOP IN TRAFFIC",,,"1",,,,,,,,,"true","true","true",,,,,,,"REAR-LEFT",,,,,,,,,,,,,,,,,,,,,,,,,,,,,,,,,
"752769","JC459376","2019-10-04T05:05:00","1","DRIVER",,"715095",,"HONDA","Pilot","IL","2006","UNKNOWN","UNKNOWN/NA","UNKNOWN/NA","UNKNOWN","UNKNOWN/NA",,,"1",,,,,,,,,,,,,,,,"true",,"OTHER",,,,,,,,,,,,,,,,,,,,,,,,,,,,,,,,,
"752762","JC459358","2019-10-04T04:09:00","2","DRIVER","1","715088",,"FORD","Focus","IL","2010","UNKNOWN","PASSENGER","RIDESHARE SERVICE","W","STRAIGHT AHEAD","true",,"2",,"City Towing","City Towing",,,,,,,,,,,,"true",,,"TOTAL (ALL AREAS)",,,,,,,,,,,,,,,,,,,,,,,,,,,,,,,,,
"752969","JC459740","2019-10-04T03:30:00","1","DRIVER",,"715281",,"CADILLAC","UNKNOWN","IL","2015","UNKNOWN","PASSENGER","PERSONAL","N","STRAIGHT AHEAD",,,"1",,,,,,"true","true","true",,,,,,,,,,"SIDE-RIGHT",,,,,,,,,,,,,,,,,,,,,,,,,,,,,,,,,
"752970","JC459740","2019-10-04T03:30:00","2","DRIVER",,"715284","false","FREIGHTLINER CORP.","FREIGHTLINER CORP.","WI","2015","UNKNOWN","TRACTOR W/ SEMI-TRAILER","OTHER","N","STRAIGHT AHEAD",,,"1",,,,,,,,,,,,,,,,,,"SIDE-LEFT",,,,,,,,,,,,,,,,,,,,,,,,,,,,,,,,,
"752754","JC459350","2019-10-04T02:40:00","1","DRIVER",,"715084",,"TOYOTA MOTOR COMPANY, LTD.","COROLLA","IL","2006","UNKNOWN","PASSENGER","PERSONAL","N","STRAIGHT AHEAD","true",,"1",,"XL Towing",,,"true",,,,,,,,,,"true","true",,"OTHER",,,,,,,,,,,,,,,,,,,,,,,,,,,,,,,,,
"752755","JC459350","2019-10-04T02:40:00","2","PARKED",,"715079",,"JEEP","LAREDO","IL","2012","UNKNOWN","PASSENGER","UNKNOWN/NA","UNKNOWN","PARKED","false",,"0",,,,,,,,,"true","true","true",,,,,,,"REAR-LEFT",,,,,,,,,,,,,,,,,,,,,,,,,,,,,,,,,