"crash_unit_id","rd_no","crash_date","unit_no","unit_type","num_passengers","vehicle_id","cmrc_veh_i","make","model","lic_plate_state","vehicle_year","vehicle_defect","vehicle_type","vehicle_use","travel_direction","maneuver","towed_i","fire_i","occupant_cnt","exceed_speed_limit_i","towed_by","towed_to","area_00_i","area_01_i","area_02_i","area_03_i","area_04_i","area_05_i","area_06_i","area_07_i","area_08_i","area_09_i","area_10_i","area_11_i","area_12_i","area_99_i","first_contact_point","cmv_id","usdot_no","ccmc_no","ilcc_no","commercial_src","gvwr","carrier_name","carrier_state","carrier_city","hazmat_placards_i","hazmat_name","un_no","hazmat_present_i","hazmat_report_i","hazmat_report_no","mcs_report_i","mcs_report_no","hazmat_vio_cause_crash_i","mcs_vio_cause_crash_i","idot_permit_no","wide_load_i","trailer1_width","trailer2_width","trailer1_length","trailer2_length","total_vehicle_length","axle_cnt","vehicle_config","cargo_body_type","load_type","hazmat_out_of_service_i","mcs_out_of_service_i","hazmat_class"
"752760","JC459352","2019-10-04T02:30:00","1","DRIVER",,"715087",,"NISSAN","Murano","IL","2009","NONE","PASSENGER","PERSONAL","N","UNKNOWN/NA","true",,"1",,,,,"true",,,,,,,,,,,"true",,"OTHER",,,,,,,,,,,,,,,,,,,,,,,,,,,,,,,,,
"752759","JC459352","2019-10-04T02:30:00","2","DRIVERLESS",,"715085",,"NISSAN","NISSAN MAXIMA","IL","2008","NONE","PASSENGER","NOT IN USE","N","PARKED",,,"0",,,,,,,,,,"true","true","true",,,,,,"SIDE-LEFT",,,,,,,,,,,,,,,,,,,,,,,,,,,,,,,,,
"752756","JC459338","2019-10-04T02:25:00","1","DRIVER",,"715081",,"FORD","Explorer","IL","2013","NONE","PASSENGER","PERSONAL","W","SKIDDING/CONTROL LOSS","true",,"1",,"CITY OF CHICAGO (IMPOUND-DUI)","701 N SACRAMENTO",,"true",,,,,,,,,,"true","true",,"FRONT-RIGHT",,,,,,,,,,,,,,,,,,,,,,,,,,,,,,,,,
"752757","JC459338","2019-10-04T02:25:00","2","PARKED",,"715082",,"MITSUBISHI","MIRAGE","IL","2014","NONE","PASSENGER","NOT IN USE","W","PARKED",,,"0",,,,,,,,,,,"true","true","true","true","true",,,"SIDE-LEFT",,,,,,,,,,,,,,,,,,,,,,,,,,,,,,,,,
"752750","JC459342","2019-10-04T02:20:00","2","PARKED",,"715074",,"CHEVROLET","IMPALA","IL","2008","NONE","PASSENGER","PERSONAL","S","PARKED",,,"0",,,,,"true",,,,"true","true","true","true",,,"true","true",,"REAR-LEFT",,,,,,,,,,,,,,,,,,,,,,,,,,,,,,,,,
"752751","JC459342","2019-10-04T02:20:00","3","PARKED",,"715076",,"CHEVROLET","EQUINOX","IL","2017","NONE","PASSENGER","PERSONAL","S","PARKED",,,"0",,,,,,,,,,"true",,,,,,,,"REAR-LEFT",,,,,,,,,,,,,,,,,,,,,,,,,,,,,,,,,
"752746","JC459331","2019-10-04T02:05:00","1","DRIVER",,"715072",,"FORD","UNKNOWN","IL","2018","NONE","TRUCK - SINGLE UNIT","PERSONAL","E","TURNING LEFT","true",,"1",,"streets & sanitations","400 e lower wacker",,"true",,,,,,,,,,"true","true",,"OTHER",,,,,,,,,,,,,,,,,,,,,,,,,,,,,,,,,
"752752","JC459333","2019-10-04T02:00:00","1","DRIVER","1","715078",,"MITSUBISHI","MITSUBISHI","IL","2012","NONE","PASSENGER","PERSONAL","W","CHANGING LANES","true",,"2",,"UNKNOWN","UNKNOWN",,"true","true",,,,,,,,,,,,"FRONT",,,,,,,,,,,,,,,,,,,,,,,,,,,,,,,,,
"752753","JC459333","2019-10-04T02:00:00","2","DRIVER",,"715080",,"BMW","UNKNOWN","IL","2015","NONE","PASSENGER","PERSONAL","W","STRAIGHT AHEAD",,,"1",,,,,,,,,,,"true","true",,,,,,"SIDE-LEFT",,,,,,,,,,,,,,,,,,,,,,,,,,,,,,,,,
"752747","JC459329","2019-10-04T01:52:00","1","DRIVER",,"715073",,"CHEVROLET","SILVERADO","IL","2019","UNKNOWN","PICKUP","UNKNOWN/NA","N","TURNING RIGHT",,,"1",,,,,,,,,"true",,,,,,,,,"REAR-RIGHT",,,,,,,,,,,,,,,,,,,,,,,,,,,,,,,,,
"752748","JC459329","2019-10-04T01:52:00","2","DRIVER",,"715075",,"MERCEDES-BENZ","UNKNOWN","IL","2015","UNKNOWN","PASSENGER","UNKNOWN/NA","N","STRAIGHT AHEAD",,,"1",,,,,,,,,,,,,,,,"true",,"OTHER",,,,,,,,,,,,,,,,,,,,,,,,,,,,,,,,,
"752930","JC459684","2019-10-04T01:45:00","1","DRIVER",,"715246",,"BUICK","UNKNOWN",,"2018","UNKNOWN","PASSENGER","UNKNOWN/NA","N","STRAIGHT AHEAD",,,"1",,,,,,,,,,,,,,,,"true",,"OTHER",,,,,,,,,,,,,,,,,,,,,,,,,,,,,,,,,
"752931","JC459684","2019-10-04T01:45:00","2","DRIVER",,"715244",,"TOYOTA MOTOR COMPANY, LTD.","CAMRY","IL","2009","UNKNOWN","PASSENGER","UNKNOWN/NA","W","STRAIGHT AHEAD",,,"1",,,,,,"false","false","false",,,,"true","true","true",,,,"ROOF",,,,,,,,,,,,,,,,,,,,,,,,,,,,,,,,,
"752736","JC459296","2019-10-04T00:34:00","1","DRIVER","1","715063",,"HYUNDAI","SONATA","IL","2006","UNKNOWN","PASSENGER","PERSONAL","N","OTHER",,,"2",,,,,"true",,,,,,,,,,,,,"FRONT",,,,,,,,,,,,,,,,,,,,,,,,,,,,,,,,,
"752737","JC459296","2019-10-04T00:34:00","2","PARKED",,"715064",,"GENERAL MOTORS CORP.","UNKNOWN","IL","2006","UNKNOWN","PASSENGER","PERSONAL","N","PARKED",,,"0",,,,,,,,,,,,,,,"true",,,"TOTAL (ALL AREAS)",,,,,,,,,,,,,,,,,,,,,,,,,,,,,,,,,
"752728","JC459298","2019-10-04T00:30:00","1","DRIVER",,"715054",,"INFINITI","UNKNOWN","IL","2015","NONE","PASSENGER","PERSONAL","E","BACKING",,,"1",,,,,,,,,,"true",,,,,,,,"REAR-LEFT",,,,,,,,,,,,,,,,,,,,,,,,,,,,,,,,,
"752729","JC459298","2019-10-04T00:30:00","2","DRIVER",,"715061",,"MITSUBISHI","Outlander","IL","2011","NONE","PASSENGER","PERSONAL","W","STRAIGHT AHEAD",,,"1",,,,,,,,,,,,,,,,"true",,"OTHER",,,,,,,,,,,,,,,,,,,,,,,,,,,,,,,,,
"752865","JC459564","2019-10-04T00:01:00","2","PARKED",,"715194",,"CHEVROLET","MALIBU (CHEVELLE)","IL","2018","NONE","PASSENGER","OTHER","E","PARKED",,,"0",,,,,,,,,,,,,,,"true",,,"TOTAL (ALL AREAS)",,,,,,,,,,,,,,,,,,,,,,,,,,,,,,,,,
"752784","JC459390","2019-10-04T00:01:00","2","PARKED",,"715109",,"NISSAN","VERSA","IL","2020","NONE","PASSENGER","NOT IN USE","N","PARKED",,,"0",,,,,,,,,"true",,,,,,,,,"REAR-RIGHT",,,,,,,,,,,,,,,,,,,,,,,,,,,,,,,,,
"752822","JC459491","2019-10-04T00:00:00","2","PARKED",,"715146",,"LEXUS","IS250","IL","2006","NONE","PASSENGER","PERSONAL","S","PARKED",,,"0",,,,,,,,,,,,"true","true","true","true",,,"ROOF",,,,,,,,,,,,,,,,,,,,,,,,,,,,,,,,,
"752797","JC459420","2019-10-04T00:00:00","2","PARKED",,"715120",,"KIA MOTORS CORP","SORENTO",,"2008","NONE","PASSENGER","PERSONAL","N","PARKED",,,"0",,,,,,,,,,,,,"true","true","true",,,"ROOF",,,,,,,,,,,,,,,,,,,,,,,,,,,,,,,,,
"752726","JC459276","2019-10-04T00:00:00","1","DRIVER",,"715052",,"DODGE","CHARGER","IL","2017","NONE","PASSENGER","PERSONAL","N","STRAIGHT AHEAD",,,"1",,,,,"true",,,,,,,,,,,,,"FRONT",,,,,,,,,,,,,,,,,,,,,,,,,,,,,,,,,
"752727","JC459276","2019-10-04T00:00:00","2","PARKED",,"715056",,"FORD","FUSION","IL","2015","NONE","PASSENGER","NOT IN USE","N","PARKED",,,"0",,,,,,,,,,,"true",,,,,,,"SIDE-LEFT",,,,,,,,,,,,,,,,,,,,,,,,,,,,,,,,,
"752733","JC459280","2019-10-03T23:56:00","2","DRIVER",,"715059",,"CHEVROLET","IMPALA","IL","2016","NONE","PASSENGER","PERSONAL","N","STRAIGHT AHEAD",,,"1",,,,,,,,,"true","true","true",,,,,,,"REAR",,,,,,,,,,,,,,,,,,,,,,,,,,,,,,,,,
"752724","JC459281","2019-10-03T23:55:00","1","DRIVER",,"715050",,"NISSAN","NISSAN ALTIMA","IL","2014","UNKNOWN","PASSENGER","PERSONAL","S","BACKING",,,"1",,,,,,,,,"true",,,,,,,,,"REAR",,,,,,,,,,,,,,,,,,,,,,,,,,,,,,,,,
"752725","JC459281","2019-10-03T23:55:00","2","PARKED",,"715058",,"FORD","EXPLORER","IL","2018","UNKNOWN","PASSENGER","NOT IN USE","UNKNOWN","PARKED",,,"0",,,,,"true",,,,,,,,,,,,,"FRONT",,,,,,,,,,,,,,,,,,,,,,,,,,,,,,,,,
"752742","JC459275","2019-10-03T23:50:00","1","DRIVER",,"715069",,"FORD","Focus","IL","2013","NONE","PASSENGER","PERSONAL","N","PASSING/OVERTAKING","true",,"1",,,,,"true","true",,,,,,,,,,,,"FRONT",,,,,,,,,,,,,,,,,,,,,,,,,,,,,,,,,
"752743","JC459275","2019-10-03T23:50:00","2","DRIVER","2","715071",,"JEEP","PATRIOT","IL","2016","NONE","PASSENGER","TAXI/FOR HIRE","N","STRAIGHT AHEAD",,,"3",,,,,,,,,,,"true",,,,,,,"SIDE-LEFT",,,,,,,,,,,,,,,,,,,,,,,,,,,,,,,,,
"752720","JC459267","2019-10-03T23:40:00","1","DRIVER",,"715048",,"KIA MOTORS CORP","SORENTO","IL","2012","NONE","PASSENGER","PERSONAL","S","STRAIGHT AHEAD","true",,"1",,"unk- personal","unk- personal",,,,,,,,,,,,,"true",,"OTHER",,,,,,,,,,,,,,,,,,,,,,,,,,,,,,,,,
"752721","JC459267","2019-10-03T23:40:00","2","DRIVER",,"715049",,"NISSAN","NISSAN ALTIMA","IL","2015","NONE","PASSENGER","PERSONAL","W","STRAIGHT AHEAD","true",,"1",,"unk-Personal","unk-Personal",,,"true","true","true",,,,,,,,,,"SIDE-RIGHT",,,,,,,,,,,,,,,,,,,,,,,,,,,,,,,,,
"752926","JC459574","2019-10-03T23:30:00","2","PARKED",,"715240",,"NISSAN","Quest","IL","2014","NONE","PASSENGER","NOT IN USE","N","PARKED",,,"0",,,,,"true","true",,,,,,,,,,,,"FRONT",,,,,,,,,,,,,,,,,,,,,,,,,,,,,,,,,
"752718","JC459263","2019-10-03T23:23:00","1","DRIVER",,"715045",,"FORD","ESCAPE (SUV)","IL","2016","NONE","SPORT UTILITY VEHICLE (SUV)","PERSONAL","N","TURNING LEFT",,,"1",,,,,,,,,,,,,,,,,,"NONE",,,,,,,,,,,,,,,,,,,,,,,,,,,,,,,,,
"752719","JC459263","2019-10-03T23:23:00","2","PARKED",,"715046",,"HONDA","ACCORD","IL","2010","NONE","PASSENGER","RIDESHARE SERVICE","S","PARKED IN TRAFFIC LANE",,,"0",,,,,,,,"true","true",,,,,,,,,"REAR",,,,,,,,,,,,,,,,,,,,,,,,,,,,,,,,,
"752708","JC459227","2019-10-03T22:15:00","2","DRIVER",,"715036",,"FORD","UNKNOWN",,"2018","UNKNOWN","PASSENGER","PERSONAL","UNKNOWN","UNKNOWN/NA",,,"1",,,,,,,,,,"true",,,,,,,,"REAR-LEFT",,,,,,,,,,,,,,,,,,,,,,,,,,,,,,,,,
"752702","JC459238","2019-10-03T22:11:00","1","DRIVER",,"715028",,"BMW","UNKNOWN","IL","2010","UNKNOWN","PASSENGER","UNKNOWN/NA","W","CHANGING LANES",,,"1",,,,,,,,,,,,,"true",,,,,"ROOF",,,,,,,,,,,,,,,,,,,,,,,,,,,,,,,,,
"752703","JC459238","2019-10-03T22:11:00","2","DRIVER",,"715031",,"KIA MOTORS CORP","Sportage (sport utility)","IL","2018","UNKNOWN","SPORT UTILITY VEHICLE (SUV)","PERSONAL","W","STRAIGHT AHEAD",,,"1",,,,,"true","true",,,,,,,,,,,,"SIDE-RIGHT",,,,,,,,,,,,,,,,,,,,,,,,,,,,,,,,,
"752709","JC459214","2019-10-03T22:08:00","1","DRIVER",,"715037",,"TOYOTA MOTOR COMPANY, LTD.","CAMRY","IL","2016","NONE","PASSENGER","PERSONAL","S","STRAIGHT AHEAD","true",,"1",,"a&e","6804 s south chicago ave",,"true","true","true","true","true","true","true","true","true","true","true","true",,,,,,,,,,,,,,,,,,,,,,,,,,,,,,,,,,,
"754545","JC462469","2019-10-03T22:00:00","2","PARKED","1","716749",,"NISSAN","Murano","IL","2011","UNKNOWN","SPORT UTILITY VEHICLE (SUV)","PERSONAL","UNKNOWN","PARKED",,,"1",,,,,,,,"true","true",,,,,,,,,"ROOF",,,,,,,,,,,,,,,,,,,,,,,,,,,,,,,,,
"752705","JC459226","2019-10-03T22:00:00","2","PARKED",,"715030",,"CHEVROLET","EQUINOX","IL","2019","NONE","PASSENGER","PERSONAL","UNKNOWN","PARKED","true",,"0",,"PRIVATE",,,,,,,,"true","true","true",,,,,,"FRONT-LEFT",,,,,,,,,,,,,,,,,,,,,,,,,,,,,,,,,
"752706","JC459226","2019-10-03T22:00:00","3","PARKED",,"715032",,"DODGE","JOURNEY","IL","2015","NONE","VAN/MINI-VAN","PERSONAL","UNKNOWN","PARKED",,,"0",,,,,,,,,,"true",,,,,,,,"REAR-LEFT",,,,,,,,,,,,,,,,,,,,,,,,,,,,,,,,,
"752699","JC459201","2019-10-03T21:50:00","2","PARKED",,"715029",,"TOYOTA MOTOR COMPANY, LTD.","COROLLA","WI","2008","NONE","PASSENGER","PERSONAL","S","PARKED",,,"0",,,,,,,,,,,,,"true","true","true",,,"ROOF",,,,,,,,,,,,,,,,,,,,,,,,,,,,,,,,,
"753003","JC459777","2019-10-03T21:40:00","1","DRIVER",,"715319",,"NISSAN","NISSAN ALTIMA","IL","2010","UNKNOWN","UNKNOWN/NA","PERSONAL","E","STARTING IN TRAFFIC",,,"1",,,,,,,,,,,,,,,"true",,,"OTHER",,,,,,,,,,,,,,,,,,,,,,,,,,,,,,,,,
"752945","JC459705","2019-10-03T21:36:00","1","DRIVER",,"715257",,"DODGE","JOURNEY","IL","2018","UNKNOWN","SPORT UTILITY VEHICLE (SUV)","UNKNOWN/NA","W","STRAIGHT AHEAD",,,"1",,,,,,,,,,,,,,,"true",,,"TOTAL (ALL AREAS)",,,,,,,,,,,,,,,,,,,,,,,,,,,,,,,,,
"752689","JC459186","2019-10-03T21:25:00","1","DRIVER",,"715016",,"TOYOTA MOTOR COMPANY, LTD.","UNKNOWN","IL","2007","UNKNOWN","PASSENGER","PERSONAL","N","TURNING LEFT",,,"1",,,,,"true",,,,,,,,,,,,,"FRONT",,,,,,,,,,,,,,,,,,,,,,,,,,,,,,,,,
"752690","JC459186","2019-10-03T21:25:00","2","DRIVER","1","715022",,"NISSAN","ROGUE","IL","2015","UNKNOWN","PASSENGER","PERSONAL","W","STRAIGHT AHEAD",,,"2",,,,,,,,,,,"true","true",,,,,,"SIDE-LEFT",,,,,,,,,,,,,,,,,,,,,,,,,,,,,,,,,
"753189","JC459155","2019-10-03T21:14:00","1","DRIVER","1","715481",,"HYUNDAI","ELANTRA","IL","2006","UNKNOWN","PASSENGER","PERSONAL","N","STRAIGHT AHEAD","true",,"2",,"city of chicago","701 N SACRAMENTO",,"true","true",,,"true","true","true",,,"true","true","true",,"SIDE-RIGHT",,,,,,,,,,,,,,,,,,,,,,,,,,,,,,,,,
"752684","JC459161","2019-10-03T21:10:00","2","DRIVER","1","715010","false","WABCO CONSTRUCTION & MINING EQUIPMENT GROUP","WABCO CONSTRUCTION & MINING EQUIPMENT GROUP","IL","2018","NONE","TRUCK - SINGLE UNIT","OTHER","E","BACKING",,,"2",,,,,,,,,,,"true",,,,,,,"SIDE-LEFT",,,,,,,,,,,,,,,,,,,,,,,,,,,,,,,,,
"752685","JC459182","2019-10-03T21:09:00","1","DRIVER",,"715014",,"GENERAL MOTORS CORP.","YUKON","IL","2007","UNKNOWN","UNKNOWN/NA","UNKNOWN/NA","E","TURNING LEFT",,,"1",,,,,"true","true","true","true",,,,,,,,,,"FRONT",,,,,,,,,,,,,,,,,,,,,,,,,,,,,,,,,
"752686","JC459182","2019-10-03T21:09:00","2","DRIVER","1","715018",,"TOYOTA MOTOR COMPANY, LTD.","CAMRY","IL","2016","UNKNOWN","PASSENGER","PERSONAL","E","STRAIGHT AHEAD",,,"2",,,,,,,,,,,,"true","true","true","true",,,"ROOF",,,,,,,,,,,,,,,,,,,,,,,,,,,,,,,,,
"752694","JC459151","2019-10-03T21:04:00","1","DRIVER",,"715015",,"SUBARU","SUBARU","IL","2019","NONE","PASSENGER","PERSONAL","N","TURNING LEFT","true",,"1",,,,,"true",,,,,,,,,,,"true",,"FRONT",,,,,,,,,,,,,,,,,,,,,,,,,,,,,,,,,
"752695","JC459151","2019-10-03T21:04:00","2","DRIVER",,"715024",,"VOLKSWAGEN","VOLKSWAGEN",,"2007","NONE","PASSENGER","PERSONAL","S","STRAIGHT AHEAD","true",,"1",,,,,"true",,,,,,,,,,"true","true",,"OTHER",,,,,,,,,,,,,,,,,,,,,,,,,,,,,,,,,
"752894","JC459612","2019-10-03T21:00:00","2","PARKED",,"715213",,"FORD","Focus","IL","2018","NONE","PASSENGER","PERSONAL","S","PARKED",,,"0",,,,,,,,,,,"true","true","true","true","true",,,"ROOF",,,,,,,,,,,,,,,,,,,,,,,,,,,,,,,,,
"752714","JC459259","2019-10-03T21:00:00","2","PARKED","1","715042",,"NISSAN","SENTRA (DATSUN AND NISSAN HAVE MERGED)","IL","2010","UNKNOWN","PASSENGER","PERSONAL","S","PARKED",,,"1",,,,,,,,,"true",,,,,,,,,"REAR",,,,,,,,,,,,,,,,,,,,,,,,,,,,,,,,,
"752679","JC459176","2019-10-03T20:50:00","1","DRIVER",,"715007",,"VOLKSWAGEN","JETTA","IL","2017","NONE","PASSENGER","PERSONAL","N","STRAIGHT AHEAD",,,"1",,,,,,,,,,,,,,,,"true",,"OTHER",,,,,,,,,,,,,,,,,,,,,,,,,,,,,,,,,
"752680","JC459176","2019-10-03T20:50:00","2","DRIVER",,"715011",,"HYUNDAI","Accent","OH","2013","NONE","PASSENGER","PERSONAL","N","STRAIGHT AHEAD",,,"1",,,,,,,,,,"true",,,,,,,,"REAR-LEFT",,,,,,,,,,,,,,,,,,,,,,,,,,,,,,,,,
"752675","JC459133","2019-10-03T20:35:00","1","DRIVER",,"715001",,"CHEVROLET","SUBURBAN","IL","2017","NONE","SPORT UTILITY VEHICLE (SUV)","TAXI/FOR HIRE","W","PASSING/OVERTAKING",,,"1",,,,,"true","true","true",,,,,,,,,,,,,,,,,,,,,,,,,,,,,,,,,,,,,,,,,,,,
"752740","JC459317","2019-10-03T20:30:00","1","DRIVER",,"715067",,"HONDA","ACCORD",,"2016","NONE","PASSENGER","PERSONAL","N","STRAIGHT AHEAD",,,"1",,,,,,"true","true","true",,,,,,,"false",,,"SIDE-RIGHT",,,,,,,,,,,,,,,,,,,,,,,,,,,,,,,,,
"752741","JC459317","2019-10-03T20:30:00","2","DRIVER",,"715068",,"TOYOTA MOTOR COMPANY, LTD.","CAMRY","IL","2014","NONE","PASSENGER","TAXI/FOR HIRE","N","STRAIGHT AHEAD",,,"1",,,,,,,,,,,,,,,"true",,,"TOTAL (ALL AREAS)",,,,,,,,,,,,,,,,,,,,,,,,,,,,,,,,,
"752665","JC459153","2019-10-03T20:30:00","2","DRIVER",,"714991",,"CHEVROLET","IMPALA","IL","2019","NONE","PASSENGER","PERSONAL","S","STRAIGHT AHEAD",,,"1",,,,,,,,,"true","true","true",,,,,,,"REAR-LEFT",,,,,,,,,,,,,,,,,,,,,,,,,,,,,,,,,
"752654","JC459131","2019-10-03T20:30:00","1","DRIVER",,"714980",,"JEEP","Liberty","IL","2008","NONE","PASSENGER","PERSONAL","S","STRAIGHT AHEAD",,,"1",,,,"true",,,,,,,,,,,,,,"OTHER",,,,,,,,,,,,,,,,,,,,,,,,,,,,,,,,,
"752655","JC459131","2019-10-03T20:30:00","2","DRIVER",,"714983",,"KIA MOTORS CORP","SORENTO","IL","2016","NONE","PASSENGER","PERSONAL","S","SLOW/STOP IN TRAFFIC",,,"1",,,,,,,,,"true","true","true",,,,,,,"REAR-LEFT",,,,,,,,,,,,,,,,,,,,,,,,,,,,,,,,,
"757342","JC467879","2019-10-03T20:15:00","2","DRIVER",,"719392",,"CHEVROLET","UNKNOWN","IL","2017","UNKNOWN","PASSENGER","PERSONAL","E","SLOW/STOP IN TRAFFIC",,,"1",,,,,,,,,"true",,,,,,,,,"REAR",,,,,,,,,,,,,,,,,,,,,,,,,,,,,,,,,
"752657","JC459108","2019-10-03T20:15:00","2","DRIVER",,"714986",,"HONDA","ACCORD","IL","2017","NONE","PASSENGER","PERSONAL","N","STRAIGHT AHEAD",,,"1",,,,,"true","true","true","true","true",,,,,,,,,"FRONT",,,,,,,,,,,,,,,,,,,,,,,,,,,,,,,,,
"752669","JC459152","2019-10-03T20:11:00","2","PARKED",,"715005",,"CHEVROLET","Express (full-size van)","SC","2019","UNKNOWN","PASSENGER","PERSONAL","W","PARKED",,,"0",,,,,,,,,,,,"true","true","true","false",,,"SIDE-LEFT",,,,,,,,,,,,,,,,,,,,,,,,,,,,,,,,,
"752647","JC459114","2019-10-03T20:10:00","2","DRIVERLESS",,"714977",,"FORD","Focus","IL","2017","UNKNOWN","PASSENGER","PERSONAL","S","PARKED",,,"0",,,,,,,,,,,"true",,,,,,,"SIDE-LEFT",,,,,,,,,,,,,,,,,,,,,,,,,,,,,,,,,
"752682","JC459083","2019-10-03T20:05:00","2","DRIVER","2","715009",,"FORD","ESCAPE (SUV)","IL","2013","NONE","PASSENGER","PERSONAL","E","STRAIGHT AHEAD","false",,"3",,,,,,,,,"true","true","true",,,,,,,"REAR-LEFT",,,,,,,,,,,,,,,,,,,,,,,,,,,,,,,,,
"752648","JC459111","2019-10-03T20:00:00","1","DRIVER",,"714975",,"HYUNDAI","SONATA","IL","2018","NONE","PASSENGER","PERSONAL","E","STRAIGHT AHEAD",,,"1",,,,,"true",,,,,,,,,,,,,"FRONT",,,,,,,,,,,,,,,,,,,,,,,,,,,,,,,,,
"752649","JC459111","2019-10-03T20:00:00","2","DRIVER",,"714988",,"CADILLAC","ELDORADO","IL","2008","NONE","BUS OVER 15 PASS.","COMMERCIAL - MULTI-UNIT","E","STRAIGHT AHEAD",,,"1",,,,,,,,,,,"true",,,,,,,"SIDE-LEFT",,,,,,,,,,,,,,,,,,,,,,,,,,,,,,,,,
"752644","JC459092","2019-10-03T19:28:00","1","DRIVER",,"714969",,"HONDA","CRV","IL","2017","UNKNOWN","PASSENGER","PERSONAL","S","TURNING RIGHT","true",,"1",,"unk",,,,,,,,,,,,"true","true",,,"TOTAL (ALL AREAS)",,,,,,,,,,,,,,,,,,,,,,,,,,,,,,,,,
"752645","JC459092","2019-10-03T19:28:00","2","DRIVER",,"714971",,"GENERAL MOTORS CORP.","UNKNOWN","IL","2010","UNKNOWN","PASSENGER","PERSONAL","W","STRAIGHT AHEAD",,,"1",,,,,,,,,,,,,,,,,,"OTHER",,,,,,,,,,,,,,,,,,,,,,,,,,,,,,,,,
"752640","JC459104","2019-10-03T19:21:00","1","DRIVER",,"714965",,"VOLKSWAGEN","PASSAT","IL","2017","UNKNOWN","PASSENGER","PERSONAL","E","STRAIGHT AHEAD",,,"2",,,,,,,,,,,,,,,,"true",,"OTHER",,,,,,,,,,,,,,,,,,,,,,,,,,,,,,,,,
"752641","JC459104","2019-10-03T19:21:00","2","DRIVER",,"714968",,"FORD","FIESTA","IL","2015","UNKNOWN","PASSENGER","PERSONAL","E","SLOW/STOP IN TRAFFIC",,,"1",,,,,,,,,,"true",,,,,,,,"REAR-LEFT",,,,,,,,,,,,,,,,,,,,,,,,,,,,,,,,,
"753353","JC460412","2019-10-03T19:20:00","1","DRIVER",,"715663",,"NISSAN","UNKNOWN","IL","2013","NONE","PASSENGER","PERSONAL","S","STRAIGHT AHEAD",,,"1",,,,,,,,,,,,,,,,,,"UNKNOWN",,,,,,,,,,,,,,,,,,,,,,,,,,,,,,,,,
"753354","JC460412","2019-10-03T19:20:00","2","DRIVER",,"715660",,"FORD","ESCAPE (SUV)","IL","2010","NONE","PASSENGER","PERSONAL","N","TURNING LEFT",,,"1",,,,,"true","true","true",,,,,,,,,,,,,,,,,,,,,,,,,,,,,,,,,,,,,,,,,,,,
"752661","JC459081","2019-10-03T19:20:00","2","DRIVER","1","714993",,"KIA MOTORS CORP","KIA MOTORS CORP","NY","2020","UNKNOWN","PASSENGER","PERSONAL","N","STRAIGHT AHEAD",,,"2",,,,,,,,,,,,,,,"true","true",,"TOTAL (ALL AREAS)",,,,,,,,,,,,,,,,,,,,,,,,,,,,,,,,,
"752650","JC459046","2019-10-03T19:20:00","1","DRIVER",,"714976",,"TOYOTA MOTOR COMPANY, LTD.","Prius","IL","2006","UNKNOWN","PASSENGER","PERSONAL","N","STRAIGHT AHEAD",,,"1",,,,,"true",,,,,,,,,,"true","true",,"OTHER",,,,,,,,,,,,,,,,,,,,,,,,,,,,,,,,,
"752651","JC459046","2019-10-03T19:20:00","2","DRIVER",,"714984",,"LEXUS","ES350","IL","2018","UNKNOWN","PASSENGER","PERSONAL","N","STRAIGHT AHEAD",,,"1",,,,,,,,,"true","true","true",,,,,,,"REAR-LEFT",,,,,,,,,,,,,,,,,,,,,,,,,,,,,,,,,
"752624","JC459068","2019-10-03T19:18:00","1","DRIVER",,"714949",,"VOLKSWAGEN","TIGUAN","IL","2014","NONE","SPORT UTILITY VEHICLE (SUV)","PERSONAL","E","STRAIGHT AHEAD",,,"1",,,,,,,,,,,,,,,,"true",,"OTHER",,,,,,,,,,,,,,,,,,,,,,,,,,,,,,,,,
"752625","JC459068","2019-10-03T19:18:00","2","DRIVER",,"714953",,"BUICK","BUICK","IL","2015","NONE","SPORT UTILITY VEHICLE (SUV)","PERSONAL","E","SLOW/STOP IN TRAFFIC",,,"3",,,,,,,,,,"true",,,,,,,,"REAR-LEFT",,,,,,,,,,,,,,,,,,,,,,,,,,,,,,,,,
"755809","JC465072","2019-10-03T19:15:00","1","DRIVER",,"717933",,"CHEVROLET","CRUZE","IL","2013","NONE","PASSENGER","PERSONAL","S","TURNING LEFT",,,"1",,,,,"true","true",,,,,,,,,,,,"FRONT",,,,,,,,,,,,,,,,,,,,,,,,,,,,,,,,,
"755810","JC465072","2019-10-03T19:15:00","2","DRIVER",,"717954",,"HONDA","CIVIC","IL","2015","NONE","PASSENGER","PERSONAL","E","TURNING RIGHT",,,"1",,,,,,,,,,,"true","true",,,,,,"SIDE-LEFT",,,,,,,,,,,,,,,,,,,,,,,,,,,,,,,,,
"753073","JC459938","2019-10-03T19:15:00","2","DRIVER",,"715391",,"BMW","540","IL","2018","NONE","PASSENGER","PERSONAL","N","TURNING LEFT",,,"1",,,,,,,,,,,,,"true","true",,,,"UNDER CARRIAGE",,,,,,,,,,,,,,,,,,,,,,,,,,,,,,,,,