"crash_unit_id","rd_no","crash_date","unit_no","unit_type","num_passengers","vehicle_id","cmrc_veh_i","make","model","lic_plate_state","vehicle_year","vehicle_defect","vehicle_type","vehicle_use","travel_direction","maneuver","towed_i","fire_i","occupant_cnt","exceed_speed_limit_i","towed_by","towed_to","area_00_i","area_01_i","area_02_i","area_03_i","area_04_i","area_05_i","area_06_i","area_07_i","area_08_i","area_09_i","area_10_i","area_11_i","area_12_i","area_99_i","first_contact_point","cmv_id","usdot_no","ccmc_no","ilcc_no","commercial_src","gvwr","carrier_name","carrier_state","carrier_city","hazmat_placards_i","hazmat_name","un_no","hazmat_present_i","hazmat_report_i","hazmat_report_no","mcs_report_i","mcs_report_no","hazmat_vio_cause_crash_i","mcs_vio_cause_crash_i","idot_permit_no","wide_load_i","trailer1_width","trailer2_width","trailer1_length","trailer2_length","total_vehicle_length","axle_cnt","vehicle_config","cargo_body_type","load_type","hazmat_out_of_service_i","mcs_out_of_service_i","hazmat_class"
"752338","JC458617","2019-10-03T13:40:00","1","DRIVER",,"714681",,"GENERAL MOTORS CORP.","UNKNOWN","IL","2006","UNKNOWN","PASSENGER","PERSONAL","N","STRAIGHT AHEAD",,,"1",,,,"true","true",,,,,,,,,,"true","true",,,,,,,,,,,,,,,,,,,,,,,,,,,,,,,,,,,
"752339","JC458617","2019-10-03T13:40:00","2","DRIVER",,"714685",,"TOYOTA MOTOR COMPANY, LTD.","CAMRY","IL","2013","UNKNOWN","PASSENGER","TAXI/FOR HIRE","W","STRAIGHT AHEAD",,,"1",,,,,"true",,,,,,,,,,"true","true",,"OTHER",,,,,,,,,,,,,,,,,,,,,,,,,,,,,,,,,
"752293","JC458562","2019-10-03T13:40:00","1","DRIVER",,"714635",,"NISSAN","NISSAN ALTIMA","IL","2011","NONE","PASSENGER","TAXI/FOR HIRE","N","STRAIGHT AHEAD",,,"1",,,,,"true","true",,,,,,,,,,,,"FRONT",,,,,,,,,,,,,,,,,,,,,,,,,,,,,,,,,
"752308","JC458557","2019-10-03T13:40:00","2","DRIVER",,"714649",,"JEEP","JEEP - YEAR GREATER 1988","IL","2012","UNKNOWN","SPORT UTILITY VEHICLE (SUV)","PERSONAL","W","SLOW/STOP IN TRAFFIC",,,"1",,,,,,,,,,"true",,,,,,"true",,"REAR-LEFT",,,,,,,,,,,,,,,,,,,,,,,,,,,,,,,,,
"752309","JC458557","2019-10-03T13:40:00","3","DRIVER",,"714657",,"MERCEDES-BENZ","MERCEDES-BENZ","IL","2017","UNKNOWN","VAN/MINI-VAN","OTHER","W","SLOW/STOP IN TRAFFIC",,,"1",,,,,,,,,,"true",,,,,,,,"REAR-LEFT",,,,,,,,,,,,,,,,,,,,,,,,,,,,,,,,,
"753065","JC459846","2019-10-03T13:30:00","2","DRIVER",,"715465",,"TOYOTA MOTOR COMPANY, LTD.","RAV4 (sport utility)","IL","2018","NONE","PASSENGER","PERSONAL","S","STRAIGHT AHEAD",,,"1",,,,,,,,,"true","true","true",,,,,,,"REAR-LEFT",,,,,,,,,,,,,,,,,,,,,,,,,,,,,,,,,
"752555","JC458894","2019-10-03T13:30:00","2","DRIVER",,"714880","true","KENWORTH MOTOR TRUCK CO.","KENWORTH MOTOR TRUCK CO.","WI","2012","NONE","TRACTOR W/O SEMI-TRAILER","COMMERCIAL - SINGLE UNIT","S","STRAIGHT AHEAD",,,"1",,,,,,,,,,,,,,,"true",,,"TOTAL (ALL AREAS)","8320",,,,"PAPERS","3","BIRCHWOOD TRANSPORT INC",,,,,,"N","N",,"N",,"N","N",,,,,,,,,"TRACTOR/SEMI-TRAILER","OTHER","OTHER","false",,
"752344","JC458582","2019-10-03T13:30:00","1","PARKED","1","714683",,"TOYOTA MOTOR COMPANY, LTD.","TOYOTA","IL","2015","NONE","PASSENGER","POLICE","E","PARKED",,,"1",,,,,,,,,,,,,,"true",,,,"ROOF",,,,,,,,,,,,,,,,,,,,,,,,,,,,,,,,,
"752345","JC458582","2019-10-03T13:30:00","2","DRIVER",,"714686",,"HONDA","CIVIC","IL","2012","NONE","PASSENGER","PERSONAL","E","STRAIGHT AHEAD",,,"1",,,,,,,"true",,,,,,,,,,,"SIDE-RIGHT",,,,,,,,,,,,,,,,,,,,,,,,,,,,,,,,,
"752347","JC458570","2019-10-03T13:30:00","1","DRIVER",,"714688",,"HYUNDAI","SONATA","IL","2017","NONE","PASSENGER","PERSONAL","N","BACKING",,,"1",,,,,,,,,,"true",,,,,,,,"REAR-LEFT",,,,,,,,,,,,,,,,,,,,,,,,,,,,,,,,,
"752348","JC458570","2019-10-03T13:30:00","2","DRIVER",,"714697",,"CHEVROLET","IMPALA","IL","2006","NONE","PASSENGER","PERSONAL","W","OTHER",,,"1",,,,,,,,,,,,"true","true",,,,,"SIDE-RIGHT",,,,,,,,,,,,,,,,,,,,,,,,,,,,,,,,,
"752298","JC458551","2019-10-03T13:30:00","2","DRIVER",,"714639",,"SCION","XB","FL","2010","NONE","PASSENGER","PERSONAL","W","ENTER FROM DRIVE/ALLEY",,,"1",,,,,,,,,,,,,,,,"true",,"OTHER",,,,,,,,,,,,,,,,,,,,,,,,,,,,,,,,,
"752277","JC458528","2019-10-03T13:30:00","1","DRIVER",,"714662",,"NISSAN","Murano","IL","2017","NONE","PASSENGER","PERSONAL","S","TURNING LEFT",,,"1",,,,,"true",,,,,,,,,,,,,"FRONT",,,,,,,,,,,,,,,,,,,,,,,,,,,,,,,,,
"752281","JC458534","2019-10-03T13:17:00","1","DRIVER",,"714627",,"TOYOTA MOTOR COMPANY, LTD.","CAMRY","IL","2011","NONE","PASSENGER","PERSONAL","W","PASSING/OVERTAKING",,,"1",,,,,,"true","true","true",,,,,,,,,,"SIDE-RIGHT",,,,,,,,,,,,,,,,,,,,,,,,,,,,,,,,,
"752282","JC458534","2019-10-03T13:17:00","2","DRIVER",,"714633",,"FREIGHTLINER CORP.","FREIGHTLINER CORP.","IL","2014","NONE","TRACTOR W/ SEMI-TRAILER","OTHER","W","SLOW/STOP IN TRAFFIC",,,"1",,,,,,,,,,,"true",,,,,,,"ROOF",,,,,,,,,,,,,,,,,,,,,,,,,,,,,,,,,
"752265","JC458518","2019-10-03T13:15:00","1","DRIVER",,"714612",,"TOYOTA MOTOR COMPANY, LTD.","UNKNOWN","IL","2011","UNKNOWN","PASSENGER","PERSONAL","W","STRAIGHT AHEAD",,,"1",,,,,,,,,,,,,,,"true",,,"TOTAL (ALL AREAS)",,,,,,,,,,,,,,,,,,,,,,,,,,,,,,,,,
"752266","JC458518","2019-10-03T13:15:00","2","DRIVER",,"714623",,"DODGE","UNKNOWN","IL","2015","UNKNOWN","PICKUP","TOW TRUCK","W","STRAIGHT AHEAD",,,"1",,,,,"true",,,,,,,,,,,,,"FRONT",,,,,,,,,,,,,,,,,,,,,,,,,,,,,,,,,
"752295","JC458512","2019-10-03T13:11:00","1","DRIVER","1","714663",,"HYUNDAI","TUCSON","IL","2014","NONE","PASSENGER","PERSONAL","W","STRAIGHT AHEAD",,,"2",,,,,"true",,,,,,,,,,"true","true",,"OTHER",,,,,,,,,,,,,,,,,,,,,,,,,,,,,,,,,
"752296","JC458512","2019-10-03T13:11:00","2","DRIVER",,"714677",,"TOYOTA MOTOR COMPANY, LTD.","RAV4 (sport utility)","MN","2008","NONE","PASSENGER","PERSONAL","N","STRAIGHT AHEAD",,,"1",,,,,"true",,"true","true",,,,,,,,"true",,"SIDE-RIGHT",,,,,,,,,,,,,,,,,,,,,,,,,,,,,,,,,
"752327","JC458624","2019-10-03T13:00:00","2","PARKED",,"714668",,"TOYOTA MOTOR COMPANY, LTD.","COROLLA","IL","2010","NONE","PASSENGER","PERSONAL","UNKNOWN","PARKED",,,"0",,,,,,,,,"false","true","true",,,,,,,"SIDE-LEFT",,,,,,,,,,,,,,,,,,,,,,,,,,,,,,,,,
"752289","JC458516","2019-10-03T13:00:00","1","DRIVER",,"714637",,"INTERNATIONAL TRAILER CORP.","UNKNOWN","IL","2007","NONE","OTHER","OTHER","W","AVOIDING VEHICLES/OBJECTS",,,"1",,,,,"true","true","true","true","true",,,,,,,,,"SIDE-RIGHT",,,,,,,,,,,,,,,,,,,,,,,,,,,,,,,,,
"752290","JC458516","2019-10-03T13:00:00","2","PARKED",,"714631",,"SUBARU","OUTBACK","IL","2012","UNKNOWN","PASSENGER","NOT IN USE","W","PARKED","true",,"0",,,,,,,,,,,"true","true","true","true","true",,,"ROOF",,,,,,,,,,,,,,,,,,,,,,,,,,,,,,,,,
"752368","JC458698","2019-10-03T12:55:00","2","PARKED",,"714708","true","FREIGHTLINER CORP.","FREIGHTLINER CORP.","IL","2010","NONE","TRACTOR W/ SEMI-TRAILER","COMMERCIAL - SINGLE UNIT","W","PARKED",,,"0",,,,,,,,,,,,,,"true","true","true",,"TOTAL (ALL AREAS)","8318","0742910",,,"PAPERS","3","INTERMODAL BRIDGE TRANSPORT","IL","BEDFORD PARK",,,,,,,,,,,,,,,,,"55","5","TRACTOR/SEMI-TRAILER","VAN/ENCLOSED BOX",,,,
"752267","JC458484","2019-10-03T12:54:00","1","DRIVER",,"714614",,"GENERAL MOTORS CORP.","ACADIA","IL","2008","NONE","SPORT UTILITY VEHICLE (SUV)","PERSONAL","E","UNKNOWN/NA",,,"1",,,,,,,,,,,,,,"true","true",,,"TOTAL (ALL AREAS)",,,,,,,,,,,,,,,,,,,,,,,,,,,,,,,,,
"752268","JC458484","2019-10-03T12:54:00","2","DRIVER",,"714629",,"BMW","328i","IL","2011","NONE","PASSENGER","PERSONAL","E","SLOW/STOP IN TRAFFIC",,,"1",,,,,,,,"true","true","false",,,,,,,,"REAR",,,,,,,,,,,,,,,,,,,,,,,,,,,,,,,,,
"752508","JC458897","2019-10-03T12:51:00","1","DRIVER",,"714838",,"HYUNDAI","UNKNOWN","IL","2019","UNKNOWN","PASSENGER","UNKNOWN/NA","W","LEAVING TRAFFIC LANE TO PARK",,,"1",,,,,"true",,,,,,,,,,,,,"FRONT",,,,,,,,,,,,,,,,,,,,,,,,,,,,,,,,,
"752509","JC458897","2019-10-03T12:51:00","2","PARKED",,"714829",,"HYUNDAI","TUCSON","IL","2018","NONE","SPORT UTILITY VEHICLE (SUV)","PERSONAL","W","PARKED",,,"0",,,,,,,,,,,"true",,,,,,,"SIDE-LEFT",,,,,,,,,,,,,,,,,,,,,,,,,,,,,,,,,
"752269","JC458493","2019-10-03T12:38:00","1","DRIVER","4","714610",,"NISSAN","Pathfinder","IL","2015","UNKNOWN","SPORT UTILITY VEHICLE (SUV)","PERSONAL","W","STRAIGHT AHEAD",,,"5",,,,,"true","true",,,,,,,,,,"true",,"FRONT",,,,,,,,,,,,,,,,,,,,,,,,,,,,,,,,,
"752249","JC458451","2019-10-03T12:20:00","1","DRIVER",,"714590",,"HONDA","Odyssey (minivan)","IL","2013","UNKNOWN","PASSENGER","PERSONAL","S","OTHER",,,"1",,,,,,"true","true","true",,,,,,,,,,"SIDE-RIGHT",,,,,,,,,,,,,,,,,,,,,,,,,,,,,,,,,
"752250","JC458451","2019-10-03T12:20:00","2","PARKED",,"714593",,"HONDA","Odyssey (minivan)","IL","2013","UNKNOWN","PASSENGER","PERSONAL","S","PARKED",,,"0",,,,,,,,,,,,,,"true","true",,,"TOTAL (ALL AREAS)",,,,,,,,,,,,,,,,,,,,,,,,,,,,,,,,,
"752253","JC458437","2019-10-03T12:19:00","1","DRIVER",,"714596",,"FORD","EXPLORER","IL","2017","NONE","PASSENGER","POLICE","N","SLOW/STOP IN TRAFFIC",,,"1",,,,"true",,,,,,,,,,,,,,"OTHER",,,,,,,,,,,,,,,,,,,,,,,,,,,,,,,,,
"752254","JC458437","2019-10-03T12:19:00","2","DRIVER",,"714600",,"KIA MOTORS CORP","FORTE","IL","2017","NONE","PASSENGER","RIDESHARE SERVICE","N","SLOW/STOP IN TRAFFIC",,,"1",,,,"true",,,,,,,,,,,,,,"REAR-LEFT",,,,,,,,,,,,,,,,,,,,,,,,,,,,,,,,,
"752301","JC458569","2019-10-03T12:15:00","1","DRIVER",,"714642",,"CHEVROLET","IMPALA","IL","2008","UNKNOWN","PASSENGER","PERSONAL","N","STRAIGHT AHEAD",,,"1",,,,,,,,,,,,,,,,"true",,"OTHER",,,,,,,,,,,,,,,,,,,,,,,,,,,,,,,,,
"752302","JC458569","2019-10-03T12:15:00","2","DRIVER",,"714655",,"UNKNOWN","UNKNOWN","IL","2015","UNKNOWN","VAN/MINI-VAN","UNKNOWN/NA","N","STRAIGHT AHEAD",,,"1",,,,,,,,,,"true",,,,,,,,"REAR-LEFT",,,,,,,,,,,,,,,,,,,,,,,,,,,,,,,,,
"752255","JC458495","2019-10-03T12:15:00","1","DRIVER",,"714598",,"TOYOTA MOTOR COMPANY, LTD.","CAMRY","IL","2011","NONE","PASSENGER","PERSONAL","S","STRAIGHT AHEAD",,,"1",,,,,,,,,,,,,,,"true",,,"TOTAL (ALL AREAS)",,,,,,,,,,,,,,,,,,,,,,,,,,,,,,,,,
"752256","JC458495","2019-10-03T12:15:00","2","DRIVER",,"714615",,"CHEVROLET","CAMARO","IL","2008","NONE","PASSENGER","PERSONAL","N","TURNING LEFT",,,"1",,,,,,,,,,,,,,,"true","true",,"OTHER",,,,,,,,,,,,,,,,,,,,,,,,,,,,,,,,,
"752240","JC458414","2019-10-03T12:02:00","1","DRIVER",,"714586",,"CHEVROLET","CRUZE","IL","2015","NONE","PASSENGER","OTHER","W","STRAIGHT AHEAD",,,"1",,,,,"true",,,,,,,,,,"true","true",,"OTHER",,,,,,,,,,,,,,,,,,,,,,,,,,,,,,,,,
"752241","JC458414","2019-10-03T12:02:00","2","DRIVER","1","714594",,"BMW","UNKNOWN","IL","2018","NONE","PASSENGER","PERSONAL","W","SLOW/STOP IN TRAFFIC","true",,"2",,"private",,,"true",,,,"true","true","true",,,,"true","true",,"REAR-LEFT",,,,,,,,,,,,,,,,,,,,,,,,,,,,,,,,,
"752242","JC458414","2019-10-03T12:02:00","3","DRIVER",,"714597",,"HONDA","ACCORD","IL","2008","NONE","PASSENGER","PERSONAL","W","SLOW/STOP IN TRAFFIC",,,"1",,,,,,,,,"true","true","true",,,,,,,"REAR-LEFT",,,,,,,,,,,,,,,,,,,,,,,,,,,,,,,,,
"752352","JC458473","2019-10-03T12:00:00","2","PARKED",,"715217",,"VOLKSWAGEN","TIGUAN","IL","2017","UNKNOWN","SPORT UTILITY VEHICLE (SUV)","PERSONAL","S","PARKED","true",,"0",,"private",,,,,,,,"true","true","true",,,,,,"SIDE-LEFT",,,,,,,,,,,,,,,,,,,,,,,,,,,,,,,,,
"752353","JC458473","2019-10-03T12:00:00","3","PARKED",,"715249",,"FORD","FORD-TRUCK,VAN,SUV, ETC","IN","2015","UNKNOWN","PICKUP","OTHER","S","PARKED",,,"0",,,,"true",,,,,,,,,,,,,,"REAR-LEFT",,,,,,,,,,,,,,,,,,,,,,,,,,,,,,,,,
"752217","JC458421","2019-10-03T12:00:00","1","DRIVER",,"714563",,"ISUZU","UNKNOWN","WI","2018","OTHER","TRUCK - SINGLE UNIT","CONSTRUCTION/MAINTENANCE","E","STRAIGHT AHEAD",,,"1",,,,,,,,"false","true",,,,,,,,,"SIDE-LEFT",,,,,,,,,,,,,,,,,,,,,,,,,,,,,,,,,
"752231","JC458444","2019-10-03T11:55:00","2","DRIVER","1","714577",,"FORD","F250","IL","2012","NONE","OTHER","CTA","E","STRAIGHT AHEAD",,,"2",,,,,,,,,,,,,,"true",,,,"ROOF",,,,,,,,,,,,,,,,,,,,,,,,,,,,,,,,,
"752768","JC458463","2019-10-03T11:51:00","2","PARKED",,"715094",,"CHEVROLET","UNKNOWN","IL","2007","UNKNOWN","UNKNOWN/NA","UNKNOWN/NA","S","PARKED",,,"0",,,,,,,,,,,"true",,,,,,,"FRONT-LEFT",,,,,,,,,,,,,,,,,,,,,,,,,,,,,,,,,
"752252","JC458387","2019-10-03T11:51:00","2","PARKED","2","714605",,"TOYOTA MOTOR COMPANY, LTD.","Sienna (van)","IL","2016","NONE","VAN/MINI-VAN","PERSONAL","E","PARKED",,,"2",,,,,,,,,,,,,,,"true",,,"TOTAL (ALL AREAS)",,,,,,,,,,,,,,,,,,,,,,,,,,,,,,,,,
"752206","JC458402","2019-10-03T11:50:00","2","PARKED","2","714555",,"NISSAN","ROGUE","IL","2015","NONE","PASSENGER","TAXI/FOR HIRE","N","PARKED",,,"2",,,,,,,,,,"true",,,,,,,,"REAR-LEFT",,,,,,,,,,,,,,,,,,,,,,,,,,,,,,,,,
"752207","JC458388","2019-10-03T11:45:00","1","DRIVER",,"714557",,"HONDA","CRV","IL","2017","NONE","PASSENGER","RIDESHARE SERVICE","E","STRAIGHT AHEAD",,,"1",,,,,"true",,,,,,,,,,,,,"OTHER",,,,,,,,,,,,,,,,,,,,,,,,,,,,,,,,,
"752208","JC458388","2019-10-03T11:45:00","2","DRIVER",,"714578",,"NISSAN","NISSAN ALTIMA","FL","2019","NONE","PASSENGER","RIDESHARE SERVICE","E","STRAIGHT AHEAD",,,"1",,,,,,,,,,,"true",,,,,,,"FRONT-LEFT",,,,,,,,,,,,,,,,,,,,,,,,,,,,,,,,,
"752397","JC458738","2019-10-03T11:40:00","1","DRIVER",,"714730",,"NISSAN","UNKNOWN","IL","2009","NONE","PASSENGER","PERSONAL","E","ENTERING TRAFFIC LANE FROM PARKING",,,"1",,,,,,,,,,,,,,"true","true","true",,"TOTAL (ALL AREAS)",,,,,,,,,,,,,,,,,,,,,,,,,,,,,,,,,
"752229","JC458431","2019-10-03T11:40:00","2","DRIVER",,"714569",,"FORD","ESCAPE (SUV)","IL","2012","UNKNOWN","PASSENGER","PERSONAL","S","SLOW/STOP IN TRAFFIC",,,"1",,,,,,,,,,"true",,,,,,,,"REAR-LEFT",,,,,,,,,,,,,,,,,,,,,,,,,,,,,,,,,
"752225","JC458379","2019-10-03T11:40:00","1","DRIVER",,"714566",,"FORD","Focus",,"2015","NONE","PASSENGER","PERSONAL","S","TURNING RIGHT","true",,"1",,"e and r","pound 2",,,,,,,,,,,,,"true",,"OTHER",,,,,,,,,,,,,,,,,,,,,,,,,,,,,,,,,
"752212","JC458386","2019-10-03T11:35:00","1","PARKED","1","714560",,"DODGE","RAM 1500 VAN","IL","2013","NONE","VAN/MINI-VAN","STATE OWNED","E","PARKED","true",,"1",,,,,,,,,,,"true",,"false",,,,,"SIDE-LEFT",,,,,,,,,,,,,,,,,,,,,,,,,,,,,,,,,
"752189","JC458357","2019-10-03T11:35:00","1","DRIVER",,"714538",,"HONDA","RIDGELINE","IL","2007","NONE","PICKUP","PERSONAL","W","SLOW/STOP IN TRAFFIC",,,"1",,,,,"true",,,,,,,,,,,,,"FRONT",,,,,,,,,,,,,,,,,,,,,,,,,,,,,,,,,
"752190","JC458357","2019-10-03T11:35:00","2","DRIVER",,"714540",,"MAZDA","6 (Six)","IL","2016","NONE","PASSENGER","PERSONAL","W","SLOW/STOP IN TRAFFIC",,,"1",,,,,,,,,,,"true",,,,,,,"SIDE-LEFT",,,,,,,,,,,,,,,,,,,,,,,,,,,,,,,,,
"752335","JC458432","2019-10-03T11:30:00","2","DRIVER",,"714687",,"FORD","Focus","IL","2012","NONE","PASSENGER","PERSONAL","S","STRAIGHT AHEAD",,,"1",,,,,,,,,,,,"true","true",,,,,"ROOF",,,,,,,,,,,,,,,,,,,,,,,,,,,,,,,,,
"752275","JC458532","2019-10-03T11:22:00","1","DRIVER",,"714613",,"CHEVROLET","IMPALA",,"2008","NONE","PASSENGER","PERSONAL","N","STRAIGHT AHEAD",,,"1",,,,,,,,,,,,,,,,"true",,"OTHER",,,,,,,,,,,,,,,,,,,,,,,,,,,,,,,,,
"752276","JC458532","2019-10-03T11:22:00","2","DRIVER",,"714624",,"DODGE","POWER RAM","IL","2015","NONE","VAN/MINI-VAN","PERSONAL","N","STRAIGHT AHEAD",,,"1",,,,,,,,,,"true",,,,,,,,"REAR-LEFT",,,,,,,,,,,,,,,,,,,,,,,,,,,,,,,,,
"752192","JC458349","2019-10-03T11:20:00","2","DRIVER",,"714562",,"LEXUS","IS250","IL","2008","NONE","PASSENGER","PERSONAL","S","STRAIGHT AHEAD",,,"1",,,,,,,,,,"true",,,,,,,,"REAR-LEFT",,,,,,,,,,,,,,,,,,,,,,,,,,,,,,,,,
"753714","JC461132","2019-10-03T11:00:00","1","DRIVER",,"715977",,"DODGE","CARAVAN","IL","2008","UNKNOWN","PASSENGER","PERSONAL","S","BACKING",,,"1",,,,,,,,,"true",,,,,,,,,"REAR",,,,,,,,,,,,,,,,,,,,,,,,,,,,,,,,,
"753715","JC461132","2019-10-03T11:00:00","2","PARKED",,"715958",,"MERCEDES-BENZ","GLK350","IL","2012","NONE","PASSENGER","PERSONAL","N","PARKED",,,"0",,,,,,,,,"true",,,,,,,,,"REAR",,,,,,,,,,,,,,,,,,,,,,,,,,,,,,,,,
"752195","JC458377","2019-10-03T11:00:00","2","DRIVER",,"714543","true","FORD","UNKNOWN","IL","2013","NONE","VAN/MINI-VAN","CONSTRUCTION/MAINTENANCE","S","SLOW/STOP IN TRAFFIC",,,"1",,,,,,"true",,,,,,,,,,,,"SIDE-RIGHT",,,,,,,,,,,,,,,,,,,,,,,,,,,,,,,,,
"752164","JC458306","2019-10-03T11:00:00","1","DRIVER",,"714529",,"KIA MOTORS CORP","SOUL","IL","2019","NONE","PASSENGER","PERSONAL","SE","CHANGING LANES",,,"1",,,,,"true","true",,,,,,,,,,,,"FRONT-RIGHT",,,,,,,,,,,,,,,,,,,,,,,,,,,,,,,,,
"752165","JC458306","2019-10-03T11:00:00","2","DRIVER","1","714534",,"CHRYSLER","200","IL","2015","NONE","PASSENGER","PERSONAL","S","SLOW/STOP IN TRAFFIC",,,"2",,,,,,,,,,,"true","true",,,,,,"FRONT-LEFT",,,,,,,,,,,,,,,,,,,,,,,,,,,,,,,,,
"752346","JC458418","2019-10-03T10:55:00","1","DRIVER",,"714684",,"MAZDA","Mazda 3","CO","2018","NONE","PASSENGER","RIDESHARE SERVICE","W","OTHER","true",,"1",,"LANG'S TOW COMPANY","UNKNOWN",,,,,,,,,"true","true","true",,,,"ROOF",,,,,,,,,,,,,,,,,,,,,,,,,,,,,,,,,
"752341","JC458418","2019-10-03T10:55:00","2","DRIVER",,"714693",,"UNKNOWN","UNKNOWN","IL","2013","NONE","BUS OVER 15 PASS.","SCHOOL BUS","W","STRAIGHT AHEAD",,,"1",,,,"true",,,,,,,,,,,,,,"SIDE-RIGHT",,,,,,,,,,,,,,,,,,,,,,,,,,,,,,,,,
"752216","JC458328","2019-10-03T10:51:00","2","DRIVER",,"714567",,"JEEP","CHEROKEE","IL","2014","NONE","PASSENGER","PERSONAL","W","STRAIGHT AHEAD",,,"1",,,,,,,,,,,,,,,,"true",,"TOTAL (ALL AREAS)",,,,,,,,,,,,,,,,,,,,,,,,,,,,,,,,,
"752260","JC458324","2019-10-03T10:47:00","2","DRIVER","1","714609",,"FORD","Explorer","IL","2013","NONE","PASSENGER","POLICE","E","STRAIGHT AHEAD","true",,"2",,"CITY OF CHICAGO","UNKNOWN",,,,,,,,,,,,,"true",,"OTHER",,,,,,,,,,,,,,,,,,,,,,,,,,,,,,,,,
"752183","JC458305","2019-10-03T10:45:00","2","DRIVER",,"714533","true","FREIGHTLINER CORP.","FREIGHTLINER CORP.","IL","2011","NONE","TRUCK - SINGLE UNIT","COMMERCIAL - SINGLE UNIT","W","STRAIGHT AHEAD",,,"1",,,,"true",,,,,,,,,,,,,,"SIDE-RIGHT","8315","0241196",,"65990","SIDE OF TRUCK","1","WHEELING","IL","PALATINE",,,,"N","N",,"N",,"N","N",,,">102","0-96",,,,,"TRACTOR/SEMI-TRAILER","VAN/ENCLOSED BOX","OTHER","false","false",
"752178","JC458291","2019-10-03T10:38:00","1","DRIVER",,"714530",,"CHEVROLET","MALIBU (CHEVELLE)","IL","2010","NONE","PASSENGER","PERSONAL","W","STRAIGHT AHEAD",,,"1",,,,,"true","false",,,,,,,,,"false","true",,"FRONT",,,,,,,,,,,,,,,,,,,,,,,,,,,,,,,,,
"752179","JC458291","2019-10-03T10:38:00","2","DRIVER",,"714536",,"FORD","EDGE","IL","2011","NONE","PASSENGER","PERSONAL","W","STRAIGHT AHEAD",,,"1",,,,,,,,,,"true","true",,,,,,"true","SIDE-LEFT",,,,,,,,,,,,,,,,,,,,,,,,,,,,,,,,,
"752177","JC458310","2019-10-03T10:35:00","2","DRIVER",,"714541",,"MERCEDES-BENZ","E300","IL","2014","NONE","PASSENGER","PERSONAL","E","STRAIGHT AHEAD",,,"1",,,,,,,"true","true",,,,,,,,,,"SIDE-RIGHT",,,,,,,,,,,,,,,,,,,,,,,,,,,,,,,,,
"752154","JC458294","2019-10-03T10:32:00","1","DRIVER",,"714511",,"TOYOTA MOTOR COMPANY, LTD.","Sienna (van)","IL","2006","NONE","VAN/MINI-VAN","PERSONAL","NW","STARTING IN TRAFFIC",,,"1",,,,,"true",,,,,,,,,,"true","true",,"OTHER",,,,,,,,,,,,,,,,,,,,,,,,,,,,,,,,,
"752155","JC458294","2019-10-03T10:32:00","2","DRIVER","2","714548",,"FORD","EXPLORER","IL","2017","NONE","PASSENGER","POLICE","NW","SLOW/STOP IN TRAFFIC",,,"3",,,,,,,,,"true","true","true",,,,,,,"REAR",,,,,,,,,,,,,,,,,,,,,,,,,,,,,,,,,
"752188","JC458333","2019-10-03T10:30:00","2","PARKED",,"714542",,"TOYOTA MOTOR COMPANY, LTD.","Sienna (van)","IL","2015","UNKNOWN","VAN/MINI-VAN","UNKNOWN/NA","W","PARKED",,,"0",,,,,,,,,,,,,,,"true",,,"TOTAL (ALL AREAS)",,,,,,,,,,,,,,,,,,,,,,,,,,,,,,,,,
"752160","JC458283","2019-10-03T10:30:00","2","DRIVER",,"714515",,"CHEVROLET","CRUZE","IL","2014","NONE","PASSENGER","PERSONAL","NW","SLOW/STOP IN TRAFFIC",,,"1",,,,,,,,,,,,,,"true","true","true",,"UNDER CARRIAGE",,,,,,,,,,,,,,,,,,,,,,,,,,,,,,,,,
"752201","JC458338","2019-10-03T10:08:00","1","DRIVER",,"714549",,"JEEP","CHEROKEE","IL","2019","UNKNOWN","PASSENGER","PERSONAL","E","TURNING LEFT","true",,"1",,"WEST LOOP AUTO","PRIVATE",,"true","true",,,,,,,,,,,,"FRONT",,,,,,,,,,,,,,,,,,,,,,,,,,,,,,,,,
"752202","JC458338","2019-10-03T10:08:00","2","DRIVER","1","714556",,"HONDA","CIVIC","IL","2012","UNKNOWN","PASSENGER","PERSONAL","N","STRAIGHT AHEAD","true",,"2",,"PRIVATE","PRIVATE",,,,,,,,,,,,,,,"OTHER",,,,,,,,,,,,,,,,,,,,,,,,,,,,,,,,,
"752220","JC458397","2019-10-03T10:00:00","2","PARKED",,"714561",,"NISSAN","NISSAN ALTIMA","IL","2014","NONE","PASSENGER","PERSONAL","S","PARKED","true",,"0",,"unknown","unknown",,"true",,,,,,,,,"true","true","true",,"TOTAL (ALL AREAS)",,,,,,,,,,,,,,,,,,,,,,,,,,,,,,,,,
"752227","JC458376","2019-10-03T10:00:00","2","PARKED",,"714574",,"TOYOTA MOTOR COMPANY, LTD.","Highlander(beginning vehicle year 2001)","IL","2014","NONE","SPORT UTILITY VEHICLE (SUV)","NOT IN USE","S","PARKED",,,"0",,,,,,,,,,,,,"true","true","true",,,"UNDER CARRIAGE",,,,,,,,,,,,,,,,,,,,,,,,,,,,,,,,,