"crash_unit_id","rd_no","crash_date","unit_no","unit_type","num_passengers","vehicle_id","cmrc_veh_i","make","model","lic_plate_state","vehicle_year","vehicle_defect","vehicle_type","vehicle_use","travel_direction","maneuver","towed_i","fire_i","occupant_cnt","exceed_speed_limit_i","towed_by","towed_to","area_00_i","area_01_i","area_02_i","area_03_i","area_04_i","area_05_i","area_06_i","area_07_i","area_08_i","area_09_i","area_10_i","area_11_i","area_12_i","area_99_i","first_contact_point","cmv_id","usdot_no","ccmc_no","ilcc_no","commercial_src","gvwr","carrier_name","carrier_state","carrier_city","hazmat_placards_i","hazmat_name","un_no","hazmat_present_i","hazmat_report_i","hazmat_report_no","mcs_report_i","mcs_report_no","hazmat_vio_cause_crash_i","mcs_vio_cause_crash_i","idot_permit_no","wide_load_i","trailer1_width","trailer2_width","trailer1_length","trailer2_length","total_vehicle_length","axle_cnt","vehicle_config","cargo_body_type","load_type","hazmat_out_of_service_i","mcs_out_of_service_i","hazmat_class"
"752152","JC458234","2019-10-03T09:59:00","1","DRIVER",,"714505",,"JEEP","CHEROKEE","IL","2018","NONE","SPORT UTILITY VEHICLE (SUV)","PERSONAL","W","TURNING RIGHT",,,"1",,,,,,,,,"true",,,,,,,,,"REAR-RIGHT",,,,,,,,,,,,,,,,,,,,,,,,,,,,,,,,,
"752153","JC458234","2019-10-03T09:59:00","2","DRIVER","2","714521","false","NEW FLYER","NEW FLYER","IL","2015","NONE","BUS UP TO 15 PASS.","CTA","S","STARTING IN TRAFFIC",,,"3",,,,"false","true",,,,,,,,,,,,,"TOTAL (ALL AREAS)",,,,,,,,,,,,,,,,,,,,,,,,,,,,,,,,,
"752130","JC458239","2019-10-03T09:55:00","1","DRIVER",,"714484",,"NISSAN","SENTRA (DATSUN AND NISSAN HAVE MERGED)","IL","2016","NONE","PASSENGER","PERSONAL","W","UNKNOWN/NA",,,"1",,,,,,,,,,,,,,,"true",,,"TOTAL (ALL AREAS)",,,,,,,,,,,,,,,,,,,,,,,,,,,,,,,,,
"752131","JC458239","2019-10-03T09:55:00","2","DRIVER",,"714490",,"HYUNDAI","ELANTRA","IL","2016","NONE","PASSENGER","PERSONAL","W","STRAIGHT AHEAD","true",,"1",,"private","unk",,"true","true",,,,,,,,,,,,"FRONT",,,,,,,,,,,,,,,,,,,,,,,,,,,,,,,,,
"752161","JC458280","2019-10-03T09:45:00","2","DRIVER",,"714508",,"TOYOTA MOTOR COMPANY, LTD.","CAMRY","IL","2010","NONE","PASSENGER","UNKNOWN/NA","W","STRAIGHT AHEAD",,,"1",,,,,,,"true",,,,,,,,,,,"SIDE-RIGHT",,,,,,,,,,,,,,,,,,,,,,,,,,,,,,,,,
"752141","JC458276","2019-10-03T09:45:00","1","DRIVER",,"714493",,"FORD","Focus","IL","2017","NONE","PASSENGER","PERSONAL","N","STRAIGHT AHEAD",,,"1",,,,,,,,,,,,,,,,"true",,"OTHER",,,,,,,,,,,,,,,,,,,,,,,,,,,,,,,,,
"752142","JC458276","2019-10-03T09:45:00","2","DRIVER",,"714500",,"FORD","EXPLORER","IL","2017","NONE","SPORT UTILITY VEHICLE (SUV)","PERSONAL","N","SLOW/STOP IN TRAFFIC",,,"1",,,,,,,,,,"true",,,,,,,,"REAR-LEFT",,,,,,,,,,,,,,,,,,,,,,,,,,,,,,,,,
"752171","JC458263","2019-10-03T09:40:00","2","DRIVER",,"714527",,"NEW FLYER","NEW FLYER","IL","2007","NONE","BUS OVER 15 PASS.","CTA","S","SLOW/STOP IN TRAFFIC",,,"1",,,,,,,,,,,"true",,,,,,,"FRONT-LEFT",,,,,,,,,,,,,,,,,,,,,,,,,,,,,,,,,
"752116","JC458232","2019-10-03T09:30:00","2","DRIVER",,"714467",,"TOYOTA MOTOR COMPANY, LTD.","CAMRY","IL","2016","NONE","PASSENGER","PERSONAL","W","STRAIGHT AHEAD",,,"1",,,,,,,,,,,,"true",,,,,,"SIDE-LEFT",,,,,,,,,,,,,,,,,,,,,,,,,,,,,,,,,
"752382","JC458706","2019-10-03T09:25:00","2","DRIVER",,"714733",,"KIA MOTORS CORP","Sedona","IL","2006","NONE","VAN/MINI-VAN","OTHER","S","STRAIGHT AHEAD",,,"1",,,,,,,,,"true",,,,,,,,,"REAR",,,,,,,,,,,,,,,,,,,,,,,,,,,,,,,,,
"752125","JC458215","2019-10-03T09:20:00","1","DRIVER",,"714501",,"FORD","EDGE","IL","2009","UNKNOWN","PASSENGER","PERSONAL","N","BACKING",,,"1",,,,,,,,,,"true","true",,,,,,,"FRONT-LEFT",,,,,,,,,,,,,,,,,,,,,,,,,,,,,,,,,
"752126","JC458215","2019-10-03T09:20:00","2","DRIVER",,"714496",,"CHEVROLET","MALIBU (CHEVELLE)","IL","2018","UNKNOWN","PASSENGER","PERSONAL","NW","TURNING LEFT",,,"1",,,,,,,,,,"true","true","true",,,,,,"FRONT-LEFT",,,,,,,,,,,,,,,,,,,,,,,,,,,,,,,,,
"752098","JC458189","2019-10-03T09:07:00","1","DRIVER",,"714452",,"TOYOTA MOTOR COMPANY, LTD.","Matrix (sport wagon)","IL","2006","UNKNOWN","PASSENGER","PERSONAL","W","PASSING/OVERTAKING",,,"1",,,,,"true",,,,,,,,,,,,,"FRONT-RIGHT",,,,,,,,,,,,,,,,,,,,,,,,,,,,,,,,,
"752196","JC458369","2019-10-03T09:00:00","1","DRIVER",,"714544",,"CHEVROLET","UNKNOWN","IL","2017","NONE","PASSENGER","UNKNOWN/NA","SW","ENTER FROM DRIVE/ALLEY",,,"1",,,,,,,,,,,,,"false","true","true",,,"ROOF",,,,,,,,,,,,,,,,,,,,,,,,,,,,,,,,,
"752197","JC458369","2019-10-03T09:00:00","2","DRIVER",,"714546",,"JEEP","Grand Cherokee (for vehicle years 1989 to present)","IL","2016","NONE","SPORT UTILITY VEHICLE (SUV)","UNKNOWN/NA","N","STRAIGHT AHEAD",,,"1",,,,,,,,,,,,,,,"true","true",,"OTHER",,,,,,,,,,,,,,,,,,,,,,,,,,,,,,,,,
"752145","JC458165","2019-10-03T09:00:00","1","DRIVER","1","714497",,"FREIGHTLINER CORP.","FREIGHTLINER CORP.","IL","2007","NONE","BUS OVER 15 PASS.","SCHOOL BUS","E","STRAIGHT AHEAD",,,"2",,,,,,,,,,,,,,,,"true",,"OTHER",,,,,,,,,,,,,,,,,,,,,,,,,,,,,,,,,
"752146","JC458165","2019-10-03T09:00:00","2","DRIVER",,"714513",,"PONTIAC","GRAND PRIX","TX","2007","NONE","PASSENGER","PERSONAL","E","STRAIGHT AHEAD",,,"1",,,,,,,,,,"true",,,,,,,,"REAR-LEFT",,,,,,,,,,,,,,,,,,,,,,,,,,,,,,,,,
"752147","JC458165","2019-10-03T09:00:00","3","DRIVER","1","714522",,"SATURN","Vue","IL","2008","NONE","PASSENGER","PERSONAL","E","STRAIGHT AHEAD",,,"2",,,,,,,,,,"true",,,,,,,,"REAR-LEFT",,,,,,,,,,,,,,,,,,,,,,,,,,,,,,,,,
"752137","JC458173","2019-10-03T08:56:00","2","DRIVER",,"714491",,"DODGE","CHARGER","IL","2013","UNKNOWN","PASSENGER","PERSONAL","W","STRAIGHT AHEAD","true",,"1",,,,,"true",,,,,,"true","true",,"true","true","true",,"OTHER",,,,,,,,,,,,,,,,,,,,,,,,,,,,,,,,,
"752114","JC458200","2019-10-03T08:55:00","1","DRIVER",,"714472",,"INFINITI","Q45","IL","2015","NONE","PASSENGER","PERSONAL","N","OTHER",,,"1",,,,,,,,,,"true",,,,,,,,"REAR-LEFT",,,,,,,,,,,,,,,,,,,,,,,,,,,,,,,,,
"752510","JC458900","2019-10-03T08:50:00","1","DRIVER",,"714831",,"FORD","FORD","IL","2012","UNKNOWN","UNKNOWN/NA","UNKNOWN/NA","N","U-TURN",,,"1",,,,"true",,,,,,,,,,,,,,"OTHER",,,,,,,,,,,,,,,,,,,,,,,,,,,,,,,,,
"752257","JC458206","2019-10-03T08:50:00","1","DRIVER",,"714602",,"PONTIAC","UNKNOWN","IL","2008","UNKNOWN","PASSENGER","PERSONAL","S","STRAIGHT AHEAD",,,"1",,,,,,,,,,,,,,,,,,"UNKNOWN",,,,,,,,,,,,,,,,,,,,,,,,,,,,,,,,,
"752258","JC458206","2019-10-03T08:50:00","2","DRIVER",,"714607",,"TOYOTA MOTOR COMPANY, LTD.","UNKNOWN","IL","2007","UNKNOWN","PASSENGER","PERSONAL","N","STRAIGHT AHEAD","true",,"1",,"UNKNOWN","UNKNOWN",,"true","true",,,,,,,,"true","true","true",,"OTHER",,,,,,,,,,,,,,,,,,,,,,,,,,,,,,,,,
"752221","JC458169","2019-10-03T08:45:00","1","DRIVER","1","715091",,"MERCURY","Mountaineer (sport utility)","IL","2006","UNKNOWN","SPORT UTILITY VEHICLE (SUV)","PERSONAL","N","BACKING","false",,"2",,,,,,,,,,"true",,,,,,,,"REAR-LEFT",,,,,,,,,,,,,,,,,,,,,,,,,,,,,,,,,
"752222","JC458169","2019-10-03T08:45:00","2","DRIVER","1","715089",,"KIA MOTORS CORP","SOUL","IL","2011","UNKNOWN","PASSENGER","PERSONAL","W","STRAIGHT AHEAD","true",,"2",,"PRIVATE TOW",,,,,,"true","true",,,,,,,,,"FRONT",,,,,,,,,,,,,,,,,,,,,,,,,,,,,,,,,
"752140","JC458103","2019-10-03T08:45:00","2","DRIVER",,"714502","false","NEW FLYER","NEW FLYER","IL","2009","UNKNOWN","BUS OVER 15 PASS.","CTA","N","STRAIGHT AHEAD",,,"1",,,,,,,,,,,,,,,"true",,,"TOTAL (ALL AREAS)",,,,,,,,,,,,,,,,,,,,,,,,,,,,,,,,,
"752093","JC458188","2019-10-03T08:40:00","1","DRIVER",,"714442",,"LINCOLN-CONTINENTAL","UNKNOWN","IL","2015","UNKNOWN","PASSENGER","PERSONAL","N","TURNING LEFT",,,"1",,,,,,,,,"true",,,,,,,,,"REAR",,,,,,,,,,,,,,,,,,,,,,,,,,,,,,,,,
"752094","JC458188","2019-10-03T08:40:00","2","DRIVER",,"714453",,"CHEVROLET","CRUZE","IL","2015","UNKNOWN","PASSENGER","PERSONAL","S","STRAIGHT AHEAD",,,"1",,,,,"true",,,,,,,,,,"true","true",,"OTHER",,,,,,,,,,,,,,,,,,,,,,,,,,,,,,,,,
"752074","JC458164","2019-10-03T08:40:00","1","DRIVER",,"714424","true","MACK TRUCKS, INC.","MACK TRUCKS, INC.","IL","2012","OTHER","TRUCK - SINGLE UNIT","COMMERCIAL - SINGLE UNIT","N","MERGING",,,"1",,,,"false","true",,,,,,,,,,,,,"FRONT","8313","1612310",,"143224","SIDE OF TRUCK","3","SORELLI TRUCKING INC","IL","LOCKPORT",,,,"N","N",,"N",,"N","N",,,,,,,,,"SINGLE UNIT TRUCK, 2 AXLES, 6 TIRES","DUMP","OTHER","false","false",
"752075","JC458164","2019-10-03T08:40:00","2","DRIVER",,"714431",,"CHEVROLET","MALIBU (CHEVELLE)","IL","2011","NONE","PASSENGER","PERSONAL","N","STRAIGHT AHEAD","true",,"1",,"PRIVATE TOW","3501 W 75TH ST",,,,,,,,"true","true","true",,,,,"SIDE-RIGHT",,,,,,,,,,,,,,,,,,,,,,,,,,,,,,,,,
"752102","JC458129","2019-10-03T08:40:00","1","DRIVER",,"714482",,"JEEP","Grand Cherokee (for vehicle years 1989 to present)","IL","2017","NONE","SPORT UTILITY VEHICLE (SUV)","PERSONAL","E","STRAIGHT AHEAD",,,"1",,,,,,,,,,,,,,,"true",,,"TOTAL (ALL AREAS)",,,,,,,,,,,,,,,,,,,,,,,,,,,,,,,,,
"752065","JC458149","2019-10-03T08:38:00","2","PARKED",,"714430",,"FORD","F150","IL","2015","NONE","PICKUP","NOT IN USE","S","PARKED",,,"0",,,,,,,,,,,"true",,,,,,,"SIDE-LEFT",,,,,,,,,,,,,,,,,,,,,,,,,,,,,,,,,
"752104","JC458155","2019-10-03T08:35:00","1","DRIVER",,"714456",,"JEEP","CHEROKEE","IL","2016","UNKNOWN","PASSENGER","PERSONAL","W","STRAIGHT AHEAD","true",,"1",,"owner",,,"true",,,,,,,,,,"true","true",,"UNDER CARRIAGE",,,,,,,,,,,,,,,,,,,,,,,,,,,,,,,,,
"752105","JC458155","2019-10-03T08:35:00","2","DRIVER",,"714463",,"BUICK","UNKNOWN","IL","2017","UNKNOWN","PASSENGER","PERSONAL","S","STRAIGHT AHEAD","true",,"1",,,,,"true",,,,,,,,,"true","true","true",,"UNDER CARRIAGE",,,,,,,,,,,,,,,,,,,,,,,,,,,,,,,,,
"752106","JC458155","2019-10-03T08:35:00","3","DRIVER",,"714473",,"VOLKSWAGEN","TIGUAN","IL","2013","UNKNOWN","UNKNOWN/NA","PERSONAL","N","SLOW/STOP IN TRAFFIC",,,"1",,,,,,,,,,,,,,,,"true",,"OTHER",,,,,,,,,,,,,,,,,,,,,,,,,,,,,,,,,
"752181","JC458327","2019-10-03T08:30:00","2","PARKED",,"714524",,"PORSCHE","Cayenne",,"2016","NONE","PASSENGER","PERSONAL","N","PARKED",,,"0",,,,,,,,,,,,,"true","true","true",,,"ROOF",,,,,,,,,,,,,,,,,,,,,,,,,,,,,,,,,
"752113","JC458238","2019-10-03T08:30:00","2","PARKED",,"714469",,"VOLKSWAGEN","VOLKSWAGEN","IL","2017","NONE","PASSENGER","PERSONAL","N","PARKED",,,"0",,,,,,,,,,,,,,"true","true",,,,,,,,,,,,,,,,,,,,,,,,,,,,,,,,,,,,
"752239","JC458121","2019-10-03T08:30:00","2","DRIVER",,"714616",,"CHEVROLET","EQUINOX","IL","2014","NONE","PASSENGER","PERSONAL","N","STRAIGHT AHEAD",,,"1",,,,,,,,,,,,,,,,,,"REAR-LEFT",,,,,,,,,,,,,,,,,,,,,,,,,,,,,,,,,
"752101","JC458123","2019-10-03T08:29:00","1","DRIVER",,"714454",,"TOYOTA MOTOR COMPANY, LTD.","CAMRY","IL","2014","NONE","PASSENGER","PERSONAL","W","OTHER",,,"1",,,,,,,,,,,,,"true",,,,,"FRONT-LEFT",,,,,,,,,,,,,,,,,,,,,,,,,,,,,,,,,
"752057","JC458119","2019-10-03T08:20:00","2","DRIVER",,"714414",,"HONDA","ACCORD","IL","2009","NONE","PASSENGER","PERSONAL","W","STRAIGHT AHEAD","true",,"1",,"Drivers choice",,,,,,,,,"false","true","true","true",,,,"ROOF",,,,,,,,,,,,,,,,,,,,,,,,,,,,,,,,,
"752111","JC458134","2019-10-03T08:19:00","2","DRIVER",,"714481",,"LEXUS","ES350","IL","2018","NONE","PASSENGER","OTHER","N","STRAIGHT AHEAD",,,"1",,,,,"true",,,,,,,,,,"true","true",,"OTHER",,,,,,,,,,,,,,,,,,,,,,,,,,,,,,,,,
"752081","JC458120","2019-10-03T08:18:00","1","DRIVER",,"714451","true","EIDAL INTERNATIONAL CORP.","EIDAL INTERNATIONAL CORP.","IL","2019","UNKNOWN","TRACTOR W/O SEMI-TRAILER","COMMERCIAL - SINGLE UNIT","NW","BACKING",,,"1",,,,,,,,,,"true",,,,,,,,"SIDE-LEFT",,,,,,,,,,,,,,,,,,,,,,,,,,,,,,,,,
"752082","JC458120","2019-10-03T08:18:00","2","DRIVER",,"714476","true","UNKNOWN","UNKNOWN","IL","2019","NONE","TRACTOR W/ SEMI-TRAILER","COMMERCIAL - MULTI-UNIT","S","STRAIGHT AHEAD",,,"1",,,,,"true",,,,,,,,,,,"true",,"FRONT",,,,,,,,,,,,,,,,,,,,,,,,,,,,,,,,,
"752107","JC458223","2019-10-03T08:15:00","1","DRIVER","1","714457",,"VOLKSWAGEN","JETTA","IL","2015","UNKNOWN","PASSENGER","RIDESHARE SERVICE","W","STRAIGHT AHEAD",,,"2",,,,,,,,,,,,,,,,"true",,"OTHER",,,,,,,,,,,,,,,,,,,,,,,,,,,,,,,,,
"752108","JC458223","2019-10-03T08:15:00","2","DRIVER",,"714471",,"HYUNDAI","Santa Fe","GA","2018","NONE","SPORT UTILITY VEHICLE (SUV)","PERSONAL","W","SLOW/STOP IN TRAFFIC",,,"1",,,,,,,,,,"true","true",,,,,,,"REAR-LEFT",,,,,,,,,,,,,,,,,,,,,,,,,,,,,,,,,
"752072","JC458158","2019-10-03T08:10:00","1","DRIVER","1","714426",,"TOYOTA MOTOR COMPANY, LTD.","UNKNOWN","IL","2010","OTHER","PASSENGER","UNKNOWN/NA","N","STRAIGHT AHEAD",,,"2",,,,,,,,,,,,,,,,,"true","UNKNOWN",,,,,,,,,,,,,,,,,,,,,,,,,,,,,,,,,
"752073","JC458158","2019-10-03T08:10:00","2","DRIVER","1","714432",,"TOYOTA MOTOR COMPANY, LTD.","RAV4 (sport utility)","IL","2016","OTHER","PASSENGER","PERSONAL","S","STRAIGHT AHEAD",,,"2",,,,,,,,,,,,,,,"true",,,,,,,,,,,,,,,,,,,,,,,,,,,,,,,,,,,,
"752063","JC458150","2019-10-03T08:05:00","2","DRIVER",,"714418",,"MAZDA","Mazda 3","IL","2017","NONE","PASSENGER","PERSONAL","NW","SLOW/STOP IN TRAFFIC",,,"1",,,,,,,,,"true","true",,,,,,,,"REAR-LEFT",,,,,,,,,,,,,,,,,,,,,,,,,,,,,,,,,
"756562","JC466532","2019-10-03T08:00:00","1","DRIVER",,"718629",,"NISSAN","NISSAN ALTIMA","IL","2013","NONE","PASSENGER","PERSONAL","W","STRAIGHT AHEAD",,,"1",,,,,,"true","true","true",,,,,,,,,,"SIDE-RIGHT",,,,,,,,,,,,,,,,,,,,,,,,,,,,,,,,,
"756563","JC466532","2019-10-03T08:00:00","2","DRIVER",,"718641",,"NISSAN","NISSAN ALTIMA","IL","2013","NONE","PASSENGER","PERSONAL","S","BACKING",,,"1",,,,,,,,,,,,,,,,,,"REAR-LEFT",,,,,,,,,,,,,,,,,,,,,,,,,,,,,,,,,
"752091","JC458201","2019-10-03T08:00:00","2","PARKED",,"714440",,"CHEVROLET","IMPALA","IL","2014","NONE","PASSENGER","PERSONAL","S","PARKED",,,"0",,,,,,,,,,,,,"true","true",,,,"ROOF",,,,,,,,,,,,,,,,,,,,,,,,,,,,,,,,,
"752086","JC458190","2019-10-03T08:00:00","1","DRIVER",,"714438",,"VOLKSWAGEN","JETTA","IL","2012","NONE","PASSENGER","UNKNOWN/NA","S","UNKNOWN/NA",,,"1",,,,,,,,,,"false",,,,,,"true",,"OTHER",,,,,,,,,,,,,,,,,,,,,,,,,,,,,,,,,
"752066","JC458166","2019-10-03T08:00:00","1","DRIVER",,"714428",,"HYUNDAI","ELANTRA",,"2019","NONE","PASSENGER","PERSONAL","W","STRAIGHT AHEAD",,,"1",,,,,,,,,,,,,,,,"true",,"OTHER",,,,,,,,,,,,,,,,,,,,,,,,,,,,,,,,,
"752067","JC458166","2019-10-03T08:00:00","2","DRIVER",,"714420",,"INFINITI","UNKNOWN","IL","2019","NONE","PASSENGER","PERSONAL","W","SLOW/STOP IN TRAFFIC",,,"1",,,,,,,,,,"true",,,,,,,,"REAR-LEFT",,,,,,,,,,,,,,,,,,,,,,,,,,,,,,,,,
"752080","JC458160","2019-10-03T08:00:00","1","DRIVER",,"714444",,"TOYOTA MOTOR COMPANY, LTD.","UNKNOWN","IL","2010","UNKNOWN","PASSENGER","PERSONAL","N","UNKNOWN/NA","true",,"1",,"OWNER",,,,,,,,,,,,,,"true",,"OTHER",,,,,,,,,,,,,,,,,,,,,,,,,,,,,,,,,
"752512","JC458902","2019-10-03T07:50:00","1","DRIVER",,"714839",,"HYUNDAI","SONATA","IL","2017","UNKNOWN","PASSENGER","UNKNOWN/NA","N","LEAVING TRAFFIC LANE TO PARK",,,"1",,,,,,,,,,,,,,,,,"true","REAR-RIGHT",,,,,,,,,,,,,,,,,,,,,,,,,,,,,,,,,
"752513","JC458902","2019-10-03T07:50:00","2","PARKED",,"714844",,"CHEVROLET","SILVERADO","IN","2008","NONE","PICKUP","NOT IN USE","N","PARKED",,,"1",,,,,,,,,,,,,,,"true",,,"TOTAL (ALL AREAS)",,,,,,,,,,,,,,,,,,,,,,,,,,,,,,,,,
"752032","JC458100","2019-10-03T07:50:00","1","DRIVER",,"714400",,"JEEP","UNKNOWN","IL","2006","NONE","SPORT UTILITY VEHICLE (SUV)","PERSONAL","W","STRAIGHT AHEAD",,,"1",,,,,,,,,,,,,,,,"true",,"OTHER",,,,,,,,,,,,,,,,,,,,,,,,,,,,,,,,,
"752033","JC458100","2019-10-03T07:50:00","2","DRIVER",,"714393",,"SUBARU","OUTBACK","IL","2017","NONE","PASSENGER","PERSONAL","SW","SLOW/STOP IN TRAFFIC",,,"1",,,,,,,,,,"true",,,,,,"true",,"REAR-LEFT",,,,,,,,,,,,,,,,,,,,,,,,,,,,,,,,,
"752034","JC458100","2019-10-03T07:50:00","3","DRIVER","1","714398",,"KIA MOTORS CORP","Optima","IL","2015","NONE","PASSENGER","UNKNOWN/NA","W","SLOW/STOP IN TRAFFIC",,,"2",,,,,,,,,,"true",,,,,,,,"REAR-LEFT",,,,,,,,,,,,,,,,,,,,,,,,,,,,,,,,,
"752162","JC458314","2019-10-03T07:49:00","1","DRIVER",,"714512",,"MITSUBISHI","GALANT","IL","2007","NONE","PASSENGER","PERSONAL","W","STRAIGHT AHEAD",,,"1",,,,,,,,,,,,,,,"true",,,"TOTAL (ALL AREAS)",,,,,,,,,,,,,,,,,,,,,,,,,,,,,,,,,
"752163","JC458314","2019-10-03T07:49:00","2","DRIVER","2","714518",,"TOYOTA MOTOR COMPANY, LTD.","Prius","IL","2016","NONE","PASSENGER","PERSONAL","W","SLOW/STOP IN TRAFFIC",,,"3",,,,,,,"true",,,,,,,,,,,"SIDE-RIGHT",,,,,,,,,,,,,,,,,,,,,,,,,,,,,,,,,
"753792","JC461235","2019-10-03T07:45:00","1","DRIVER",,"716065",,"KIA MOTORS CORP","Optima","IL","2013","NONE","PASSENGER","PERSONAL","E","STRAIGHT AHEAD",,,"1",,,,,,,,,,,,,,,,"true",,"OTHER",,,,,,,,,,,,,,,,,,,,,,,,,,,,,,,,,
"753793","JC461235","2019-10-03T07:45:00","2","DRIVER",,"716085",,"NISSAN","NISSAN ALTIMA","IL","2011","NONE","PASSENGER","PERSONAL","E","SLOW/STOP IN TRAFFIC",,,"1",,,,,,,,,,"true",,,,,,,,"REAR-LEFT",,,,,,,,,,,,,,,,,,,,,,,,,,,,,,,,,
"752186","JC458341","2019-10-03T07:45:00","2","DRIVER",,"714550",,"INFINITI","UNKNOWN","IL","2010","UNKNOWN","PASSENGER","PERSONAL","E","STRAIGHT AHEAD",,,"1",,,,,,"true","true","true",,,,,,,,,,"SIDE-RIGHT",,,,,,,,,,,,,,,,,,,,,,,,,,,,,,,,,
"752047","JC458087","2019-10-03T07:45:00","2","PARKED",,"714465",,"FORD","Explorer","IL","2016","NONE","PASSENGER","PERSONAL","N","PARKED",,,"0",,,,,,,,,,,"true",,,,,,,"SIDE-LEFT",,,,,,,,,,,,,,,,,,,,,,,,,,,,,,,,,
"752028","JC458079","2019-10-03T07:45:00","2","DRIVER",,"714388",,"TOYOTA MOTOR COMPANY, LTD.","COROLLA","IL","2018","NONE","PASSENGER","PERSONAL","E","STRAIGHT AHEAD",,,"1",,,,,,,,,,"true",,,,,,,,"REAR-LEFT",,,,,,,,,,,,,,,,,,,,,,,,,,,,,,,,,
"752042","JC458085","2019-10-03T07:41:00","1","DRIVER",,"714401",,"HONDA","Pilot","IL","2015","NONE","PASSENGER","PERSONAL","N","STRAIGHT AHEAD",,,"1",,,,,"true",,,,,,,,,,"true","true",,"OTHER",,,,,,,,,,,,,,,,,,,,,,,,,,,,,,,,,
"752043","JC458085","2019-10-03T07:41:00","2","DRIVER",,"714406",,"DODGE","JOURNEY","IL","2015","NONE","PASSENGER","PERSONAL","N","AVOIDING VEHICLES/OBJECTS",,,"1",,,,,,,,,"true","true","true",,,,,,,"REAR-LEFT",,,,,,,,,,,,,,,,,,,,,,,,,,,,,,,,,
"752037","JC458086","2019-10-03T07:39:00","1","DRIVER","1","714396",,"DODGE","CARAVAN","IL","2016","NONE","VAN/MINI-VAN","PERSONAL","E","STRAIGHT AHEAD","true",,"2",,"UNKNOWN","UNKNOWN",,,,,,,"true",,,,,"true","true",,"FRONT",,,,,,,,,,,,,,,,,,,,,,,,,,,,,,,,,
"752038","JC458086","2019-10-03T07:39:00","2","DRIVER",,"714402",,"FORD","UNKNOWN","IL","2013","NONE","PASSENGER","PERSONAL","E","STRAIGHT AHEAD",,,"1",,,,,,,,,,,,,,,,"true",,"OTHER",,,,,,,,,,,,,,,,,,,,,,,,,,,,,,,,,
"752039","JC458086","2019-10-03T07:39:00","3","DRIVER",,"714405",,"CHEVROLET","Colorado","IL","2018","NONE","PASSENGER","PERSONAL","E","SLOW/STOP IN TRAFFIC",,,"1",,,,,,,,,,"true",,,,,,,,"REAR-LEFT",,,,,,,,,,,,,,,,,,,,,,,,,,,,,,,,,
"755747","JC464961","2019-10-03T07:30:00","2","DRIVER",,"717864",,"ACURA","ACURA","IL","2014","UNKNOWN","PASSENGER","PERSONAL","E","ENTERING TRAFFIC LANE FROM PARKING",,,"1",,,,,,,,,,"false","true",,,,,,,"FRONT-LEFT",,,,,,,,,,,,,,,,,,,,,,,,,,,,,,,,,
"755109","JC463663","2019-10-03T07:30:00","2","DRIVER",,"717293",,"YAMAHA","YAMAHA","IL","2006","NONE","MOTORCYCLE (OVER 150CC)","PERSONAL","E","STRAIGHT AHEAD",,,"1",,,,,,,,,,,,,"true",,,,,"ROOF",,,,,,,,,,,,,,,,,,,,,,,,,,,,,,,,,
"753133","JC460056","2019-10-03T07:30:00","1","DRIVER",,"715437",,"TOYOTA MOTOR COMPANY, LTD.","CAMRY","IL","2011","UNKNOWN","PASSENGER","UNKNOWN/NA","E","STRAIGHT AHEAD",,,"1",,,,,,,"true",,,,,,,,,,,"SIDE-RIGHT",,,,,,,,,,,,,,,,,,,,,,,,,,,,,,,,,
"753134","JC460056","2019-10-03T07:30:00","2","PARKED",,"715443",,"HONDA","CIVIC","IL","2013","NONE","PASSENGER","PERSONAL","E","PARKED",,,"0",,,,,,,,,,,,,"true",,,,,"ROOF",,,,,,,,,,,,,,,,,,,,,,,,,,,,,,,,,
"752052","JC458097","2019-10-03T07:30:00","1","DRIVER",,"714407",,"GILL MFG. CO.","GILL MFG. CO.","IN","2018","UNKNOWN","BUS OVER 15 PASS.","OTHER","S","STRAIGHT AHEAD",,,"1",,,,,,,,,,,,,,,,"true",,"OTHER",,,,,,,,,,,,,,,,,,,,,,,,,,,,,,,,,
"752053","JC458097","2019-10-03T07:30:00","2","DRIVER",,"714409",,"SCION","XD","IL","2008","UNKNOWN","PASSENGER","PERSONAL","W","STRAIGHT AHEAD","true",,"1",,"aaa",,,,,,"true","true",,,,,,,,,"REAR",,,,,,,,,,,,,,,,,,,,,,,,,,,,,,,,,
"752031","JC458084","2019-10-03T07:30:00","1","DRIVER",,"714394",,"FORD","Explorer","IL","2014","NONE","SPORT UTILITY VEHICLE (SUV)","FIRE","W","TURNING RIGHT",,,"1",,,,,,,"true","true",,,,,,,,,,"REAR-RIGHT",,,,,,,,,,,,,,,,,,,,,,,,,,,,,,,,,
"752044","JC458080","2019-10-03T07:30:00","1","DRIVER",,"714399",,"FORD","UNKNOWN","IL","2017","NONE","PICKUP","OTHER","E","BACKING",,,"1",,,,"true",,,,,,,,,,,,,,"REAR-LEFT",,,,,,,,,,,,,,,,,,,,,,,,,,,,,,,,,
"752045","JC458080","2019-10-03T07:30:00","2","DRIVER","1","714403",,"DODGE","CHARGER","IL","2013","UNKNOWN","PASSENGER","PERSONAL","E","STRAIGHT AHEAD",,,"2",,,,,"true",,,,,,,,,,"true","true",,"OTHER",,,,,,,,,,,,,,,,,,,,,,,,,,,,,,,,,