"crash_unit_id","rd_no","crash_date","unit_no","unit_type","num_passengers","vehicle_id","cmrc_veh_i","make","model","lic_plate_state","vehicle_year","vehicle_defect","vehicle_type","vehicle_use","travel_direction","maneuver","towed_i","fire_i","occupant_cnt","exceed_speed_limit_i","towed_by","towed_to","area_00_i","area_01_i","area_02_i","area_03_i","area_04_i","area_05_i","area_06_i","area_07_i","area_08_i","area_09_i","area_10_i","area_11_i","area_12_i","area_99_i","first_contact_point","cmv_id","usdot_no","ccmc_no","ilcc_no","commercial_src","gvwr","carrier_name","carrier_state","carrier_city","hazmat_placards_i","hazmat_name","un_no","hazmat_present_i","hazmat_report_i","hazmat_report_no","mcs_report_i","mcs_report_no","hazmat_vio_cause_crash_i","mcs_vio_cause_crash_i","idot_permit_no","wide_load_i","trailer1_width","trailer2_width","trailer1_length","trailer2_length","total_vehicle_length","axle_cnt","vehicle_config","cargo_body_type","load_type","hazmat_out_of_service_i","mcs_out_of_service_i","hazmat_class"
"752026","JC458076","2019-10-03T07:30:00","2","DRIVER",,"714389",,"BMW","528I","IL","2013","UNKNOWN","PASSENGER","PERSONAL","E","STRAIGHT AHEAD",,,"1",,,,,,,,,,,,,"true","true",,,,"ROOF",,,,,,,,,,,,,,,,,,,,,,,,,,,,,,,,,
"752029","JC458075","2019-10-03T07:30:00","1","DRIVER",,"714390",,"VOLVO","XC90","IL","2007","UNKNOWN","SPORT UTILITY VEHICLE (SUV)","UNKNOWN/NA","E","STRAIGHT AHEAD",,,"1",,,,,"true",,,,,,,,,,,"true",,"FRONT",,,,,,,,,,,,,,,,,,,,,,,,,,,,,,,,,
"752030","JC458075","2019-10-03T07:30:00","2","DRIVER",,"714386",,"TOYOTA MOTOR COMPANY, LTD.","Prius","IL","2017","NONE","PASSENGER","PERSONAL","E","SLOW/STOP IN TRAFFIC",,,"1",,,,,,,,,,,"true",,,,,,,"SIDE-LEFT",,,,,,,,,,,,,,,,,,,,,,,,,,,,,,,,,
"752050","JC458094","2019-10-03T07:25:00","1","DRIVER",,"714419",,"CHEVROLET","CRUZE","IL","2017","NONE","PASSENGER","PERSONAL","N","STRAIGHT AHEAD",,,"1",,,,,,,,,,,,,,,"true",,,"TOTAL (ALL AREAS)",,,,,,,,,,,,,,,,,,,,,,,,,,,,,,,,,
"752051","JC458094","2019-10-03T07:25:00","2","DRIVER",,"714459",,"FORD","UNKNOWN",,"2006","NONE","PASSENGER","PERSONAL","N","STRAIGHT AHEAD",,,"1",,,,,,,,,"true","true","true",,,,,,,"REAR-LEFT",,,,,,,,,,,,,,,,,,,,,,,,,,,,,,,,,
"752438","JC458809","2019-10-03T07:05:00","2","DRIVER",,"714794",,"HONDA","Odyssey (minivan)","IL","2007","NONE","VAN/MINI-VAN","PERSONAL","S","STRAIGHT AHEAD",,,"1",,,,,,,,,,"true",,,,,,,,"REAR-LEFT",,,,,,,,,,,,,,,,,,,,,,,,,,,,,,,,,
"752054","JC458117","2019-10-03T07:00:00","1","DRIVER","1","714408",,"CHEVROLET","CRUZE","IL","2016","NONE","PASSENGER","UNKNOWN/NA","E","STRAIGHT AHEAD",,,"2",,,,,,,,,,,"true","true",,,,,,,,,,,,,,,,,,,,,,,,,,,,,,,,,,,,,,,
"752055","JC458117","2019-10-03T07:00:00","2","DRIVER",,"714411",,"CHEVROLET","COBALT","IL","2007","NONE","SINGLE UNIT TRUCK WITH TRAILER","PERSONAL","E","STRAIGHT AHEAD",,,"1",,,,,"true","true",,,,,,,,,,,,,,,,,,,,,,,,,,,,,,,,,,,,,,,,,,,,,
"752019","JC458051","2019-10-03T06:50:00","1","DRIVER",,"714379",,"VOLKSWAGEN","TIGUAN","IL","2010","UNKNOWN","PASSENGER","OTHER","N","STRAIGHT AHEAD",,,"1",,,,,"true",,,,,,,,,,"true","true",,"OTHER",,,,,,,,,,,,,,,,,,,,,,,,,,,,,,,,,
"752022","JC458046","2019-10-03T06:35:00","2","DRIVER",,"714387",,"HONDA","Odyssey (minivan)","IL","2010","NONE","VAN/MINI-VAN","PERSONAL","S","STRAIGHT AHEAD","true",,"1",,"SELF",,,,,,,,,,,,,,"true",,"OTHER",,,,,,,,,,,,,,,,,,,,,,,,,,,,,,,,,
"752061","JC458145","2019-10-03T06:00:00","2","DRIVER",,"714422",,"FORD","F550","IL","2013","NONE","BUS OVER 15 PASS.","OTHER","S","TURNING RIGHT",,,"1",,,,,,,,,,,,,,,,,,"OTHER",,,,,,,,,,,,,,,,,,,,,,,,,,,,,,,,,
"752016","JC458032","2019-10-03T05:48:00","2","DRIVER",,"714381",,"CHEVROLET","CRUZE","IL","2019","NONE","PASSENGER","PERSONAL","W","SLOW/STOP IN TRAFFIC",,,"1",,,,,,,,,,"true",,,,,,,,"REAR-LEFT",,,,,,,,,,,,,,,,,,,,,,,,,,,,,,,,,
"752001","JC458027","2019-10-03T05:45:00","2","PARKED",,"714361",,"NISSAN","SENTRA (DATSUN AND NISSAN HAVE MERGED)","IL","2012","UNKNOWN","PASSENGER","PERSONAL","N","PARKED",,,"0",,,,,,,,,,,,,,,"true",,,"TOTAL (ALL AREAS)",,,,,,,,,,,,,,,,,,,,,,,,,,,,,,,,,
"752012","JC458018","2019-10-03T05:31:00","1","DRIVER",,"714371","true","HINO","HINO","IN","2018","NONE","TRUCK - SINGLE UNIT","COMMERCIAL - SINGLE UNIT","S","TURNING RIGHT",,,"1",,,,,"true","true",,,,,,,,,,,,"FRONT-RIGHT",,,,,,,,,,,,,,,,,,,,,,,,,,,,,,,,,
"752013","JC458018","2019-10-03T05:31:00","2","DRIVER","1","714376",,"HYUNDAI","SONATA","IL","2015","NONE","PASSENGER","PERSONAL","S","TURNING RIGHT","true",,"2",,"private",,,,,,,,,,"true","true","true","true",,,"ROOF",,,,,,,,,,,,,,,,,,,,,,,,,,,,,,,,,
"752010","JC458030","2019-10-03T05:28:00","1","DRIVER",,"714368",,"CHEVROLET","CAMARO","IL","2010","UNKNOWN","PASSENGER","PERSONAL","S","PASSING/OVERTAKING",,,"1",,,,,,,,,,,,,,,"true","true",,"TOTAL (ALL AREAS)",,,,,,,,,,,,,,,,,,,,,,,,,,,,,,,,,
"752011","JC458030","2019-10-03T05:28:00","2","DRIVER",,"714372",,"LINCOLN-CONTINENTAL","MKS","IL","2009","NONE","PASSENGER","PERSONAL","N","TURNING LEFT",,,"1",,,,,,,,,,,,,,,"true","true",,"TOTAL (ALL AREAS)",,,,,,,,,,,,,,,,,,,,,,,,,,,,,,,,,
"751999","JC458020","2019-10-03T05:08:00","2","DRIVERLESS",,"714359",,"NISSAN","NISSAN ALTIMA","IL","2010","NONE","PASSENGER","PERSONAL","E","PARKED",,,"0",,,,,,,,,"true","true","true",,,,,,,"REAR-LEFT",,,,,,,,,,,,,,,,,,,,,,,,,,,,,,,,,
"752014","JC458015","2019-10-03T05:00:00","1","DRIVER","1","714374",,"FORD","FUSION","IL","2015","NONE","PASSENGER","RIDESHARE SERVICE","S","SKIDDING/CONTROL LOSS","true",,"2",,"city of chicago","200 e chestnut",,,,,,,,,,,,"true",,,"TOTAL (ALL AREAS)",,,,,,,,,,,,,,,,,,,,,,,,,,,,,,,,,
"752002","JC458012","2019-10-03T04:57:00","1","DRIVER",,"714366",,"CHEVROLET","IMPALA","IL","2015","OTHER","PASSENGER","PERSONAL","S","STRAIGHT AHEAD","true",,"1",,"A&E","UNK",,,,,,,,"true","true",,,,,,"SIDE-LEFT",,,,,,,,,,,,,,,,,,,,,,,,,,,,,,,,,
"752003","JC458012","2019-10-03T04:57:00","2","DRIVER",,"714370",,"JEEP","UNKNOWN","IL","2007","NONE","PASSENGER","PERSONAL","N","STRAIGHT AHEAD",,,"1",,,,,,,,,,,,,,"true","true",,,"TOTAL (ALL AREAS)",,,,,,,,,,,,,,,,,,,,,,,,,,,,,,,,,
"752006","JC458005","2019-10-03T04:30:00","1","DRIVER",,"714363",,"TOYOTA MOTOR COMPANY, LTD.","4RUNNER","FL","2018","UNKNOWN","PASSENGER","PERSONAL","S","STRAIGHT AHEAD","false",,"1",,,,,,,,,,,,,,,"true",,,"TOTAL (ALL AREAS)",,,,,,,,,,,,,,,,,,,,,,,,,,,,,,,,,
"752007","JC458005","2019-10-03T04:30:00","2","PARKED",,"714369",,"CHEVROLET","MALIBU (CHEVELLE)","IL","2016","UNKNOWN","UNKNOWN/NA","UNKNOWN/NA","W","PARKED",,,"0",,,,,,,,,,,,,"true","true","true",,,"ROOF",,,,,,,,,,,,,,,,,,,,,,,,,,,,,,,,,
"752004","JC458007","2019-10-03T04:19:00","1","DRIVER",,"714362",,"NISSAN","NISSAN","IL","2017","NONE","PASSENGER","PERSONAL","S","STRAIGHT AHEAD","false",,"1",,,,,,,,,,,,,,,"true",,,"TOTAL (ALL AREAS)",,,,,,,,,,,,,,,,,,,,,,,,,,,,,,,,,
"752005","JC458007","2019-10-03T04:19:00","2","PARKED",,"714365",,"DODGE","DODGE-TRUCK,VAN,SUV ETC.","IL","2012","NONE","VAN/MINI-VAN","NOT IN USE","S","PARKED",,,"0",,,,,,,"true","true","true","true",,,,,,,,"REAR",,,,,,,,,,,,,,,,,,,,,,,,,,,,,,,,,
"751990","JC457999","2019-10-03T04:00:00","1","DRIVER",,"714352",,"BUICK","ENCLAVE","IL","2008","UNKNOWN","PASSENGER","PERSONAL","S","STRAIGHT AHEAD",,,"1",,,,,,,,,,,,,,,"true",,,"TOTAL (ALL AREAS)",,,,,,,,,,,,,,,,,,,,,,,,,,,,,,,,,
"751987","JC457994","2019-10-03T03:30:00","1","DRIVER",,"714348",,"DODGE","CHARGER","IL","2009","UNKNOWN","PASSENGER","UNKNOWN/NA","N","NEGOTIATING A CURVE","true",,"1",,"city of chicago","300 e lower wacker",,,,,,,,,,,,,,,"OTHER",,,,,,,,,,,,,,,,,,,,,,,,,,,,,,,,,
"751985","JC457985","2019-10-03T02:58:00","1","DRIVER",,"714346",,"HYUNDAI","ELANTRA","IL","2013","NONE","PASSENGER","PERSONAL","N","STRAIGHT AHEAD",,,"1",,,,,"true","true",,,,,,,,,,,,"FRONT",,,,,,,,,,,,,,,,,,,,,,,,,,,,,,,,,
"751988","JC457980","2019-10-03T02:40:00","1","DRIVER",,"714350",,"SCION","XD","IL","2014","NONE","PASSENGER","PERSONAL","S","STRAIGHT AHEAD","true",,"1",,,,,"true","true",,,,,,,,"true","true","true",,"OTHER",,,,,,,,,,,,,,,,,,,,,,,,,,,,,,,,,
"751989","JC457980","2019-10-03T02:40:00","2","PARKED",,"714349",,"MERCEDES-BENZ","UNKNOWN","IL","2006","NONE","PASSENGER","NOT IN USE","S","PARKED",,,"0",,,,,,,,,,"true","true","true","true","true","true",,,"REAR-LEFT",,,,,,,,,,,,,,,,,,,,,,,,,,,,,,,,,
"751981","JC457986","2019-10-03T02:34:00","1","DRIVER",,"714345",,"GENERAL MOTORS CORP.","SIERRA","IL","2009","UNKNOWN","PICKUP","PERSONAL","W","UNKNOWN/NA","true",,"1",,"CITY OF CHICAGO","CITY POUND",,,,,,,,,,,"true","true","true",,"OTHER",,,,,,,,,,,,,,,,,,,,,,,,,,,,,,,,,
"751982","JC457981","2019-10-03T02:10:00","1","DRIVER",,"714342",,"FORD","ESCAPE (SUV)","IL","2007","UNKNOWN","SPORT UTILITY VEHICLE (SUV)","UNKNOWN/NA","N","OTHER",,,"1",,,,,"true",,,,,,,,,,,,,"FRONT",,,,,,,,,,,,,,,,,,,,,,,,,,,,,,,,,
"751983","JC457981","2019-10-03T02:10:00","2","DRIVER",,"714343",,"TOYOTA MOTOR COMPANY, LTD.","CAMRY","IL","2016","UNKNOWN","PASSENGER","TAXI/FOR HIRE","N","OTHER",,,"1",,,,,,,,,,,"true",,,,,,,"SIDE-LEFT",,,,,,,,,,,,,,,,,,,,,,,,,,,,,,,,,
"751980","JC457973","2019-10-03T02:10:00","1","DRIVER",,"714341",,"FORD","ESCAPE (SUV)","IL","2013","NONE","PASSENGER","PERSONAL","E","STRAIGHT AHEAD","true",,"1",,"lakeview towing",,,"true",,,,,,,,,,,,,"OTHER",,,,,,,,,,,,,,,,,,,,,,,,,,,,,,,,,
"751978","JC457970","2019-10-03T02:05:00","1","DRIVER",,"714340",,"BMW","X5","IL","2019","UNKNOWN","PASSENGER","PERSONAL","S","STRAIGHT AHEAD",,,"1",,,,,"true",,,,,,,,,,,"true",,"OTHER",,,,,,,,,,,,,,,,,,,,,,,,,,,,,,,,,
"751974","JC457960","2019-10-03T01:25:00","1","DRIVER",,"714334",,"NISSAN","NISSAN ALTIMA","IL","2015","UNKNOWN","PASSENGER","PERSONAL","S","PASSING/OVERTAKING",,,"1",,,,,,,"true","true",,,,,,,,,,"REAR-RIGHT",,,,,,,,,,,,,,,,,,,,,,,,,,,,,,,,,
"751975","JC457960","2019-10-03T01:25:00","2","DRIVER","1","714337",,"FORD","EXPLORER","IL","2018","NONE","OTHER","POLICE","S","SLOW/STOP IN TRAFFIC",,,"2",,,,,"false","false","false",,,,,,"true","true",,,,"ROOF",,,,,,,,,,,,,,,,,,,,,,,,,,,,,,,,,
"752716","JC459254","2019-10-03T01:00:00","2","DRIVER",,"715044",,"HYUNDAI","Accent","IL","2015","NONE","PASSENGER","PERSONAL","E","STRAIGHT AHEAD","true",,"1",,"Legends Towing",,,"true",,,,,,"true","true","true",,"true","true",,"FRONT-LEFT",,,,,,,,,,,,,,,,,,,,,,,,,,,,,,,,,
"754394","JC457957","2019-10-03T00:59:00","1","DRIVER",,"716598",,"BMW","535 SERIES","WI","2011","UNKNOWN","PASSENGER","PERSONAL","W","STRAIGHT AHEAD","true",,"1",,,,,"true","true","true","true","true","true","true","true","true","true","true","true",,"SIDE-RIGHT",,,,,,,,,,,,,,,,,,,,,,,,,,,,,,,,,
"751963","JC457936","2019-10-03T00:15:00","2","DRIVER",,"714323",,"JEEP","CHEROKEE","IL","2018","NONE","SPORT UTILITY VEHICLE (SUV)","PERSONAL","N","TURNING LEFT",,,"2",,,,,,,,,,,,,,,"true",,,"TOTAL (ALL AREAS)",,,,,,,,,,,,,,,,,,,,,,,,,,,,,,,,,
"751971","JC457948","2019-10-03T00:07:00","1","DRIVER",,"714333",,"TOYOTA MOTOR COMPANY, LTD.","CAMRY","IL","2016","NONE","PASSENGER","PERSONAL","N","STRAIGHT AHEAD","true",,"1",,,,,,,,,,,,,,"true","true",,,"TOTAL (ALL AREAS)",,,,,,,,,,,,,,,,,,,,,,,,,,,,,,,,,
"751972","JC457948","2019-10-03T00:07:00","2","DRIVER",,"714336",,"KIA MOTORS CORP","Spectra","CO","2015","NONE","PASSENGER","PERSONAL","W","STRAIGHT AHEAD","false",,"1",,,,,"true","true",,,,,,,,,,,,"FRONT",,,,,,,,,,,,,,,,,,,,,,,,,,,,,,,,,
"752888","JC459614","2019-10-03T00:01:00","2","PARKED",,"715202",,"MAZDA","MX-6","IL","2010","NONE","PASSENGER","PERSONAL","E","PARKED",,,"0",,,,,,,,,,,,,"true","true",,,,"ROOF",,,,,,,,,,,,,,,,,,,,,,,,,,,,,,,,,
"751954","JC457926","2019-10-02T23:40:00","1","DRIVER",,"714315",,"HYUNDAI","SONATA","IL","2017","NONE","PASSENGER","PERSONAL","NW","TURNING LEFT",,,"1",,,,,"true",,,,,,,,,,,"true",,"FRONT",,,,,,,,,,,,,,,,,,,,,,,,,,,,,,,,,
"751948","JC457920","2019-10-02T23:30:00","1","DRIVER",,"714307",,"TOYOTA MOTOR COMPANY, LTD.","RAV4 (sport utility)","IL","2015","NONE","SPORT UTILITY VEHICLE (SUV)","PERSONAL","NW","STRAIGHT AHEAD",,,"1",,,,,,,,,,,,,,,,"true",,"OTHER",,,,,,,,,,,,,,,,,,,,,,,,,,,,,,,,,
"751949","JC457920","2019-10-02T23:30:00","2","DRIVER",,"714311",,"GENERAL MOTORS CORP.","YUKON","IL","2008","NONE","SPORT UTILITY VEHICLE (SUV)","PERSONAL","NW","STRAIGHT AHEAD",,,"1",,,,,,,,,,"true",,,,,,,,"REAR-LEFT",,,,,,,,,,,,,,,,,,,,,,,,,,,,,,,,,
"751960","JC457931","2019-10-02T23:20:00","1","DRIVER","3","714319",,"BUICK","UNKNOWN","IL","2006","UNKNOWN","PASSENGER","UNKNOWN/NA","SW","BACKING",,,"4",,,,,,,,,,,,,,"true","true","true",,"TOTAL (ALL AREAS)",,,,,,,,,,,,,,,,,,,,,,,,,,,,,,,,,
"751961","JC457931","2019-10-02T23:20:00","2","DRIVER",,"714325",,"AUDI","UNKNOWN","IL","2014","NONE","PASSENGER","PERSONAL","E","TURNING LEFT",,,"1",,,,,,,,,"true","true",,,,,,,,"REAR",,,,,,,,,,,,,,,,,,,,,,,,,,,,,,,,,
"751968","JC457910","2019-10-02T23:15:00","2","PARKED",,"714330",,"FORD","FUSION","IL","2014","NONE","PASSENGER","NOT IN USE","E","PARKED",,,"0",,,,,,,,,"true","true","true",,,,,,,"REAR-LEFT",,,,,,,,,,,,,,,,,,,,,,,,,,,,,,,,,
"751969","JC457910","2019-10-02T23:15:00","3","PARKED",,"714332",,"NISSAN","VERSA","IL","2010","NONE","PASSENGER","NOT IN USE","E","PARKED",,,"0",,,,,,,,,"true","true","true","true","true","true","true",,,"REAR-LEFT",,,,,,,,,,,,,,,,,,,,,,,,,,,,,,,,,
"751944","JC457901","2019-10-02T23:10:00","1","DRIVER","2","714306",,"FORD","UNKNOWN","IL","2014","NONE","OTHER","AMBULANCE","S","TURNING LEFT","true",,"3",,"UNKNOWN",,,,,"true","true",,,,,,,,,,"REAR-RIGHT",,,,,,,,,,,,,,,,,,,,,,,,,,,,,,,,,
"751945","JC457901","2019-10-02T23:10:00","2","DRIVER",,"714309",,"SUBARU","XT COUPE","FL","2018","NONE","PASSENGER","PERSONAL","N","STRAIGHT AHEAD",,,"1",,,,,"true",,,,,,,,,,,"true",,"FRONT",,,,,,,,,,,,,,,,,,,,,,,,,,,,,,,,,
"751951","JC457911","2019-10-02T23:06:00","2","DRIVER",,"714320",,"BMW","X5","IL","2012","UNKNOWN","SPORT UTILITY VEHICLE (SUV)","PERSONAL","W","SLOW/STOP IN TRAFFIC",,,"1",,,,,,,,,,"true",,,,,,,,"REAR-LEFT",,,,,,,,,,,,,,,,,,,,,,,,,,,,,,,,,
"752377","JC458725","2019-10-02T23:00:00","2","PARKED",,"714717",,"TOYOTA MOTOR COMPANY, LTD.","Avalon","IL","2018","UNKNOWN","PASSENGER","PERSONAL","UNKNOWN","PARKED",,,"0",,,,,"true",,,,,,,,,,,"true",,"FRONT",,,,,,,,,,,,,,,,,,,,,,,,,,,,,,,,,
"751976","JC457904","2019-10-02T22:58:00","1","DRIVER","1","714338",,"DODGE","DART","IL","2019","UNKNOWN","PASSENGER","PERSONAL","W","STRAIGHT AHEAD",,,"2",,,,,,,,,,,,,,,,"true",,"OTHER",,,,,,,,,,,,,,,,,,,,,,,,,,,,,,,,,
"751977","JC457904","2019-10-02T22:58:00","2","DRIVER",,"714339",,"NISSAN","UNKNOWN","IL","2015","UNKNOWN","PASSENGER","PERSONAL","E","STRAIGHT AHEAD",,,"1",,,,,"true",,,,,,,,,,"true","true",,"OTHER",,,,,,,,,,,,,,,,,,,,,,,,,,,,,,,,,
"751964","JC457896","2019-10-02T22:58:00","1","DRIVER","1","714326",,"DODGE","DART","IL","2019","UNKNOWN","PASSENGER","PERSONAL","W","STRAIGHT AHEAD","false",,"2",,,,,,,,,,,,,,,"false","false",,"OTHER",,,,,,,,,,,,,,,,,,,,,,,,,,,,,,,,,
"751966","JC457896","2019-10-02T22:58:00","3","PARKED",,"714328",,"NISSAN","UNKNOWN","IL","2017","UNKNOWN","PASSENGER","PERSONAL","S","PARKED",,,"0",,,,,,,,,,,,,,,,"true",,"OTHER",,,,,,,,,,,,,,,,,,,,,,,,,,,,,,,,,
"751953","JC457897","2019-10-02T22:45:00","2","DRIVER",,"714322",,"TOYOTA MOTOR COMPANY, LTD.","YARIS","IL","2019","NONE","PASSENGER","PERSONAL","E","STRAIGHT AHEAD",,,"2",,,,,,,,,,,,,"true","true","true",,,"TOTAL (ALL AREAS)",,,,,,,,,,,,,,,,,,,,,,,,,,,,,,,,,
"751946","JC457889","2019-10-02T22:13:00","1","DRIVER",,"714308",,"HONDA","CRV","IL","2015","NONE","SPORT UTILITY VEHICLE (SUV)","PERSONAL","N","STRAIGHT AHEAD",,,"1",,,,,"true",,,,,,,,,,,,,"FRONT",,,,,,,,,,,,,,,,,,,,,,,,,,,,,,,,,
"751959","JC457889","2019-10-02T22:13:00","2","DRIVER","2","714316",,"TOYOTA MOTOR COMPANY, LTD.","CAMRY","IL","2015","NONE","PASSENGER","PERSONAL","W","TURNING RIGHT",,,"3",,,,,,,,,,,,,,,"true",,,"TOTAL (ALL AREAS)",,,,,,,,,,,,,,,,,,,,,,,,,,,,,,,,,
"751940","JC457887","2019-10-02T22:00:00","1","DRIVER","1","714310",,"NISSAN","ROGUE","IL","2015","UNKNOWN","SPORT UTILITY VEHICLE (SUV)","PERSONAL","N","TURNING ON RED",,,"2",,,,,"false","false",,,,,,,,"true","true","false",,"TOTAL (ALL AREAS)",,,,,,,,,,,,,,,,,,,,,,,,,,,,,,,,,
"751925","JC457875","2019-10-02T21:50:00","2","DRIVER","1","714284",,"DODGE","CARAVAN","IL","2015","NONE","PASSENGER","RIDESHARE SERVICE","S","SLOW/STOP IN TRAFFIC",,,"2",,,,"true",,,,,,"false",,,,,,,,"REAR-LEFT",,,,,,,,,,,,,,,,,,,,,,,,,,,,,,,,,
"751922","JC457855","2019-10-02T21:40:00","1","DRIVER",,"714280","true","NEW FLYER","NEW FLYER","IL","2012","UNKNOWN","UNKNOWN/NA","CTA","N","TURNING LEFT",,,"1",,,,,,,,,,,,,,,,,,"UNKNOWN","8312",,,,,,"CHICAGO TRANSIT AUTHORITY","IL","CHICAGO",,,,,,,,,,,,,,,,,,,,,,,,
"751923","JC457855","2019-10-02T21:40:00","2","DRIVER","1","714290",,"BMW","528I","IL","2015","UNKNOWN","PASSENGER","PERSONAL","E","SLOW/STOP IN TRAFFIC",,,"2",,,,,,,,,,,,,,"true",,,,"UNDER CARRIAGE",,,,,,,,,,,,,,,,,,,,,,,,,,,,,,,,,
"751906","JC457846","2019-10-02T21:39:00","1","DRIVER",,"714271",,"VOLKSWAGEN","JETTA","WI","2010","UNKNOWN","PASSENGER","PERSONAL","S","BACKING",,,"1",,,,,,,,"true",,,,,,,,"true",,"OTHER",,,,,,,,,,,,,,,,,,,,,,,,,,,,,,,,,
"751907","JC457846","2019-10-02T21:39:00","2","DRIVER",,"714273",,"SUBARU","FORESTER","CO","2009","NONE","PASSENGER","PERSONAL","N","SLOW/STOP IN TRAFFIC",,,"1",,,,,,,,,"true",,,,,,"true",,,"REAR",,,,,,,,,,,,,,,,,,,,,,,,,,,,,,,,,
"751921","JC457882","2019-10-02T21:30:00","3","PARKED",,"714292",,"LEXUS","UNKNOWN","IL","2018","UNKNOWN","PASSENGER","NOT IN USE","N","PARKED",,,"0",,,,,,,,,,,"true",,,,,,"true","SIDE-LEFT",,,,,,,,,,,,,,,,,,,,,,,,,,,,,,,,,
"751935","JC457841","2019-10-02T21:16:00","2","DRIVER",,"714294",,"DODGE","CHARGER","IL","2007","UNKNOWN","PASSENGER","PERSONAL","E","STRAIGHT AHEAD",,,"1",,,,,"true",,,,"true","true","true",,,,"true","true",,"REAR-LEFT",,,,,,,,,,,,,,,,,,,,,,,,,,,,,,,,,
"751929","JC457856","2019-10-02T21:15:00","2","DRIVER",,"714300",,"CHEVROLET","EQUINOX","IL","2016","NONE","PASSENGER","PERSONAL","NW","STRAIGHT AHEAD",,,"1",,,,,,,,,,,"true",,,,,,,"REAR",,,,,,,,,,,,,,,,,,,,,,,,,,,,,,,,,
"751889","JC457818","2019-10-02T21:10:00","1","DRIVER",,"714251",,"SCION","XB","IL","2012","NONE","PASSENGER","TAXI/FOR HIRE","S","TURNING LEFT",,,"1",,,,,,,,,,,,,,,,,,"REAR",,,,,,,,,,,,,,,,,,,,,,,,,,,,,,,,,
"752174","JC458326","2019-10-02T21:00:00","2","DRIVER",,"714517",,"FORD","MUSTANG","IL","2017","NONE","PASSENGER","PERSONAL","W","STRAIGHT AHEAD",,,"1",,,,,,,,,"true","true",,,,,"true",,,"TOTAL (ALL AREAS)",,,,,,,,,,,,,,,,,,,,,,,,,,,,,,,,,
"751910","JC457863","2019-10-02T21:00:00","1","DRIVER",,"714272",,"KIA MOTORS CORP","UNKNOWN","IL","2016","UNKNOWN","UNKNOWN/NA","UNKNOWN/NA","W","STRAIGHT AHEAD",,,"1",,,,,,,,,,,,,,,,,"true","UNKNOWN",,,,,,,,,,,,,,,,,,,,,,,,,,,,,,,,,
"751911","JC457863","2019-10-02T21:00:00","2","DRIVER",,"714274",,"CHEVROLET","IMPALA","IL","2015","NONE","PASSENGER","PERSONAL","W","STRAIGHT AHEAD",,,"1",,,,,,,,,"true","true","true",,,,,,,"REAR-LEFT",,,,,,,,,,,,,,,,,,,,,,,,,,,,,,,,,
"751958","JC457872","2019-10-02T20:54:00","3","DRIVER","1","714324",,"FORD","Focus","IL","2016","UNKNOWN","PASSENGER","PERSONAL","N","SLOW/STOP IN TRAFFIC","true",,"2",,"private ( cook county )","body shop",,"true","true","true","true","true","true",,"true","true","true","true",,"true","FRONT-LEFT",,,,,,,,,,,,,,,,,,,,,,,,,,,,,,,,,
"751943","JC457831","2019-10-02T20:53:00","1","DRIVER",,"714305",,"BUICK","REGAL","IL","2006","UNKNOWN","PASSENGER","PERSONAL","N","OTHER","true",,"1",,"streets and sanitation","parking lot",,"true","true","true","true","true","true","true","true","true","true","true","true","true","REAR",,,,,,,,,,,,,,,,,,,,,,,,,,,,,,,,,
"751913","JC457788","2019-10-02T20:34:00","1","DRIVER","1","714285",,"BUICK","UNKNOWN","IL","2006","NONE","PASSENGER","PERSONAL","N","STRAIGHT AHEAD","true",,"2",,"City of Chicago","city pound",,"true",,,,,,,,,,"true","true",,"OTHER",,,,,,,,,,,,,,,,,,,,,,,,,,,,,,,,,
"751914","JC457788","2019-10-02T20:34:00","2","DRIVER",,"714293",,"HONDA","HONDA","IL","2008","NONE","PASSENGER","PERSONAL","N","STRAIGHT AHEAD","true",,"1",,"private tow","private tow",,"true",,,,"true","true","true",,,,"true","true",,"REAR-LEFT",,,,,,,,,,,,,,,,,,,,,,,,,,,,,,,,,
"751915","JC457788","2019-10-02T20:34:00","3","DRIVER",,"714297",,"HYUNDAI","SONATA","IL","2017","NONE","PASSENGER","PERSONAL","N","STRAIGHT AHEAD","true",,"1",,"private tow","private location",,"false",,,,"true","true","true",,,,"false","true",,"REAR-LEFT",,,,,,,,,,,,,,,,,,,,,,,,,,,,,,,,,
"751916","JC457788","2019-10-02T20:34:00","4","DRIVER","1","714304",,"NISSAN","NISSAN ALTIMA","IL","2018","NONE","PASSENGER","PERSONAL","N","STRAIGHT AHEAD",,,"2",,,,,,,,,"true","true","true",,,,,,,"REAR-LEFT",,,,,,,,,,,,,,,,,,,,,,,,,,,,,,,,,