"crash_unit_id","rd_no","crash_date","unit_no","unit_type","num_passengers","vehicle_id","cmrc_veh_i","make","model","lic_plate_state","vehicle_year","vehicle_defect","vehicle_type","vehicle_use","travel_direction","maneuver","towed_i","fire_i","occupant_cnt","exceed_speed_limit_i","towed_by","towed_to","area_00_i","area_01_i","area_02_i","area_03_i","area_04_i","area_05_i","area_06_i","area_07_i","area_08_i","area_09_i","area_10_i","area_11_i","area_12_i","area_99_i","first_contact_point","cmv_id","usdot_no","ccmc_no","ilcc_no","commercial_src","gvwr","carrier_name","carrier_state","carrier_city","hazmat_placards_i","hazmat_name","un_no","hazmat_present_i","hazmat_report_i","hazmat_report_no","mcs_report_i","mcs_report_no","hazmat_vio_cause_crash_i","mcs_vio_cause_crash_i","idot_permit_no","wide_load_i","trailer1_width","trailer2_width","trailer1_length","trailer2_length","total_vehicle_length","axle_cnt","vehicle_config","cargo_body_type","load_type","hazmat_out_of_service_i","mcs_out_of_service_i","hazmat_class"
"752210","JC458385","2019-10-02T20:30:00","2","PARKED",,"714558",,"CHEVROLET","MALIBU (CHEVELLE)","IL","2008","NONE","PASSENGER","NOT IN USE","S","PARKED",,,"0",,,,,,,,,,,,,"true",,,,,"UNDER CARRIAGE",,,,,,,,,,,,,,,,,,,,,,,,,,,,,,,,,
"751883","JC457810","2019-10-02T20:30:00","1","DRIVER",,"714248",,"MAZDA","6 (Six)","IL","2014","UNKNOWN","UNKNOWN/NA","UNKNOWN/NA","N","UNKNOWN/NA",,,"1",,,,,,,"true","true","true",,,,,,,,,"REAR",,,,,,,,,,,,,,,,,,,,,,,,,,,,,,,,,
"751884","JC457810","2019-10-02T20:30:00","2","DRIVER",,"714253",,"TOYOTA MOTOR COMPANY, LTD.","COROLLA","IL","2019","UNKNOWN","PASSENGER","UNKNOWN/NA","W","UNKNOWN/NA",,,"1",,,,,,,,,,,,,,,,"true",,"OTHER",,,,,,,,,,,,,,,,,,,,,,,,,,,,,,,,,
"751881","JC457801","2019-10-02T20:20:00","1","DRIVER",,"714249",,"HYUNDAI","ELANTRA","IL","2017","NONE","PASSENGER","PERSONAL","N","CHANGING LANES",,,"1",,,,,,,,,"true",,,,,,,,,"REAR",,,,,,,,,,,,,,,,,,,,,,,,,,,,,,,,,
"751882","JC457801","2019-10-02T20:20:00","2","DRIVER",,"714255",,"JEEP","Grand Cherokee (for vehicle years 1989 to present)","IL","2007","NONE","PASSENGER","PERSONAL","N","STRAIGHT AHEAD",,,"1",,,,,,,,,,,,,,,"true",,,"TOTAL (ALL AREAS)",,,,,,,,,,,,,,,,,,,,,,,,,,,,,,,,,
"751887","JC457767","2019-10-02T20:13:00","1","DRIVER","1","714254",,"CHRYSLER","Sebring","IL","2007","UNKNOWN","PASSENGER","PERSONAL","S","TURNING LEFT",,,"2",,,,,"true","true",,,,,,,,"true","true","true",,"OTHER",,,,,,,,,,,,,,,,,,,,,,,,,,,,,,,,,
"751888","JC457767","2019-10-02T20:13:00","2","DRIVER","1","714262",,"NISSAN","NISSAN ALTIMA","IL","2015","UNKNOWN","PASSENGER","PERSONAL","N","STRAIGHT AHEAD","true",,"2",,"private","private",,"true",,,,,,,,"true","true","true","true",,"OTHER",,,,,,,,,,,,,,,,,,,,,,,,,,,,,,,,,
"756570","JC466566","2019-10-02T20:00:00","1","DRIVER",,"718651",,"HYUNDAI","TUCSON","IL","2012","NONE","PASSENGER","PERSONAL","S","TURNING RIGHT",,,"1",,,,,,,"true","true",,,,,,,,,,"SIDE-RIGHT",,,,,,,,,,,,,,,,,,,,,,,,,,,,,,,,,
"756571","JC466566","2019-10-02T20:00:00","2","PARKED","1","718636",,"CHEVROLET","Express (full-size van)","IL","2016","NONE","VAN/MINI-VAN","PERSONAL","S","PARKED",,,"1",,,,,,,,,,"true","true",,,,,,,"SIDE-LEFT",,,,,,,,,,,,,,,,,,,,,,,,,,,,,,,,,
"752442","JC458828","2019-10-02T20:00:00","2","PARKED",,"714763",,"NISSAN","NISSAN ALTIMA","IL","2013","UNKNOWN","PASSENGER","NOT IN USE","SE","PARKED",,,"0",,,,,,,,,,,,,"true","true",,,,"ROOF",,,,,,,,,,,,,,,,,,,,,,,,,,,,,,,,,
"752369","JC458212","2019-10-02T19:50:00","1","DRIVER",,"714700",,"HONDA","ACCORD","IL","2015","UNKNOWN","PASSENGER","UNKNOWN/NA","NW","STRAIGHT AHEAD",,,"1",,,,,,,,,,,,,,,"true",,,"TOTAL (ALL AREAS)",,,,,,,,,,,,,,,,,,,,,,,,,,,,,,,,,
"751894","JC457827","2019-10-02T19:45:00","1","DRIVER",,"714261",,"CHEVROLET","IMPALA","IL","2018","UNKNOWN","PASSENGER","UNKNOWN/NA","N","AVOIDING VEHICLES/OBJECTS",,,"1",,,,,,,,"true",,,,,,,,,,"REAR-RIGHT",,,,,,,,,,,,,,,,,,,,,,,,,,,,,,,,,
"751895","JC457827","2019-10-02T19:45:00","2","DRIVER",,"714264",,"JEEP","Wrangler (for vehicle years 1989 to present)","IL","2016","NONE","PASSENGER","PERSONAL","N","STRAIGHT AHEAD",,,"1",,,,,,,,,,,,,,,"true",,,"TOTAL (ALL AREAS)",,,,,,,,,,,,,,,,,,,,,,,,,,,,,,,,,
"751864","JC457713","2019-10-02T19:42:00","2","DRIVER",,"714230",,"TOYOTA MOTOR COMPANY, LTD.","UNKNOWN","IL","2016","UNKNOWN","PASSENGER","PERSONAL","E","STRAIGHT AHEAD","true",,"1",,"PRIVATE","UNKNOWN",,,,,,,,,,,,"true","true",,"TOTAL (ALL AREAS)",,,,,,,,,,,,,,,,,,,,,,,,,,,,,,,,,
"751869","JC457712","2019-10-02T19:35:00","2","DRIVER",,"714243",,"BUICK","UNKNOWN","IL","2016","NONE","PASSENGER","PERSONAL","W","SLOW/STOP IN TRAFFIC",,,"1",,,,,,,,,,"true",,,,,,,,"REAR-LEFT",,,,,,,,,,,,,,,,,,,,,,,,,,,,,,,,,
"751824","JC457674","2019-10-02T19:35:00","1","DRIVER",,"714184",,"VOLKSWAGEN","PASSAT","IL","2007","NONE","PASSENGER","PERSONAL","N","UNKNOWN/NA",,,"1",,,,,,,,,,,,,,,,"true",,"OTHER",,,,,,,,,,,,,,,,,,,,,,,,,,,,,,,,,
"751825","JC457674","2019-10-02T19:35:00","2","DRIVER",,"714189",,"HYUNDAI","ELANTRA","IL","2012","NONE","PASSENGER","PERSONAL","N","UNKNOWN/NA",,,"1",,,,,,,,,,"true",,,,,,,,"REAR-LEFT",,,,,,,,,,,,,,,,,,,,,,,,,,,,,,,,,
"752526","JC458920","2019-10-02T19:30:00","1","DRIVER",,"714856",,"JEEP","JEEP - YEAR GREATER 1988","IL","2007","UNKNOWN","SPORT UTILITY VEHICLE (SUV)","UNKNOWN/NA","N","STRAIGHT AHEAD",,,"1",,,,,,,,,,,,,,,,"true",,"OTHER",,,,,,,,,,,,,,,,,,,,,,,,,,,,,,,,,
"752527","JC458920","2019-10-02T19:30:00","2","DRIVER","1","714849",,"CHEVROLET","CRUZE","IL","2013","UNKNOWN","PASSENGER","PERSONAL","N","SLOW/STOP IN TRAFFIC",,,"2",,,,,,,,,,"true",,,,,,"true",,"REAR-LEFT",,,,,,,,,,,,,,,,,,,,,,,,,,,,,,,,,
"751877","JC457797","2019-10-02T19:30:00","1","DRIVER",,"714245",,"JEEP","Wrangler (for vehicle years 1989 to present)","IL","2012","UNKNOWN","PASSENGER","PERSONAL","E","STRAIGHT AHEAD",,,"1",,,,"true",,,,,,,,,,,,,,"OTHER",,,,,,,,,,,,,,,,,,,,,,,,,,,,,,,,,
"751878","JC457797","2019-10-02T19:30:00","2","DRIVER",,"714247",,"TOYOTA MOTOR COMPANY, LTD.","CAMRY","IL","2014","UNKNOWN","PASSENGER","PERSONAL","E","SLOW/STOP IN TRAFFIC",,,"1",,,,,,,,,"true","true","true",,,,,,,"REAR-LEFT",,,,,,,,,,,,,,,,,,,,,,,,,,,,,,,,,
"751853","JC457722","2019-10-02T19:30:00","2","DRIVER",,"714211",,"TOYOTA MOTOR COMPANY, LTD.","CAMRY","IL","2013","NONE","PASSENGER","TAXI/FOR HIRE","S","SLOW/STOP IN TRAFFIC",,,"1",,,,,,,,,,"true",,,,,,,,"REAR-LEFT",,,,,,,,,,,,,,,,,,,,,,,,,,,,,,,,,
"751860","JC457733","2019-10-02T19:25:00","2","DRIVER",,"714228",,"CHEVROLET","Express (full-size van)","IL","2012","NONE","VAN/MINI-VAN","PERSONAL","S","STRAIGHT AHEAD",,,"1",,,,,,,,,,"true",,,,,,,,"REAR-LEFT",,,,,,,,,,,,,,,,,,,,,,,,,,,,,,,,,
"751841","JC457709","2019-10-02T19:25:00","1","DRIVER",,"714201",,"TOYOTA MOTOR COMPANY, LTD.","Prius","IL","2013","NONE","PASSENGER","TAXI/FOR HIRE","W","U-TURN",,,"1",,,,,"true",,,,,,,,,,,,,"FRONT",,,,,,,,,,,,,,,,,,,,,,,,,,,,,,,,,
"751842","JC457709","2019-10-02T19:25:00","2","DRIVER",,"714209",,"HONDA","CIVIC","IL","2009","NONE","PASSENGER","PERSONAL","E","STRAIGHT AHEAD",,,"1",,,,,,,,,,,,,,,"true","true",,"OTHER",,,,,,,,,,,,,,,,,,,,,,,,,,,,,,,,,
"751837","JC457685","2019-10-02T19:16:00","1","DRIVER",,"714196",,"TOYOTA MOTOR COMPANY, LTD.","CAMRY","IL","2006","NONE","PASSENGER","PERSONAL","E","TURNING RIGHT",,,"1",,,,,,,,,,,,,,,"true",,,"TOTAL (ALL AREAS)",,,,,,,,,,,,,,,,,,,,,,,,,,,,,,,,,
"751838","JC457685","2019-10-02T19:16:00","2","DRIVERLESS",,"714205",,"CHEVROLET","Trail Blazer","IL","2007","NONE","PASSENGER","NOT IN USE","N","PARKED",,,"0",,,,,,,,,,,,,,,"true",,,"TOTAL (ALL AREAS)",,,,,,,,,,,,,,,,,,,,,,,,,,,,,,,,,
"752427","JC458792","2019-10-02T19:15:00","1","DRIVER",,"714755",,"NISSAN","NISSAN","IL","2017","UNKNOWN","UNKNOWN/NA","UNKNOWN/NA","W","ENTERING TRAFFIC LANE FROM PARKING",,,"1",,,,,,,,,,,,,,,"true",,,"TOTAL (ALL AREAS)",,,,,,,,,,,,,,,,,,,,,,,,,,,,,,,,,
"752428","JC458792","2019-10-02T19:15:00","2","DRIVER",,"714758",,"FORD","ESCAPE (SUV)","MI","2014","NONE","PASSENGER","PERSONAL","W","STRAIGHT AHEAD",,,"1",,,,,"true","true",,,,,,,,,,,,"FRONT",,,,,,,,,,,,,,,,,,,,,,,,,,,,,,,,,
"751833","JC457657","2019-10-02T18:59:00","1","DRIVER",,"714193",,"MITSUBISHI","Outlander","IL","2016","NONE","SPORT UTILITY VEHICLE (SUV)","PERSONAL","W","STRAIGHT AHEAD",,,"1",,,,"true",,,,,,,,,,,,,,"FRONT",,,,,,,,,,,,,,,,,,,,,,,,,,,,,,,,,
"751851","JC457681","2019-10-02T18:50:00","2","DRIVER",,"714235",,"CHEVROLET","EQUINOX","IL","2016","NONE","PASSENGER","PERSONAL","E","SLOW/STOP IN TRAFFIC",,,"1",,,,,,,,,,"true",,,,,,,,"REAR-LEFT",,,,,,,,,,,,,,,,,,,,,,,,,,,,,,,,,
"752279","JC457676","2019-10-02T18:50:00","1","DRIVER","1","714626",,"JEEP","CHEROKEE","IL","2016","NONE","SPORT UTILITY VEHICLE (SUV)","PERSONAL","N","ENTERING TRAFFIC LANE FROM PARKING",,,"2",,,,,,,,,,,,,,,"true",,,"TOTAL (ALL AREAS)",,,,,,,,,,,,,,,,,,,,,,,,,,,,,,,,,
"752280","JC457676","2019-10-02T18:50:00","2","DRIVER",,"714618",,"INFINITI","FX35","IL","2006","NONE","PASSENGER","PERSONAL","N","STRAIGHT AHEAD",,,"1",,,,,,,"true",,,,,,,,,,,"SIDE-RIGHT",,,,,,,,,,,,,,,,,,,,,,,,,,,,,,,,,
"751797","JC457632","2019-10-02T18:50:00","1","DRIVER",,"714160",,"GENERAL MOTORS CORP.","ACADIA","IL","2012","NONE","OTHER","NOT IN USE","S","STRAIGHT AHEAD",,,"1",,,,"true",,,,,,,,,,,,"false",,"OTHER",,,,,,,,,,,,,,,,,,,,,,,,,,,,,,,,,
"751826","JC457680","2019-10-02T18:45:00","1","DRIVER",,"714224",,"FORD","UNKNOWN","IL","2008","UNKNOWN","SPORT UTILITY VEHICLE (SUV)","UNKNOWN/NA","SW","TURNING LEFT",,,"1",,,,,"true",,,,,,,,,,"true","true",,"OTHER",,,,,,,,,,,,,,,,,,,,,,,,,,,,,,,,,
"751827","JC457680","2019-10-02T18:45:00","2","DRIVER",,"714190",,"LINCOLN-CONTINENTAL","TOWNCAR","IL","2009","UNKNOWN","PASSENGER","UNKNOWN/NA","E","STRAIGHT AHEAD",,,"1",,,,,"true","true",,,,,,,,"true",,"true",,"OTHER",,,,,,,,,,,,,,,,,,,,,,,,,,,,,,,,,
"751792","JC457624","2019-10-02T18:45:00","1","DRIVER",,"714152",,"NISSAN","Pathfinder","IL","2017","NONE","SPORT UTILITY VEHICLE (SUV)","PERSONAL","N","STRAIGHT AHEAD",,,"1",,,,,,,,,,,,,,,,,,"OTHER",,,,,,,,,,,,,,,,,,,,,,,,,,,,,,,,,
"751872","JC457726","2019-10-02T18:40:00","1","DRIVER",,"714237",,"NISSAN","UNKNOWN","IL","2012","UNKNOWN","VAN/MINI-VAN","PERSONAL","S","STRAIGHT AHEAD",,,"1",,,,,,,,"true","true",,,,,"true","true","true",,"OTHER",,,,,,,,,,,,,,,,,,,,,,,,,,,,,,,,,
"751873","JC457726","2019-10-02T18:40:00","2","DRIVER","2","714241",,"FORD","FIESTA","IL","2018","NONE","PASSENGER","PERSONAL","S","SLOW/STOP IN TRAFFIC",,,"3",,,,,,,,"true","true",,,,,"true","true",,,"REAR-RIGHT",,,,,,,,,,,,,,,,,,,,,,,,,,,,,,,,,
"751861","JC457707","2019-10-02T18:40:00","1","DRIVER",,"714229",,"AMTRAN CORP, GENSIS BUSES","AMTRAN CORP, GENSIS BUSES","IL","2015","UNKNOWN","BUS OVER 15 PASS.","CTA","S","STRAIGHT AHEAD",,,"1",,,,,,,,,,,,,,"true",,,,"TOTAL (ALL AREAS)",,,,,,,,,,,,,,,,,,,,,,,,,,,,,,,,,
"751862","JC457707","2019-10-02T18:40:00","2","DRIVER",,"714233",,"GENERAL MOTORS CORP.","YUKON","MA","2019","UNKNOWN","SPORT UTILITY VEHICLE (SUV)","PERSONAL","S","STRAIGHT AHEAD",,,"1",,,,,,,,"true",,,,,,,,,,"REAR",,,,,,,,,,,,,,,,,,,,,,,,,,,,,,,,,
"751839","JC457710","2019-10-02T18:35:00","1","DRIVER","1","714206",,"CHEVROLET","IMPALA","MI","2008","NONE","PASSENGER","PERSONAL","W","STRAIGHT AHEAD","true",,"2",,"luckys towing",,,"true",,,,,,,,,,"true","true",,"OTHER",,,,,,,,,,,,,,,,,,,,,,,,,,,,,,,,,
"751840","JC457710","2019-10-02T18:35:00","2","DRIVER",,"714199",,"FORD","ESCAPE (SUV)","IL","2010","NONE","SPORT UTILITY VEHICLE (SUV)","PERSONAL","W","SLOW/STOP IN TRAFFIC",,,"1",,,,,,,,,"true","true","true",,,,,,,"REAR-LEFT",,,,,,,,,,,,,,,,,,,,,,,,,,,,,,,,,
"751807","JC457625","2019-10-02T18:35:00","1","DRIVER","1","714176",,"CHEVROLET","TAHOE","IL","2010","BRAKES","SPORT UTILITY VEHICLE (SUV)","POLICE","E","STRAIGHT AHEAD",,,"2",,,,,"true",,,,,,,,,,,,,"FRONT",,,,,,,,,,,,,,,,,,,,,,,,,,,,,,,,,
"751885","JC457617","2019-10-02T18:34:00","1","DRIVER",,"714252",,"TOYOTA MOTOR COMPANY, LTD.","Solara","IL","2006","UNKNOWN","PASSENGER","PERSONAL","W","STRAIGHT AHEAD","true",,"1",,,,,"true",,,,,,,,,,"true","true",,"OTHER",,,,,,,,,,,,,,,,,,,,,,,,,,,,,,,,,
"751886","JC457617","2019-10-02T18:34:00","2","PARKED",,"714257",,"FORD","FORD-TRUCK,VAN,SUV, ETC","IL","2013","NONE","PICKUP","NOT IN USE","W","PARKED",,,"0",,,,,,,,,"true","true","true",,,,,,,"REAR-LEFT",,,,,,,,,,,,,,,,,,,,,,,,,,,,,,,,,
"751836","JC457706","2019-10-02T18:30:00","2","DRIVER",,"714192",,"BMW","UNKNOWN",,"2018","NONE","PASSENGER","PERSONAL","S","STRAIGHT AHEAD",,,"1",,,,,,"false","false",,,,"true","true","true","true","true",,,"ROOF",,,,,,,,,,,,,,,,,,,,,,,,,,,,,,,,,
"751766","JC457594","2019-10-02T18:27:00","1","DRIVER","2","714137",,"FORD","EXPLORER","IL","2016","NONE","SPORT UTILITY VEHICLE (SUV)","POLICE","W","TURNING LEFT",,,"3",,,,,,,,,,,"true",,,,,,,"FRONT-LEFT",,,,,,,,,,,,,,,,,,,,,,,,,,,,,,,,,
"751767","JC457594","2019-10-02T18:27:00","2","PARKED",,"714158",,"CHEVROLET","TAHOE","IL","2016","NONE","TRUCK - SINGLE UNIT","PERSONAL","E","PARKED",,,"0",,,,,,,,,"true",,,,,,,,,"REAR-RIGHT",,,,,,,,,,,,,,,,,,,,,,,,,,,,,,,,,
"751790","JC457588","2019-10-02T18:20:00","1","DRIVER","1","714156",,"TESLA MOTORS","MODEL S","IL","2016","NONE","PASSENGER","PERSONAL","S","TURNING RIGHT",,,"2",,,,,,,"true","true",,,,,,,,,,"SIDE-RIGHT",,,,,,,,,,,,,,,,,,,,,,,,,,,,,,,,,
"751791","JC457588","2019-10-02T18:20:00","2","DRIVER",,"714180",,"LEXUS","ES300","IL","2013","NONE","PASSENGER","PERSONAL","S","STRAIGHT AHEAD",,,"1",,,,,,,,,,,,,,,"true",,,"TOTAL (ALL AREAS)",,,,,,,,,,,,,,,,,,,,,,,,,,,,,,,,,
"751845","JC457599","2019-10-02T18:19:00","1","DRIVER",,"714210",,"NISSAN","SENTRA (DATSUN AND NISSAN HAVE MERGED)","IL","2013","NONE","PASSENGER","PERSONAL","S","STRAIGHT AHEAD",,,"1",,,,,,,,,,,,,,,,"true",,"OTHER",,,,,,,,,,,,,,,,,,,,,,,,,,,,,,,,,
"751846","JC457599","2019-10-02T18:19:00","2","DRIVER",,"714215",,"HONDA","CRV","IL","2010","NONE","PASSENGER","NOT IN USE","S","STRAIGHT AHEAD",,,"1",,,,,,,,,,"true",,,,,,,,"REAR-LEFT",,,,,,,,,,,,,,,,,,,,,,,,,,,,,,,,,
"751773","JC457590","2019-10-02T18:15:00","1","DRIVER",,"714143",,"FORD","FORD","IL","2017","UNKNOWN","VAN/MINI-VAN","OTHER","N","STRAIGHT AHEAD",,,"1",,,,,,,,,,,,,,,,"true",,"OTHER",,,,,,,,,,,,,,,,,,,,,,,,,,,,,,,,,
"751786","JC457600","2019-10-02T18:12:00","1","DRIVER","1","714153",,"NISSAN","SENTRA (DATSUN AND NISSAN HAVE MERGED)","IL","2008","UNKNOWN","PASSENGER","PERSONAL","E","STRAIGHT AHEAD",,,"2",,,,,,,,,,,,,,,,"true",,"OTHER",,,,,,,,,,,,,,,,,,,,,,,,,,,,,,,,,
"751787","JC457600","2019-10-02T18:12:00","2","DRIVER",,"714165",,"CADILLAC","CTS","IL","2010","UNKNOWN","PASSENGER","PERSONAL","S","STRAIGHT AHEAD",,,"1",,,,,,,,"true",,,,,,,,,,"REAR-RIGHT",,,,,,,,,,,,,,,,,,,,,,,,,,,,,,,,,
"752638","JC459113","2019-10-02T18:10:00","1","DRIVER","1","714963",,"TOYOTA MOTOR COMPANY, LTD.","COROLLA","IL","2011","UNKNOWN","UNKNOWN/NA","UNKNOWN/NA","W","UNKNOWN/NA",,,"2",,,,,,,,,,,,,,,,"true",,"OTHER",,,,,,,,,,,,,,,,,,,,,,,,,,,,,,,,,
"752639","JC459113","2019-10-02T18:10:00","2","DRIVER",,"714967",,"VOLVO","VOLVO","IL","2014","NONE","PASSENGER","PERSONAL","S","STRAIGHT AHEAD",,,"1",,,,,,,,,,,,"true","true","true","true",,,"ROOF",,,,,,,,,,,,,,,,,,,,,,,,,,,,,,,,,
"751822","JC457658","2019-10-02T18:01:00","1","DRIVER",,"714204",,"SATURN","Vue","IL","2008","NONE","PASSENGER","PERSONAL","S","STRAIGHT AHEAD",,,"1",,,,,,,,,,,,,,,"true","true",,"TOTAL (ALL AREAS)",,,,,,,,,,,,,,,,,,,,,,,,,,,,,,,,,
"751909","JC457806","2019-10-02T18:00:00","2","DRIVER",,"714287",,"ACURA","ACURA","IL","2006","NONE","PASSENGER","PERSONAL","N","STRAIGHT AHEAD",,,"1",,,,,,,,,,,,,,,,"true",,"OTHER",,,,,,,,,,,,,,,,,,,,,,,,,,,,,,,,,
"751803","JC457640","2019-10-02T18:00:00","2","DRIVER",,"714174",,"NISSAN","NISSAN ALTIMA","IL","2017","NONE","PASSENGER","PERSONAL","W","STRAIGHT AHEAD",,,"1",,,,,,,"true","true","true",,,,,,,,,"REAR",,,,,,,,,,,,,,,,,,,,,,,,,,,,,,,,,
"751799","JC457628","2019-10-02T18:00:00","1","DRIVER",,"714161",,"NISSAN","JUKE","IL","2011","UNKNOWN","PASSENGER","PERSONAL","E","STRAIGHT AHEAD",,,"1",,,,"false",,,,,,,,,,,,,"true","OTHER",,,,,,,,,,,,,,,,,,,,,,,,,,,,,,,,,
"751800","JC457628","2019-10-02T18:00:00","2","DRIVER","1","714170",,"LINCOLN-CONTINENTAL","MKZ","IL","2012","NONE","PASSENGER","RIDESHARE SERVICE","E","SLOW/STOP IN TRAFFIC",,,"2",,,,,,,,,"true","true","true",,,,,,,"REAR-LEFT",,,,,,,,,,,,,,,,,,,,,,,,,,,,,,,,,
"751762","JC457622","2019-10-02T17:57:00","1","DRIVER",,"714136",,"NISSAN","SENTRA (DATSUN AND NISSAN HAVE MERGED)","IL","2009","NONE","PASSENGER","PERSONAL","UNKNOWN","BACKING",,,"1",,,,,,,,,,"true",,,,,,,,"REAR-LEFT",,,,,,,,,,,,,,,,,,,,,,,,,,,,,,,,,
"751828","JC457697","2019-10-02T17:55:00","1","DRIVER",,"714191",,"TOYOCAR VAN CONTAINER TRAILER","TOYOCAR VAN CONTAINER TRAILER","IL","2012","UNKNOWN","UNKNOWN/NA","UNKNOWN/NA","E","UNKNOWN/NA",,,"1",,,,,,,,,,,,,,,,,"true","UNKNOWN",,,,,,,,,,,,,,,,,,,,,,,,,,,,,,,,,
"751829","JC457697","2019-10-02T17:55:00","2","DRIVER",,"714197",,"TOYOTA MOTOR COMPANY, LTD.","UNKNOWN","IL","2007","UNKNOWN","UNKNOWN/NA","UNKNOWN/NA","E","STRAIGHT AHEAD",,,"1",,,,,,,,,"true","true","true","true","true","true",,,,"REAR-LEFT",,,,,,,,,,,,,,,,,,,,,,,,,,,,,,,,,
"751780","JC457597","2019-10-02T17:50:00","1","DRIVER",,"714149",,"TOYOTA MOTOR COMPANY, LTD.","YARIS","IL","2007","NONE","PASSENGER","PERSONAL","E","STRAIGHT AHEAD",,,"1",,,,,,,,,,,,,,,,"true",,"OTHER",,,,,,,,,,,,,,,,,,,,,,,,,,,,,,,,,
"751781","JC457597","2019-10-02T17:50:00","2","DRIVER",,"714159",,"HYUNDAI","Santa Fe","IL","2019","NONE","SPORT UTILITY VEHICLE (SUV)","PERSONAL","E","STRAIGHT AHEAD",,,"1",,,,,,,,,,"true",,,,,,,,"REAR-LEFT",,,,,,,,,,,,,,,,,,,,,,,,,,,,,,,,,
"751854","JC457574","2019-10-02T17:50:00","1","DRIVER","1","714213","true","FREIGHTLINER CORP.","FREIGHTLINER CORP.",,"2015","NONE","SINGLE UNIT TRUCK WITH TRAILER","COMMERCIAL - SINGLE UNIT","NE","TURNING RIGHT",,,"2",,,,,,,,,,,,,,,,,,"NONE",,,,,,,,,,,,,,,,,,,,,,,,,,,,,,,,,
"751865","JC457744","2019-10-02T17:41:00","1","DRIVER","1","714239",,"FORD","EXPLORER","IL","2017","NONE","SPORT UTILITY VEHICLE (SUV)","POLICE","S","BACKING",,,"2",,,,,,,,,,,"true",,,,,,,"SIDE-LEFT",,,,,,,,,,,,,,,,,,,,,,,,,,,,,,,,,
"751821","JC457654","2019-10-02T17:40:00","2","DRIVER",,"714182",,"HYUNDAI","Accent","IL","2017","NONE","PASSENGER","PERSONAL","S","STRAIGHT AHEAD",,,"1",,,,"true",,,,,,,,,,,,,"false","NONE",,,,,,,,,,,,,,,,,,,,,,,,,,,,,,,,,
"751771","JC457542","2019-10-02T17:38:00","2","DRIVER","1","714140",,"NISSAN","ROGUE","IL","2016","UNKNOWN","PASSENGER","TAXI/FOR HIRE","W","STRAIGHT AHEAD",,,"2",,,,,,,,,,,,"true",,,,,,"ROOF",,,,,,,,,,,,,,,,,,,,,,,,,,,,,,,,,
"751768","JC457516","2019-10-02T17:36:00","1","DRIVER",,"714138",,"TOYOTA MOTOR COMPANY, LTD.","RAV4 (sport utility)","IL","2016","NONE","PASSENGER","PERSONAL","W","PASSING/OVERTAKING","true",,"1",,"private tow","unknown",,,,,,,,,,,"true","true","true","true","TOTAL (ALL AREAS)",,,,,,,,,,,,,,,,,,,,,,,,,,,,,,,,,
"751769","JC457516","2019-10-02T17:36:00","2","DRIVER",,"714145",,"KIA MOTORS CORP","Optima","IL","2019","NONE","PASSENGER","PERSONAL","N","STRAIGHT AHEAD","true",,"1",,"private tow","unknown",,,"true","true",,,,,,,,,"true","true","FRONT",,,,,,,,,,,,,,,,,,,,,,,,,,,,,,,,,
"751722","JC457503","2019-10-02T17:33:00","2","DRIVER","2","714089",,"HYUNDAI","SONATA","IL","2009","UNKNOWN","PASSENGER","PERSONAL","E","STRAIGHT AHEAD",,,"3",,,,,,,,"true",,,,,,,,,,"REAR-RIGHT",,,,,,,,,,,,,,,,,,,,,,,,,,,,,,,,,
"752349","JC458667","2019-10-02T17:30:00","1","DRIVER",,"714691",,"KIA MOTORS CORP","UNKNOWN","IL","2017","NONE","PASSENGER","PERSONAL","N","PASSING/OVERTAKING",,,"1",,,,,,,,,,,,,"true","true","true",,,"ROOF",,,,,,,,,,,,,,,,,,,,,,,,,,,,,,,,,
"751785","JC457623","2019-10-02T17:30:00","2","DRIVER",,"714151",,"HONDA","CIVIC","IL","2014","NONE","PASSENGER","PERSONAL","E","TURNING LEFT",,,"1",,,,,,,,,,,,,"true","true","true",,,"ROOF",,,,,,,,,,,,,,,,,,,,,,,,,,,,,,,,,
"751775","JC457615","2019-10-02T17:30:00","1","DRIVER",,"714148",,"TOYOTA MOTOR COMPANY, LTD.","CAMRY","IL","2013","NONE","PASSENGER","PERSONAL","S","STRAIGHT AHEAD",,,"1",,,,,,"true","true","true",,,,,,,,,,"SIDE-RIGHT",,,,,,,,,,,,,,,,,,,,,,,,,,,,,,,,,
"751776","JC457615","2019-10-02T17:30:00","2","DRIVER","1","714155",,"FORD","ESCAPE (SUV)","IL","2008","NONE","PASSENGER","PERSONAL","E","STRAIGHT AHEAD",,,"2",,,,,"true",,,,,,,,,,"true","true",,"OTHER",,,,,,,,,,,,,,,,,,,,,,,,,,,,,,,,,
"751756","JC457578","2019-10-02T17:30:00","1","DRIVER",,"714115",,"NISSAN","VERSA",,"2012","NONE","PASSENGER","PERSONAL","S","CHANGING LANES",,,"1",,,,,,,,,,,,,,"true","true",,,"TOTAL (ALL AREAS)",,,,,,,,,,,,,,,,,,,,,,,,,,,,,,,,,
"751757","JC457578","2019-10-02T17:30:00","2","DRIVER",,"714122",,"FORD","F150","IL","2014","NONE","PICKUP","PERSONAL","S","STRAIGHT AHEAD",,,"1",,,,,,,"true","true","true",,,,,,,,,"SIDE-RIGHT",,,,,,,,,,,,,,,,,,,,,,,,,,,,,,,,,