"crash_unit_id","rd_no","crash_date","unit_no","unit_type","num_passengers","vehicle_id","cmrc_veh_i","make","model","lic_plate_state","vehicle_year","vehicle_defect","vehicle_type","vehicle_use","travel_direction","maneuver","towed_i","fire_i","occupant_cnt","exceed_speed_limit_i","towed_by","towed_to","area_00_i","area_01_i","area_02_i","area_03_i","area_04_i","area_05_i","area_06_i","area_07_i","area_08_i","area_09_i","area_10_i","area_11_i","area_12_i","area_99_i","first_contact_point","cmv_id","usdot_no","ccmc_no","ilcc_no","commercial_src","gvwr","carrier_name","carrier_state","carrier_city","hazmat_placards_i","hazmat_name","un_no","hazmat_present_i","hazmat_report_i","hazmat_report_no","mcs_report_i","mcs_report_no","hazmat_vio_cause_crash_i","mcs_vio_cause_crash_i","idot_permit_no","wide_load_i","trailer1_width","trailer2_width","trailer1_length","trailer2_length","total_vehicle_length","axle_cnt","vehicle_config","cargo_body_type","load_type","hazmat_out_of_service_i","mcs_out_of_service_i","hazmat_class"
"751759","JC457526","2019-10-02T17:30:00","2","DRIVER",,"714135",,"NISSAN","Terrano II (sport utility)","IL","2011","NONE","PASSENGER","PERSONAL","E","STRAIGHT AHEAD","true",,"1",,"private",,,,,,,"true","true","true",,,,,,,"REAR-LEFT",,,,,,,,,,,,,,,,,,,,,,,,,,,,,,,,,
"751728","JC457506","2019-10-02T17:25:00","1","DRIVER",,"714094",,"FREIGHTLINER CORP.","FREIGHTLINER CORP.","IL","2019","NONE","TRUCK - SINGLE UNIT","COMMERCIAL - SINGLE UNIT","E","STRAIGHT AHEAD",,,"1",,,,,"false",,,,,,,,,,,"true",,"OTHER",,,,,,,,,,,,,,,,,,,,,,,,,,,,,,,,,
"751729","JC457506","2019-10-02T17:25:00","2","DRIVER","2","714101",,"JEEP","UNKNOWN","IL","2018","NONE","SPORT UTILITY VEHICLE (SUV)","PERSONAL","N","TURNING LEFT",,,"3",,,,,,,,,,"true","true","true",,,,,,"FRONT-LEFT",,,,,,,,,,,,,,,,,,,,,,,,,,,,,,,,,
"751831","JC457675","2019-10-02T17:23:00","1","DRIVER",,"714198","false","FORD","Econoline E-450","AZ","2011","UNKNOWN","TRUCK - SINGLE UNIT","PERSONAL","N","STRAIGHT AHEAD",,,"1",,,,,,,,,,,,,,,,,,,,,,,,,,,,,,,,,,,,,,,,,,,,,,,,,,,
"751832","JC457675","2019-10-02T17:23:00","2","PARKED",,"714217",,"FORD","UNKNOWN","IL","2019","UNKNOWN","VAN/MINI-VAN","OTHER","N","PARKED",,,"0",,,,,,,,,,,,,,,,,,,,,,,,,,,,,,,,,,,,,,,,,,,,,,,,,,,
"751811","JC457508","2019-10-02T17:23:00","1","DRIVER","1","714178",,"CHEVROLET","CRUZE","IL","2018","NONE","PASSENGER","PERSONAL","N","TURNING LEFT","true",,"2",,"PRIVATE TOW",,,"true",,,,,,,,,,"true","true",,"OTHER",,,,,,,,,,,,,,,,,,,,,,,,,,,,,,,,,
"751812","JC457508","2019-10-02T17:23:00","2","DRIVER",,"714185","false","NISSAN","NISSAN","IL","2016","NONE","VAN/MINI-VAN","COMMERCIAL - SINGLE UNIT","E","STRAIGHT AHEAD",,,"1",,,,,,,"true","true",,,,,,,,,,"SIDE-RIGHT",,,,,,,,,,,,,,,,,,,,,,,,,,,,,,,,,
"751738","JC457531","2019-10-02T17:22:00","1","DRIVER",,"714111",,"TOYOTA MOTOR COMPANY, LTD.","RAV4 (sport utility)","IL","2014","UNKNOWN","PASSENGER","PERSONAL","N","STRAIGHT AHEAD",,,"1",,,,,,"true","true","true",,,,,,,,,,"SIDE-RIGHT",,,,,,,,,,,,,,,,,,,,,,,,,,,,,,,,,
"751739","JC457531","2019-10-02T17:22:00","2","DRIVER","1","714132",,"NISSAN","NISSAN ALTIMA","IL","2015","NONE","PASSENGER","PERSONAL","W","STRAIGHT AHEAD",,,"2",,,,,,,,,,,,,,,,"true",,"OTHER",,,,,,,,,,,,,,,,,,,,,,,,,,,,,,,,,
"751754","JC457572","2019-10-02T17:20:00","1","DRIVER",,"714116",,"HYUNDAI","SONATA","VA","2016","UNKNOWN","PASSENGER","UNKNOWN/NA","SW","STRAIGHT AHEAD",,,"1",,,,,"true",,,,,,,,,,"true","true",,"OTHER",,,,,,,,,,,,,,,,,,,,,,,,,,,,,,,,,
"751938","JC457845","2019-10-02T17:00:00","1","DRIVER",,"714299",,"HONDA","ACCORD","IL","2016","UNKNOWN","PASSENGER","PERSONAL","E","STRAIGHT AHEAD",,,"1",,,,,,,,,,,,,,,,"true",,"OTHER",,,,,,,,,,,,,,,,,,,,,,,,,,,,,,,,,
"751939","JC457845","2019-10-02T17:00:00","2","DRIVER",,"714303",,"FREIGHTLINER CORP.","UNKNOWN","IL","2018","NONE","OTHER","OTHER","E","STRAIGHT AHEAD",,,"1",,,,,,,,,,"true",,,,,,,,"REAR-LEFT",,,,,,,,,,,,,,,,,,,,,,,,,,,,,,,,,
"751690","JC457476","2019-10-02T17:00:00","1","DRIVER","1","714063",,"JEEP","PATRIOT","IL","2017","NONE","SPORT UTILITY VEHICLE (SUV)","PERSONAL","N","PASSING/OVERTAKING",,,"2",,,,,"true",,,,,,,,"true","true","true","true",,"OTHER",,,,,,,,,,,,,,,,,,,,,,,,,,,,,,,,,
"751691","JC457476","2019-10-02T17:00:00","2","DRIVER",,"714073",,"HYUNDAI","ELANTRA","IL","2017","NONE","PASSENGER","PERSONAL","W","TURNING LEFT",,,"1",,,,,,,,,,,"true","true","true","true","true",,,"TOTAL (ALL AREAS)",,,,,,,,,,,,,,,,,,,,,,,,,,,,,,,,,
"755881","JC457493","2019-10-02T16:45:00","1","DRIVER",,"717987",,"HONDA","FIT","IL","2019","UNKNOWN","UNKNOWN/NA","UNKNOWN/NA","N","UNKNOWN/NA",,,"1",,,,,,,,,,,,,,,,"true",,"OTHER",,,,,,,,,,,,,,,,,,,,,,,,,,,,,,,,,
"755882","JC457493","2019-10-02T16:45:00","2","DRIVER",,"717988",,"HINO","HINO","IL","2020","NONE","PASSENGER","OTHER","N","STRAIGHT AHEAD",,,"1",,,,,,,,,,"true",,,,,,,,"REAR-LEFT",,,,,,,,,,,,,,,,,,,,,,,,,,,,,,,,,
"752079","JC458178","2019-10-02T16:30:00","2","DRIVER",,"714445",,"TOYOTA MOTOR COMPANY, LTD.","COROLLA","IL","2019","NONE","PASSENGER","PERSONAL","S","TURNING LEFT",,,"1",,,,,,,,,,,,"true","true",,,,,"ROOF",,,,,,,,,,,,,,,,,,,,,,,,,,,,,,,,,
"751705","JC457468","2019-10-02T16:30:00","1","DRIVER",,"714083",,"FORD","Explorer","IL","2010","NONE","PASSENGER","PERSONAL","S","STRAIGHT AHEAD",,,"1",,,,,"true",,,,,,,,,,,,,"FRONT",,,,,,,,,,,,,,,,,,,,,,,,,,,,,,,,,
"751694","JC457426","2019-10-02T16:30:00","3","PARKED",,"714079",,"GENERAL MOTORS CORP.","SIERRA","IL","2007","NONE","PICKUP","PERSONAL","N","PARKED",,,"0",,,,,,,,,,,,,"true",,,,,"ROOF",,,,,,,,,,,,,,,,,,,,,,,,,,,,,,,,,
"751699","JC457455","2019-10-02T16:25:00","1","DRIVER",,"714112",,"TOYOTA MOTOR COMPANY, LTD.","UNKNOWN","IL","2014","UNKNOWN","PASSENGER","PERSONAL","E","STRAIGHT AHEAD",,,"1",,,,,,,,,,,,,,,,"true",,"OTHER",,,,,,,,,,,,,,,,,,,,,,,,,,,,,,,,,
"751700","JC457455","2019-10-02T16:25:00","2","DRIVER",,"714147",,"CHEVROLET","UNKNOWN","IL","2014","UNKNOWN","PASSENGER","PERSONAL","E","STRAIGHT AHEAD",,,"1",,,,,,,,,,"true",,,,,,,,"REAR-LEFT",,,,,,,,,,,,,,,,,,,,,,,,,,,,,,,,,
"751795","JC457629","2019-10-02T16:20:00","2","DRIVER",,"714163",,"CHEVROLET","COBALT","IL","2010","NONE","PASSENGER","PERSONAL","E","STRAIGHT AHEAD",,,"1",,,,,"true",,,,,,,,,,,,,"FRONT",,,,,,,,,,,,,,,,,,,,,,,,,,,,,,,,,
"751735","JC457459","2019-10-02T16:20:00","2","DRIVER","1","714119",,"SUBARU","OUTBACK","IL","2018","UNKNOWN","PASSENGER","PERSONAL","N","TURNING RIGHT",,,"2",,,,,,,,,,,,,,,,,,"OTHER",,,,,,,,,,,,,,,,,,,,,,,,,,,,,,,,,
"751716","JC457430","2019-10-02T16:20:00","2","DRIVER",,"714082",,"NISSAN","SENTRA (DATSUN AND NISSAN HAVE MERGED)","IL","2014","UNKNOWN","PASSENGER","PERSONAL","SE","TURNING RIGHT",,,"1",,,,,,,"true","true",,,,,,,,,,"REAR-RIGHT",,,,,,,,,,,,,,,,,,,,,,,,,,,,,,,,,
"751658","JC457410","2019-10-02T16:17:00","2","DRIVER",,"714036",,"CHEVROLET","Avalanche","IL","2010","NONE","PICKUP","PERSONAL","W","SLOW/STOP IN TRAFFIC",,,"1",,,,,,,,,,,,,,,,,,"REAR-LEFT",,,,,,,,,,,,,,,,,,,,,,,,,,,,,,,,,
"752199","JC458374","2019-10-02T16:15:00","1","DRIVER",,"714547",,"CHEVROLET","EQUINOX","IL","2016","UNKNOWN","SPORT UTILITY VEHICLE (SUV)","PERSONAL","S","STRAIGHT AHEAD",,,"1",,,,,,,,,,,,,,,,"true",,"OTHER",,,,,,,,,,,,,,,,,,,,,,,,,,,,,,,,,
"752200","JC458374","2019-10-02T16:15:00","2","DRIVER",,"714554",,"TOYOTA MOTOR COMPANY, LTD.","RAV4 (sport utility)","IL","2019","NONE","SPORT UTILITY VEHICLE (SUV)","PERSONAL","S","STRAIGHT AHEAD",,,"1",,,,,,,,,"true",,,,,,,,,"REAR",,,,,,,,,,,,,,,,,,,,,,,,,,,,,,,,,
"751749","JC457472","2019-10-02T16:15:00","2","PARKED",,"714130",,"MITSUBISHI","UNKNOWN","MO","2018","UNKNOWN","SPORT UTILITY VEHICLE (SUV)","PERSONAL","S","PARKED",,,"0",,,,,,,,,,,,,,,,"true",,"OTHER",,,,,,,,,,,,,,,,,,,,,,,,,,,,,,,,,
"751704","JC457470","2019-10-02T16:15:00","2","PARKED",,"714075",,"TOYOTA MOTOR COMPANY, LTD.","CAMRY","IL","2015","NONE","PASSENGER","PERSONAL","S","PARKED",,,"0",,,,,,,,"true",,,,,,,,,,"REAR-RIGHT",,,,,,,,,,,,,,,,,,,,,,,,,,,,,,,,,
"752547","JC457398","2019-10-02T16:15:00","2","DRIVER",,"714861",,"JEEP","Wrangler (for vehicle years 1989 to present)","IL","2015","NONE","PASSENGER","UNKNOWN/NA","N","TURNING LEFT",,,"1",,,,,"true",,,,,,,,,,,,,"FRONT",,,,,,,,,,,,,,,,,,,,,,,,,,,,,,,,,
"751710","JC457397","2019-10-02T16:15:00","2","DRIVER","1","714096",,"BUICK","REGAL","IL","2011","NONE","PASSENGER","PERSONAL","W","STRAIGHT AHEAD",,,"2",,,,,"true","true","true",,,,,,,,,"true",,"FRONT-RIGHT",,,,,,,,,,,,,,,,,,,,,,,,,,,,,,,,,
"751671","JC457394","2019-10-02T16:15:00","1","DRIVER",,"714049",,"MAZDA","Mazda 3","IL","2008","NONE","PASSENGER","PERSONAL","W","STRAIGHT AHEAD",,,"1",,,,,"true","true",,,,,,,,,,,,"TOTAL (ALL AREAS)",,,,,,,,,,,,,,,,,,,,,,,,,,,,,,,,,
"751672","JC457394","2019-10-02T16:15:00","2","PARKED",,"714051",,"UNKNOWN","UNKNOWN","IL","2007","NONE","PASSENGER","PERSONAL","W","PARKED",,,"0",,,,,,,,,,,"true",,,,,,,"SIDE-LEFT",,,,,,,,,,,,,,,,,,,,,,,,,,,,,,,,,
"756475","JC466378","2019-10-02T16:10:00","2","DRIVER","1","718590",,"KIA MOTORS CORP","SOUL","IL","2017","UNKNOWN","PASSENGER","RIDESHARE SERVICE","E","SLOW/STOP IN TRAFFIC",,,"2",,,,,,,,,,,,"true","true","true",,,,"ROOF",,,,,,,,,,,,,,,,,,,,,,,,,,,,,,,,,
"751745","JC457403","2019-10-02T16:10:00","2","DRIVER","1","714117",,"DODGE","JOURNEY","IL","2018","UNKNOWN","PASSENGER","PERSONAL","W","STRAIGHT AHEAD","true",,"2",,,,,"true",,,,,,"true","true","true",,,"true",,"FRONT-LEFT",,,,,,,,,,,,,,,,,,,,,,,,,,,,,,,,,
"751746","JC457403","2019-10-02T16:10:00","3","DRIVER","2","714128",,"CHEVROLET","MALIBU (CHEVELLE)","PA","2018","UNKNOWN","PASSENGER","OTHER","W","STRAIGHT AHEAD",,,"3",,,,,,,,,,,"true","true",,,,,,"FRONT-LEFT",,,,,,,,,,,,,,,,,,,,,,,,,,,,,,,,,
"751649","JC457379","2019-10-02T16:10:00","2","DRIVER",,"714053",,"TOYOTA MOTOR COMPANY, LTD.","UNKNOWN",,"2018","NONE","SPORT UTILITY VEHICLE (SUV)","PERSONAL","S","STRAIGHT AHEAD",,,"1",,,,,,,,,,"true",,,,,,,,"REAR-LEFT",,,,,,,,,,,,,,,,,,,,,,,,,,,,,,,,,
"751680","JC457458","2019-10-02T16:05:00","1","DRIVER",,"714071",,"PONTIAC","GRAND PRIX","IL","2008","UNKNOWN","PASSENGER","UNKNOWN/NA","W","UNKNOWN/NA",,,"1",,,,,,,,,,,,,,,,,"true","UNKNOWN",,,,,,,,,,,,,,,,,,,,,,,,,,,,,,,,,
"751681","JC457458","2019-10-02T16:05:00","2","DRIVER",,"714056",,"HONDA","CRV",,"2019","NONE","SPORT UTILITY VEHICLE (SUV)","PERSONAL","W","SLOW/STOP IN TRAFFIC",,,"1",,,,,,,,,,,"true",,,,,,,"SIDE-LEFT",,,,,,,,,,,,,,,,,,,,,,,,,,,,,,,,,
"751661","JC457401","2019-10-02T16:04:00","1","DRIVER","1","714052",,"HYUNDAI","TUCSON","IL","2008","UNKNOWN","SPORT UTILITY VEHICLE (SUV)","UNKNOWN/NA","S","UNKNOWN/NA",,,"2",,,,,,,,,,,,,,,,"true",,"OTHER",,,,,,,,,,,,,,,,,,,,,,,,,,,,,,,,,
"751662","JC457401","2019-10-02T16:04:00","2","DRIVER",,"714033",,"HONDA","CIVIC","IL","2012","NONE","PASSENGER","PERSONAL","S","SLOW/STOP IN TRAFFIC",,,"1",,,,,,,,,,"true",,,,,,,,"REAR-LEFT",,,,,,,,,,,,,,,,,,,,,,,,,,,,,,,,,
"752608","JC459041","2019-10-02T16:00:00","2","DRIVER",,"714931",,"TOYOTA MOTOR COMPANY, LTD.","Avalon","IL","2009","NONE","PASSENGER","PERSONAL","E","STRAIGHT AHEAD",,,"1",,,,,,,,,,,,,,,,"true",,"OTHER",,,,,,,,,,,,,,,,,,,,,,,,,,,,,,,,,
"751667","JC457408","2019-10-02T16:00:00","2","DRIVER",,"714947",,"CADILLAC","UNKNOWN","IL","2014","NONE","PASSENGER","PERSONAL","S","STRAIGHT AHEAD",,,"1",,,,,,,,,,"true",,,,,,,"true","REAR-LEFT",,,,,,,,,,,,,,,,,,,,,,,,,,,,,,,,,
"751683","JC457460","2019-10-02T15:55:00","2","DRIVER",,"714059",,"CHEVROLET","TRAVERSE","IL","2019","NONE","PASSENGER","PERSONAL","SW","STRAIGHT AHEAD",,,"1",,,,,,,,,,,,,"true","true","false",,,"ROOF",,,,,,,,,,,,,,,,,,,,,,,,,,,,,,,,,
"752261","JC457575","2019-10-02T15:45:00","1","DRIVER",,"714601",,"FORD","FUSION","IL","2018","NONE","PASSENGER","PERSONAL","S","STRAIGHT AHEAD",,,"1",,,,,,,,,,,,,,,,"true",,"OTHER",,,,,,,,,,,,,,,,,,,,,,,,,,,,,,,,,
"751641","JC457338","2019-10-02T15:45:00","1","DRIVER",,"714019",,"CHRYSLER","Sebring","IL","2015","NONE","PASSENGER","PERSONAL","S","TURNING LEFT",,,"1",,,,,"true","true","true",,,,,,,,,,,"SIDE-RIGHT",,,,,,,,,,,,,,,,,,,,,,,,,,,,,,,,,
"751630","JC457374","2019-10-02T15:40:00","1","DRIVER",,"714005","false","FORD","ECONOLINE E350","IL","2011","NONE","BUS UP TO 15 PASS.","OTHER","SW","ENTERING TRAFFIC LANE FROM PARKING",,,"1",,,,,,,"true","true",,,,,,,,,,"REAR-RIGHT",,,,,,,,,,,,,,,,,,,,,,,,,,,,,,,,,
"751631","JC457374","2019-10-02T15:40:00","2","PARKED","1","714013","true","FORD","UNKNOWN","IL","2016","NONE","BUS UP TO 15 PASS.","OTHER","W","PARKED IN TRAFFIC LANE",,,"1",,,,,,,,,,,"true",,,,,,,"SIDE-LEFT","8310","3049011",,,"SIDE OF TRUCK","2","SGO HOTEL PARTNERS LLC","IL","ROSEMONT",,,,,,,,,,,,,,,,,"35","2","BUS","BUS","OTHER",,,
"751669","JC457366","2019-10-02T15:40:00","2","DRIVER",,"714045",,"NISSAN","VERSA","CA","2018","NONE","PASSENGER","OTHER","E","STRAIGHT AHEAD",,,"1",,,,,,,,,,,,"true",,,,,,"ROOF",,,,,,,,,,,,,,,,,,,,,,,,,,,,,,,,,
"751673","JC457385","2019-10-02T15:31:00","1","DRIVER",,"714048",,"CADILLAC","UNKNOWN","IL","2014","UNKNOWN","PASSENGER","PERSONAL","S","PASSING/OVERTAKING",,,"1",,,,,,,,,,,,,,,,,"true","OTHER",,,,,,,,,,,,,,,,,,,,,,,,,,,,,,,,,
"754915","JC463360","2019-10-02T15:30:00","1","DRIVER",,"717094",,"FORD","EDGE","IL","2011","UNKNOWN","PASSENGER","PERSONAL","W","PASSING/OVERTAKING",,,"1",,,,,,,"true","true","true",,,,,,,,,"REAR-RIGHT",,,,,,,,,,,,,,,,,,,,,,,,,,,,,,,,,
"754916","JC463360","2019-10-02T15:30:00","2","DRIVER",,"717100",,"SUBARU","OUTBACK","IL","2020","NONE","PASSENGER","OTHER","W","STRAIGHT AHEAD",,,"1",,,,,,,,,,,"true","true","true",,,,,"FRONT-LEFT",,,,,,,,,,,,,,,,,,,,,,,,,,,,,,,,,
"752322","JC457580","2019-10-02T15:30:00","1","DRIVER","1","714653",,"FORD","UNKNOWN","IL","2016","NONE","PASSENGER","PERSONAL","N","PASSING/OVERTAKING",,,"2",,,,,,,,,,,"true",,,"false","false",,,"SIDE-LEFT",,,,,,,,,,,,,,,,,,,,,,,,,,,,,,,,,
"752323","JC457580","2019-10-02T15:30:00","2","DRIVER",,"714654",,"HONDA","CRV","IL","2018","NONE","PASSENGER","PERSONAL","N","STRAIGHT AHEAD",,,"1",,,,,"true","true",,,,,,,,,,,,"FRONT",,,,,,,,,,,,,,,,,,,,,,,,,,,,,,,,,
"751688","JC457407","2019-10-02T15:30:00","1","DRIVER","1","714065",,"LEXUS","ES300","IL","2015","UNKNOWN","PASSENGER","RIDESHARE SERVICE","W","TURNING LEFT","true",,"2",,,,,"true","true",,,,,,,,,,"true",,"FRONT",,,,,,,,,,,,,,,,,,,,,,,,,,,,,,,,,
"751689","JC457407","2019-10-02T15:30:00","2","DRIVER",,"714085",,"VOLKSWAGEN","JETTA","IL","2015","NONE","PASSENGER","PERSONAL","E","STRAIGHT AHEAD","true",,"1",,,,,"true",,,,,,,,,,"true","true",,"OTHER",,,,,,,,,,,,,,,,,,,,,,,,,,,,,,,,,
"751656","JC457390","2019-10-02T15:30:00","2","PARKED",,"714037",,"CADILLAC","CADILLAC","IL","2013","NONE","PASSENGER","PERSONAL","W","PARKED",,,"0",,,,,,,"true",,,,,,,,,,,"SIDE-RIGHT",,,,,,,,,,,,,,,,,,,,,,,,,,,,,,,,,
"751619","JC457360","2019-10-02T15:30:00","1","DRIVER",,"713998",,"HONDA","CIVIC","IL","2007","UNKNOWN","PASSENGER","PERSONAL","S","SLOW/STOP IN TRAFFIC",,,"1",,,,,"true",,,,,,,,,,"true","true",,"OTHER",,,,,,,,,,,,,,,,,,,,,,,,,,,,,,,,,
"751621","JC457360","2019-10-02T15:30:00","3","DRIVER","3","714008",,"FORD","FUSION","IL","2018","NONE","PASSENGER","PERSONAL","S","SLOW/STOP IN TRAFFIC",,,"4",,,,,,,,,"true","true","true",,,,,,,"REAR-LEFT",,,,,,,,,,,,,,,,,,,,,,,,,,,,,,,,,
"751605","JC457301","2019-10-02T15:25:00","1","DRIVER",,"713985",,"NISSAN","NISSAN ALTIMA","IL","2013","UNKNOWN","PASSENGER","PERSONAL","W","SLOW/STOP IN TRAFFIC",,,"1",,,,,"true",,,,,,,,,,"true","true",,"OTHER",,,,,,,,,,,,,,,,,,,,,,,,,,,,,,,,,
"751624","JC457324","2019-10-02T15:24:00","1","DRIVER",,"714025",,"TOYOTA MOTOR COMPANY, LTD.","COROLLA","IL","2016","NONE","PASSENGER","PERSONAL","N","STARTING IN TRAFFIC",,,"1",,,,,,,,,,,,,,,,"true",,"OTHER",,,,,,,,,,,,,,,,,,,,,,,,,,,,,,,,,
"751665","JC457324","2019-10-02T15:24:00","2","DRIVER","1","714043",,"NISSAN","VERSA","IL","2012","NONE","PASSENGER","PERSONAL","N","STRAIGHT AHEAD",,,"2",,,,,,,,,"true","true",,,,,,,,"REAR-LEFT",,,,,,,,,,,,,,,,,,,,,,,,,,,,,,,,,
"751725","JC457395","2019-10-02T15:20:00","1","DRIVER","1","714098",,"TOYOTA MOTOR COMPANY, LTD.","Matrix (sport wagon)","IL","2009","UNKNOWN","SPORT UTILITY VEHICLE (SUV)","PERSONAL","E","STRAIGHT AHEAD",,,"2",,,,,"true",,,,,,,,,,"true","true",,"OTHER",,,,,,,,,,,,,,,,,,,,,,,,,,,,,,,,,
"751727","JC457395","2019-10-02T15:20:00","3","DRIVER",,"714125",,"TOYOTA MOTOR COMPANY, LTD.","UNKNOWN","IL","2009","UNKNOWN","OTHER","COMMERCIAL - SINGLE UNIT","E","UNKNOWN/NA",,,"1",,,,"true",,,,,,,,,,,,,,"REAR-LEFT",,,,,,,,,,,,,,,,,,,,,,,,,,,,,,,,,
"751622","JC457294","2019-10-02T15:20:00","1","DRIVER",,"714012",,"FORD","FORD-TRUCK,VAN,SUV, ETC","IL","2008","NONE","PASSENGER","PERSONAL","E","STRAIGHT AHEAD",,,"1",,,,,"true",,,,,,,,,,,,,"FRONT",,,,,,,,,,,,,,,,,,,,,,,,,,,,,,,,,
"751623","JC457294","2019-10-02T15:20:00","2","DRIVER","1","714042",,"FORD","CROWN VICTORIA","IL","2011","NONE","PASSENGER","PERSONAL","E","TURNING LEFT",,,"2",,,,,,,,,,,"true","false",,,,,,"FRONT-LEFT",,,,,,,,,,,,,,,,,,,,,,,,,,,,,,,,,
"751702","JC457404","2019-10-02T15:15:00","2","PARKED",,"714074",,"FORD","EXPLORER","IL","2015","NONE","SPORT UTILITY VEHICLE (SUV)","POLICE","N","PARKED",,,"0",,,,,,,,,,,,,,,"true",,,"TOTAL (ALL AREAS)",,,,,,,,,,,,,,,,,,,,,,,,,,,,,,,,,
"751610","JC457353","2019-10-02T15:15:00","2","DRIVER",,"713987",,"FORD","EXPEDITION","IL","2007","NONE","SPORT UTILITY VEHICLE (SUV)","PERSONAL","S","STRAIGHT AHEAD",,,"1",,,,,,"true","true",,,,,,,,,,,"SIDE-RIGHT",,,,,,,,,,,,,,,,,,,,,,,,,,,,,,,,,
"751598","JC457276","2019-10-02T15:10:00","1","DRIVER",,"713978",,"TOYOTA MOTOR COMPANY, LTD.","CAMRY","IL","2011","UNKNOWN","UNKNOWN/NA","UNKNOWN/NA","E","TURNING RIGHT","true",,"1",,,,,,,,,,,,,,"true","true",,,"UNDER CARRIAGE",,,,,,,,,,,,,,,,,,,,,,,,,,,,,,,,,
"751599","JC457276","2019-10-02T15:10:00","2","DRIVER",,"713989",,"NISSAN","Murano","IL","2017","UNKNOWN","UNKNOWN/NA","UNKNOWN/NA","E","STRAIGHT AHEAD",,,"1",,,,,"true",,,,,,,,,,,"false",,"FRONT-RIGHT",,,,,,,,,,,,,,,,,,,,,,,,,,,,,,,,,
"751600","JC457276","2019-10-02T15:10:00","3","PARKED",,"713992",,"HONDA","CIVIC","IL","2008","UNKNOWN","UNKNOWN/NA","UNKNOWN/NA","UNKNOWN","PARKED",,,"0",,,,,,,,,,"true",,,,,,,,"SIDE-LEFT",,,,,,,,,,,,,,,,,,,,,,,,,,,,,,,,,
"751592","JC457266","2019-10-02T15:10:00","1","DRIVER",,"714007",,"FORD","FUSION","IL","2012","UNKNOWN","PASSENGER","PERSONAL","E","STRAIGHT AHEAD",,,"1",,,,,,,,,,,,,,,,"true",,"OTHER",,,,,,,,,,,,,,,,,,,,,,,,,,,,,,,,,
"751711","JC457305","2019-10-02T15:08:00","1","DRIVER",,"714086",,"DODGE","Avenger","IL","2014","UNKNOWN","PASSENGER","PERSONAL","S","STRAIGHT AHEAD",,,"1",,,,,,,,,,,,,,,,"true",,"OTHER",,,,,,,,,,,,,,,,,,,,,,,,,,,,,,,,,
"751713","JC457305","2019-10-02T15:08:00","3","DRIVER",,"714109",,"HYUNDAI","Accent","IL","2009","UNKNOWN","PASSENGER","PERSONAL","S","STRAIGHT AHEAD",,,"1",,,,,,,,,,"true",,,,,,"true",,"REAR-LEFT",,,,,,,,,,,,,,,,,,,,,,,,,,,,,,,,,
"751714","JC457305","2019-10-02T15:08:00","4","DRIVER","1","714126",,"HONDA","ACCORD","IL","2010","UNKNOWN","PASSENGER","PERSONAL","S","STRAIGHT AHEAD",,,"2",,,,,,,,,,"true",,,,,,,,"REAR-LEFT",,,,,,,,,,,,,,,,,,,,,,,,,,,,,,,,,
"751677","JC457384","2019-10-02T15:05:00","2","DRIVER","1","714076",,"CHEVROLET","EQUINOX","IL","2018","NONE","PASSENGER","PERSONAL","N","SLOW/STOP IN TRAFFIC",,,"2",,,,,,,,,,"true",,,,,,,,"REAR-LEFT",,,,,,,,,,,,,,,,,,,,,,,,,,,,,,,,,
"752317","JC458589","2019-10-02T15:00:00","2","DRIVER",,"714659",,"INFINITI","UNKNOWN","IL","2015","NONE","PASSENGER","PERSONAL","E","STRAIGHT AHEAD",,,"1",,,,,,,,,,,,,,,"true",,,"TOTAL (ALL AREAS)",,,,,,,,,,,,,,,,,,,,,,,,,,,,,,,,,
"751588","JC457363","2019-10-02T15:00:00","1","DRIVER",,"713973",,"FREIGHTLINER CORP.","FREIGHTLINER CORP.","IL","2019","NONE","TRUCK - SINGLE UNIT","COMMERCIAL - SINGLE UNIT","S","STRAIGHT AHEAD",,,"1",,,,,,,,,"true",,,,,,,,,"REAR-RIGHT",,,,,,,,,,,,,,,,,,,,,,,,,,,,,,,,,
"751589","JC457363","2019-10-02T15:00:00","2","DRIVER",,"713991",,"KIA MOTORS CORP","Optima","IL","2018","NONE","PASSENGER","PERSONAL","S","STRAIGHT AHEAD",,,"1",,,,,,,,,,,"true","true","true",,"true",,,"ROOF",,,,,,,,,,,,,,,,,,,,,,,,,,,,,,,,,
"751607","JC457263","2019-10-02T15:00:00","1","DRIVER",,"714026",,"KIA MOTORS CORP","UNKNOWN","IL","2006","NONE","PASSENGER","PERSONAL","N","STRAIGHT AHEAD",,,"2",,,,,,,,,,,,,,,,"true",,"OTHER",,,,,,,,,,,,,,,,,,,,,,,,,,,,,,,,,
"751608","JC457263","2019-10-02T15:00:00","2","DRIVER",,"714001",,"FORD","FUSION","IL","2013","NONE","PASSENGER","PERSONAL","N","STRAIGHT AHEAD",,,"1",,,,,,,,,,"true",,,,,,,,"REAR-LEFT",,,,,,,,,,,,,,,,,,,,,,,,,,,,,,,,,
"751559","JC457234","2019-10-02T14:56:00","1","DRIVER",,"713937",,"VOLKSWAGEN","VOLKSWAGEN","IL","2012","NONE","PASSENGER","PERSONAL","N","STRAIGHT AHEAD",,,"1",,,,,"true","true",,,,,,,,,,,,"FRONT",,,,,,,,,,,,,,,,,,,,,,,,,,,,,,,,,