"crash_unit_id","rd_no","crash_date","unit_no","unit_type","num_passengers","vehicle_id","cmrc_veh_i","make","model","lic_plate_state","vehicle_year","vehicle_defect","vehicle_type","vehicle_use","travel_direction","maneuver","towed_i","fire_i","occupant_cnt","exceed_speed_limit_i","towed_by","towed_to","area_00_i","area_01_i","area_02_i","area_03_i","area_04_i","area_05_i","area_06_i","area_07_i","area_08_i","area_09_i","area_10_i","area_11_i","area_12_i","area_99_i","first_contact_point","cmv_id","usdot_no","ccmc_no","ilcc_no","commercial_src","gvwr","carrier_name","carrier_state","carrier_city","hazmat_placards_i","hazmat_name","un_no","hazmat_present_i","hazmat_report_i","hazmat_report_no","mcs_report_i","mcs_report_no","hazmat_vio_cause_crash_i","mcs_vio_cause_crash_i","idot_permit_no","wide_load_i","trailer1_width","trailer2_width","trailer1_length","trailer2_length","total_vehicle_length","axle_cnt","vehicle_config","cargo_body_type","load_type","hazmat_out_of_service_i","mcs_out_of_service_i","hazmat_class"
"751560","JC457234","2019-10-02T14:56:00","2","DRIVER",,"713943",,"TOYOTA MOTOR COMPANY, LTD.","Prius","IL","2015","NONE","PASSENGER","PERSONAL","W","STRAIGHT AHEAD",,,"1",,,,,,,,,,,,,,,,"true",,"OTHER",,,,,,,,,,,,,,,,,,,,,,,,,,,,,,,,,
"751674","JC457432","2019-10-02T14:55:00","1","DRIVER",,"714080",,"HYUNDAI","SONATA","IL","2008","UNKNOWN","PASSENGER","UNKNOWN/NA","S","STRAIGHT AHEAD",,,"1",,,,,,,,,,"false",,,,,"true",,,"TOTAL (ALL AREAS)",,,,,,,,,,,,,,,,,,,,,,,,,,,,,,,,,
"751675","JC457432","2019-10-02T14:55:00","2","DRIVER",,"714055",,"CHEVROLET","Trail Blazer","IL","2007","NONE","SPORT UTILITY VEHICLE (SUV)","PERSONAL","S","SLOW/STOP IN TRAFFIC",,,"1",,,,,,,,,,"true",,,,,,,,"REAR-LEFT",,,,,,,,,,,,,,,,,,,,,,,,,,,,,,,,,
"751628","JC457372","2019-10-02T14:55:00","1","DRIVER",,"714003",,"FREIGHTLINER CORP.","FREIGHTLINER CORP.","IL","2018","UNKNOWN","TRUCK - SINGLE UNIT","COMMERCIAL - SINGLE UNIT","E","STRAIGHT AHEAD",,,"1",,,,,,,,,,,,,,,,,"true","UNKNOWN",,,,,,,,,,,,,,,,,,,,,,,,,,,,,,,,,
"751629","JC457372","2019-10-02T14:55:00","2","PARKED",,"714011",,"DODGE","CARAVAN","IL","2018","UNKNOWN","VAN/MINI-VAN","OTHER","E","PARKED",,,"0",,,,,,,,,,,,,,,,,,"OTHER",,,,,,,,,,,,,,,,,,,,,,,,,,,,,,,,,
"751595","JC457286","2019-10-02T14:49:00","2","DRIVER",,"713979",,"KIA MOTORS CORP","Rio","IL","2011","NONE","PASSENGER","PERSONAL","S","STRAIGHT AHEAD","true",,"1",,"owner",,,,,,,,,,,,"true","true",,,"TOTAL (ALL AREAS)",,,,,,,,,,,,,,,,,,,,,,,,,,,,,,,,,
"751646","JC457383","2019-10-02T14:42:00","2","DRIVER",,"714020",,"HYUNDAI","SONATA","IL","2019","NONE","PASSENGER","PERSONAL","N","STRAIGHT AHEAD",,,"1",,,,,"true",,,,,,,,,,"true",,,"FRONT",,,,,,,,,,,,,,,,,,,,,,,,,,,,,,,,,
"751814","JC457309","2019-10-02T14:41:00","2","DRIVER","1","714216",,"FORD","EXPLORER","IL","2020","NONE","SPORT UTILITY VEHICLE (SUV)","OTHER","E","STRAIGHT AHEAD",,,"2",,,,,"true","true","true","true",,,,,,,,,,"SIDE-RIGHT",,,,,,,,,,,,,,,,,,,,,,,,,,,,,,,,,
"751563","JC457232","2019-10-02T14:25:00","1","DRIVER",,"713945",,"TOYOTA MOTOR COMPANY, LTD.","YARIS","IL","2009","UNKNOWN","PASSENGER","UNKNOWN/NA","S","UNKNOWN/NA",,,"1",,,,,,,,,,,,,,,,,"true","OTHER",,,,,,,,,,,,,,,,,,,,,,,,,,,,,,,,,
"751553","JC457214","2019-10-02T14:17:00","1","DRIVER",,"713938",,"LINCOLN-CONTINENTAL","CONTINENTAL","IL","2015","UNKNOWN","OTHER","COMMERCIAL - SINGLE UNIT","W","STRAIGHT AHEAD",,,"1",,,,,,,,,,,,,,,,"true",,"OTHER",,,,,,,,,,,,,,,,,,,,,,,,,,,,,,,,,
"751554","JC457214","2019-10-02T14:17:00","2","DRIVER",,"713948",,"JEEP","Wrangler (for vehicle years 1989 to present)","IL","2017","NONE","PASSENGER","PERSONAL","W","SLOW/STOP IN TRAFFIC",,,"1",,,,,,,,,,"true",,,,,,,,"REAR-LEFT",,,,,,,,,,,,,,,,,,,,,,,,,,,,,,,,,
"751581","JC457255","2019-10-02T14:15:00","1","DRIVER",,"713964",,"CHEVROLET","TAHOE","IL","2014","UNKNOWN","SPORT UTILITY VEHICLE (SUV)","PERSONAL","N","STRAIGHT AHEAD",,,"1",,,,,,,,,,,,,,,,,"true","UNKNOWN",,,,,,,,,,,,,,,,,,,,,,,,,,,,,,,,,
"751582","JC457255","2019-10-02T14:15:00","2","PARKED",,"713969",,"FORD","Focus","IL","2010","UNKNOWN","PASSENGER","PERSONAL","N","PARKED",,,"0",,,,,,,,,,,"true",,,,,,,"FRONT-LEFT",,,,,,,,,,,,,,,,,,,,,,,,,,,,,,,,,
"751568","JC457205","2019-10-02T14:15:00","1","DRIVER",,"713949",,"LEXUS","RX350","TX","2013","NONE","PASSENGER","PERSONAL","N","PASSING/OVERTAKING",,,"1",,,,,,,,,"true",,,,,,,,,"REAR",,,,,,,,,,,,,,,,,,,,,,,,,,,,,,,,,
"751576","JC457248","2019-10-02T14:14:00","1","DRIVER",,"713958",,"TOYOTA MOTOR COMPANY, LTD.","CAMRY","IL","2010","NONE","PASSENGER","PERSONAL","W","UNKNOWN/NA",,,"1",,,,,,,,,,,,,,,,"true",,"OTHER",,,,,,,,,,,,,,,,,,,,,,,,,,,,,,,,,
"751577","JC457248","2019-10-02T14:14:00","2","DRIVER",,"713963",,"HONDA","Element","IL","2006","NONE","PASSENGER","PERSONAL","W","UNKNOWN/NA",,,"1",,,,,,,,,,"true",,,,,,,,"REAR-LEFT",,,,,,,,,,,,,,,,,,,,,,,,,,,,,,,,,
"751557","JC457193","2019-10-02T14:05:00","1","DRIVER",,"713934",,"CHEVROLET","MALIBU (CHEVELLE)","WI","2011","UNKNOWN","PASSENGER","UNKNOWN/NA","S","PASSING/OVERTAKING",,,"1",,,,,,,,,,,,,,,,,"true","UNKNOWN",,,,,,,,,,,,,,,,,,,,,,,,,,,,,,,,,
"751848","JC457717","2019-10-02T14:00:00","2","DRIVER",,"714219",,"NISSAN","VERSA","IL","2017","UNKNOWN","PASSENGER","PERSONAL","N","TURNING LEFT",,,"1",,,,,,,,,,,,"true","true",,,,,"FRONT-LEFT",,,,,,,,,,,,,,,,,,,,,,,,,,,,,,,,,
"751723","JC457533","2019-10-02T14:00:00","1","DRIVER",,"714093",,"ACURA","ACURA","IL","2006","NONE","PASSENGER","PERSONAL","S","STRAIGHT AHEAD",,,"1",,,,,,,,,,,,,,,,,"true","OTHER",,,,,,,,,,,,,,,,,,,,,,,,,,,,,,,,,
"751724","JC457533","2019-10-02T14:00:00","2","DRIVER",,"714100",,"NISSAN","NISSAN ALTIMA","IL","2017","NONE","PASSENGER","PERSONAL","S","SLOW/STOP IN TRAFFIC",,,"1",,,,,,,,,,"true",,,,,,,,"REAR-LEFT",,,,,,,,,,,,,,,,,,,,,,,,,,,,,,,,,
"751601","JC457222","2019-10-02T14:00:00","1","DRIVER",,"713986",,"NISSAN","VERSA","IL","2012","NONE","PASSENGER","PERSONAL","N","STRAIGHT AHEAD",,,"1",,,,,"true",,,,,,,,,,"true","true",,"OTHER",,,,,,,,,,,,,,,,,,,,,,,,,,,,,,,,,
"751602","JC457222","2019-10-02T14:00:00","2","DRIVER",,"713995",,"GENERAL MOTORS CORP.","Envoy","IL","2011","NONE","PASSENGER","PERSONAL","N","STRAIGHT AHEAD",,,"1",,,,,"true",,,,,,,,,,,"true",,"REAR",,,,,,,,,,,,,,,,,,,,,,,,,,,,,,,,,
"751549","JC457200","2019-10-02T14:00:00","1","PARKED",,"713930",,"TOYOTA MOTOR COMPANY, LTD.","UNKNOWN","IL","2011","UNKNOWN","PASSENGER","NOT IN USE","E","PARKED IN TRAFFIC LANE",,,"0",,,,,,,,,,,,,"true",,,,,"UNDER CARRIAGE",,,,,,,,,,,,,,,,,,,,,,,,,,,,,,,,,
"751534","JC457189","2019-10-02T14:00:00","2","DRIVER",,"713917",,"FORD","FUSION","IL","2018","NONE","PASSENGER","PERSONAL","N","TURNING LEFT",,,"1",,,,,"true",,,,,,,,,,,,,"FRONT",,,,,,,,,,,,,,,,,,,,,,,,,,,,,,,,,
"751575","JC457249","2019-10-02T13:45:00","2","DRIVER",,"713959",,"TOYOTA MOTOR COMPANY, LTD.","CAMRY","IL","2009","NONE","PASSENGER","PERSONAL","N","STRAIGHT AHEAD",,,"1",,,,,,,,,,"true",,,,,,,,"REAR-LEFT",,,,,,,,,,,,,,,,,,,,,,,,,,,,,,,,,
"754995","JC457211","2019-10-02T13:30:00","2","PARKED",,"717161",,"TOYOTA MOTOR COMPANY, LTD.","RAV4 (sport utility)","IL","2009","NONE","PASSENGER","PERSONAL","S","PARKED",,,"0",,,,,,,,,,,,,,,"true",,,"UNDER CARRIAGE",,,,,,,,,,,,,,,,,,,,,,,,,,,,,,,,,
"751551","JC457210","2019-10-02T13:30:00","1","DRIVER",,"713933",,"NISSAN","VERSA","IL","2017","UNKNOWN","PASSENGER","PERSONAL","S","BACKING",,,"2",,,,,,,,,,"true",,,,,,,,"REAR-LEFT",,,,,,,,,,,,,,,,,,,,,,,,,,,,,,,,,
"751552","JC457210","2019-10-02T13:30:00","2","DRIVER",,"713940",,"CADILLAC","SRX","IL","2009","NONE","PICKUP","PERSONAL","W","STRAIGHT AHEAD",,,"1",,,,,,"true",,,,,,,,,,,,"SIDE-RIGHT",,,,,,,,,,,,,,,,,,,,,,,,,,,,,,,,,
"752245","JC458434","2019-10-02T13:26:00","1","DRIVER",,"714589",,"HYUNDAI","AZERA","IL","2007","NONE","PASSENGER","PERSONAL","E","TURNING RIGHT",,,"1",,,,,,,,,,,,,,,,"true",,"OTHER",,,,,,,,,,,,,,,,,,,,,,,,,,,,,,,,,
"752246","JC458434","2019-10-02T13:26:00","2","DRIVER",,"714595",,"NISSAN","NISSAN ALTIMA","IL","2014","UNKNOWN","PASSENGER","PERSONAL","E","OTHER",,,"1",,,,,,,,,"true",,,,,,,,,"REAR",,,,,,,,,,,,,,,,,,,,,,,,,,,,,,,,,
"751638","JC457382","2019-10-02T13:10:00","2","PARKED","1","714016",,"CADILLAC","CADILLAC","IL","2014","NONE","PASSENGER","PERSONAL","S","PARKED",,,"1",,,,,,,,,,,,,,,,"true",,"OTHER",,,,,,,,,,,,,,,,,,,,,,,,,,,,,,,,,
"751539","JC457121","2019-10-02T13:08:00","1","DRIVER",,"713921",,"FORD","FIESTA","IL","2018","NONE","PASSENGER","PERSONAL","S","STRAIGHT AHEAD","true",,"1",,,,,,,,"true","true",,"true","true",,,,,,"REAR-RIGHT",,,,,,,,,,,,,,,,,,,,,,,,,,,,,,,,,
"751540","JC457121","2019-10-02T13:08:00","2","DRIVER",,"713925",,"FORD","EXPLORER","IL","2017","NONE","SPORT UTILITY VEHICLE (SUV)","POLICE","E","STRAIGHT AHEAD",,,"2",,,,,,,,,,,,,,,,"true",,"OTHER",,,,,,,,,,,,,,,,,,,,,,,,,,,,,,,,,
"754537","JC458859","2019-10-02T13:00:00","2","DRIVER",,"716738",,"TOYOTA MOTOR COMPANY, LTD.","CAMRY","IL","2011","NONE","PASSENGER","PERSONAL","W","STRAIGHT AHEAD",,,"1",,,,,,,,,,"true",,,,,,,,"REAR-LEFT",,,,,,,,,,,,,,,,,,,,,,,,,,,,,,,,,
"751579","JC457260","2019-10-02T13:00:00","1","DRIVER",,"713960",,"GENERAL MOTORS CORP.","UNKNOWN","IL","2014","UNKNOWN","TRUCK - SINGLE UNIT","UNKNOWN/NA","N","BACKING",,,"1",,,,,,,,,,,,,,,,,"true","UNKNOWN",,,,,,,,,,,,,,,,,,,,,,,,,,,,,,,,,
"751580","JC457260","2019-10-02T13:00:00","2","DRIVER",,"713965",,"DODGE","JOURNEY","IL","2018","NONE","SPORT UTILITY VEHICLE (SUV)","PERSONAL","S","STRAIGHT AHEAD",,,"1",,,,,,,,,,,,,,,,"true",,"OTHER",,,,,,,,,,,,,,,,,,,,,,,,,,,,,,,,,
"751526","JC457162","2019-10-02T13:00:00","2","PARKED","1","713915",,"HONDA","Pilot","IL","2017","NONE","PASSENGER","NOT IN USE","S","PARKED IN TRAFFIC LANE",,,"1",,,,,,,,,,,"true",,,,,,,"SIDE-LEFT",,,,,,,,,,,,,,,,,,,,,,,,,,,,,,,,,
"751501","JC457125","2019-10-02T13:00:00","1","DRIVER","1","713887",,"TOYOTA MOTOR COMPANY, LTD.","RAV4 (sport utility)","IL","2019","UNKNOWN","SPORT UTILITY VEHICLE (SUV)","PERSONAL","E","ENTER FROM DRIVE/ALLEY","true",,"2",,"PRIVATE",,,"true","true","true","true",,,,,,,,"true",,"FRONT",,,,,,,,,,,,,,,,,,,,,,,,,,,,,,,,,
"751502","JC457125","2019-10-02T13:00:00","2","DRIVER",,"713903",,"FORD","Focus","IL","2007","NONE","PASSENGER","PERSONAL","N","STRAIGHT AHEAD","true",,"1",,"PRIVATE",,,,,,,,,,"true","true","true","true","true",,"ROOF",,,,,,,,,,,,,,,,,,,,,,,,,,,,,,,,,
"751531","JC457102","2019-10-02T12:53:00","1","DRIVER",,"714375",,"INTENATIONAL INDUSTRIES, INC.","INTENATIONAL INDUSTRIES, INC.","IL","2015","UNKNOWN","UNKNOWN/NA","UNKNOWN/NA","S","MERGING",,,"1",,,,"true",,,,,,,,,,,,,,"FRONT",,,,,,,,,,,,,,,,,,,,,,,,,,,,,,,,,
"751532","JC457102","2019-10-02T12:53:00","2","DRIVER",,"714378",,"JEEP","CHEROKEE","IL","2014","UNKNOWN","UNKNOWN/NA","UNKNOWN/NA","S","UNKNOWN/NA",,,"1",,,,,,,,,,,"true","true","true","true","true",,,"ROOF",,,,,,,,,,,,,,,,,,,,,,,,,,,,,,,,,
"751530","JC457188","2019-10-02T12:50:00","2","DRIVER",,"713916",,"JEEP","Grand Cherokee (for vehicle years 1989 to present)","IL","2014","NONE","SPORT UTILITY VEHICLE (SUV)","PERSONAL","S","SLOW/STOP IN TRAFFIC",,,"1",,,,,,,,,"true","true","true",,,,,,,"REAR-LEFT",,,,,,,,,,,,,,,,,,,,,,,,,,,,,,,,,
"751535","JC457091","2019-10-02T12:50:00","1","DRIVER",,"713918",,"DODGE","DODGE-TRUCK,VAN,SUV ETC.","IL","2014","NONE","VAN/MINI-VAN","PERSONAL","W","STRAIGHT AHEAD","true",,"1",,"PRIVATE TOW","HOME",,,,,,,,,,,"true","true","false",,"TOTAL (ALL AREAS)",,,,,,,,,,,,,,,,,,,,,,,,,,,,,,,,,
"751522","JC457164","2019-10-02T12:48:00","1","DRIVER",,"713908","true","INTERNATIONAL TRAILER CORP.","INTERNATIONAL TRAILER CORP.","IA","2020","NONE","TRACTOR W/ SEMI-TRAILER","COMMERCIAL - SINGLE UNIT","S","STRAIGHT AHEAD",,,"1",,,,,,,,,,,,,,,"true",,,"TOTAL (ALL AREAS)","8309","69852",,,"SIDE OF TRUCK","3","SCHUSTER CO","IA","LE MARS",,,,,,,,,,,,,">102",,"53",,"109","5","TRACTOR/SEMI-TRAILER",,"OTHER",,,
"751572","JC457241","2019-10-02T12:45:00","1","DRIVER",,"713951",,"GENERAL MOTORS CORP.","UNKNOWN","IL","2007","NONE","TRUCK - SINGLE UNIT","COMMERCIAL - SINGLE UNIT","E","BACKING",,,"1",,,,,,,,,,,,,,,,,"true","REAR-LEFT",,,,,,,,,,,,,,,,,,,,,,,,,,,,,,,,,
"751573","JC457241","2019-10-02T12:45:00","2","PARKED",,"713953",,"FORD","ECONOLINE E250","IL","2013","NONE","TRUCK - SINGLE UNIT","COMMERCIAL - SINGLE UNIT","E","PARKED",,,"0",,,,,,,,,,,"true",,,,,,,"SIDE-LEFT",,,,,,,,,,,,,,,,,,,,,,,,,,,,,,,,,
"751500","JC457094","2019-10-02T12:45:00","1","DRIVER",,"713885",,"CHEVROLET","MALIBU (CHEVELLE)","IL","2016","UNKNOWN","PASSENGER","UNKNOWN/NA","S","STRAIGHT AHEAD","true",,"1",,"city of chicago","city pound",,,,,,,,,,,"true","true","true",,"TOTAL (ALL AREAS)",,,,,,,,,,,,,,,,,,,,,,,,,,,,,,,,,
"751514","JC457090","2019-10-02T12:30:00","2","DRIVER",,"713909",,"HYUNDAI","Tiburon","IL","2007","UNKNOWN","PASSENGER","PERSONAL","E","STRAIGHT AHEAD",,,"1",,,,,,,,,,"true",,,,,,,,"REAR-LEFT",,,,,,,,,,,,,,,,,,,,,,,,,,,,,,,,,
"751479","JC457076","2019-10-02T12:30:00","1","DRIVER",,"713868",,"CHEVROLET","IMPALA","IL","2016","NONE","PASSENGER","PERSONAL","S","STRAIGHT AHEAD",,,"1",,,,,,,,,,,,,,,,"true",,"OTHER",,,,,,,,,,,,,,,,,,,,,,,,,,,,,,,,,
"751480","JC457076","2019-10-02T12:30:00","2","DRIVER",,"713872",,"NISSAN","MAURANO","IL","2007","NONE","PASSENGER","PERSONAL","W","STRAIGHT AHEAD",,,"1",,,,,,,"true",,,,,,,,,,,"SIDE-RIGHT",,,,,,,,,,,,,,,,,,,,,,,,,,,,,,,,,
"751537","JC457108","2019-10-02T12:20:00","1","DRIVER","1","713922",,"TOYOTA MOTOR COMPANY, LTD.","COROLLA","IL","2011","UNKNOWN","PASSENGER","PERSONAL","E","TURNING LEFT",,,"2",,,,,,,,,,,,,,,,,,"OTHER",,,,,,,,,,,,,,,,,,,,,,,,,,,,,,,,,
"751538","JC457108","2019-10-02T12:20:00","2","DRIVER",,"713932",,"KIA MOTORS CORP","SOUL","IL","2015","UNKNOWN","PASSENGER","PERSONAL","N","STRAIGHT AHEAD",,,"1",,,,,,"true","true","true",,,,,,,,,,"SIDE-RIGHT",,,,,,,,,,,,,,,,,,,,,,,,,,,,,,,,,
"751497","JC457079","2019-10-02T12:20:00","2","DRIVER",,"713894",,"HYUNDAI","ELANTRA","IL","2013","UNKNOWN","PASSENGER","PERSONAL","N","PASSING/OVERTAKING",,,"1",,,,,,,,,,"true","true","false",,,,,,"REAR-LEFT",,,,,,,,,,,,,,,,,,,,,,,,,,,,,,,,,
"752149","JC458274","2019-10-02T12:15:00","2","PARKED",,"714510",,"HONDA","CIVIC","IL","2008","NONE","PASSENGER","UNKNOWN/NA","UNKNOWN","PARKED",,,"0",,,,,,,,,,,,,,,"true","true",,"TOTAL (ALL AREAS)",,,,,,,,,,,,,,,,,,,,,,,,,,,,,,,,,
"751487","JC457107","2019-10-02T12:15:00","2","DRIVER","1","713883",,"JEEP","Grand Cherokee (for vehicle years 1989 to present)","IL","2007","NONE","SPORT UTILITY VEHICLE (SUV)","PERSONAL","S","STRAIGHT AHEAD",,,"2",,,,,,,,,,"true",,,,,,,,"REAR-LEFT",,,,,,,,,,,,,,,,,,,,,,,,,,,,,,,,,
"751507","JC457101","2019-10-02T12:15:00","1","DRIVER",,"713898",,"FORD","FUSION","IL","2015","NONE","PASSENGER","PERSONAL","N","STRAIGHT AHEAD",,,"1",,,,,,,,,,,"true",,,,,,,"FRONT-LEFT",,,,,,,,,,,,,,,,,,,,,,,,,,,,,,,,,
"751508","JC457101","2019-10-02T12:15:00","2","PARKED","1","713902",,"FORD","UNKNOWN","IL","2010","NONE","PASSENGER","NOT IN USE","N","PARKED",,,"1",,,,,,,,,"true",,,,,,,,,"REAR",,,,,,,,,,,,,,,,,,,,,,,,,,,,,,,,,
"751482","JC457060","2019-10-02T12:15:00","2","DRIVER",,"713869",,"TOYOTA MOTOR COMPANY, LTD.","COROLLA","IL","2014","UNKNOWN","PASSENGER","PERSONAL","E","STRAIGHT AHEAD",,,"1",,,,,,,,,"true","true",,,,,,,,"REAR",,,,,,,,,,,,,,,,,,,,,,,,,,,,,,,,,
"751555","JC457062","2019-10-02T12:07:00","1","DRIVER","1","713939",,"HONDA","ACCORD","IL","2008","OTHER","PASSENGER","UNKNOWN/NA","E","STRAIGHT AHEAD",,,"2",,,,,,,,"true","true",,,,,,,,,"REAR",,,,,,,,,,,,,,,,,,,,,,,,,,,,,,,,,
"751556","JC457062","2019-10-02T12:07:00","2","DRIVER","2","713954",,"CHRYSLER","300","IL","2015","UNKNOWN","PASSENGER","UNKNOWN/NA","N","STRAIGHT AHEAD",,,"3",,,,,"true",,,,,,,,,,"true","true",,"OTHER",,,,,,,,,,,,,,,,,,,,,,,,,,,,,,,,,
"754615","JC462656","2019-10-02T12:00:00","1","DRIVER",,"716816",,"NISSAN","SENTRA (DATSUN AND NISSAN HAVE MERGED)","IL","2012","UNKNOWN","PASSENGER","PERSONAL","N","STRAIGHT AHEAD",,,"1",,,,,,,"true",,,,,,,,,,,"SIDE-RIGHT",,,,,,,,,,,,,,,,,,,,,,,,,,,,,,,,,
"751494","JC457132","2019-10-02T11:50:00","1","DRIVER",,"713897",,"TOYOTA MOTOR COMPANY, LTD.","CAMRY","IL","2015","UNKNOWN","PASSENGER","TAXI/FOR HIRE","E","UNKNOWN/NA",,,"1",,,,,,,,,,,,,,,"true",,,"TOTAL (ALL AREAS)",,,,,,,,,,,,,,,,,,,,,,,,,,,,,,,,,
"751495","JC457132","2019-10-02T11:50:00","2","DRIVER","1","713911",,"HYUNDAI","ELANTRA","IL","2013","UNKNOWN","PASSENGER","PERSONAL","E","SLOW/STOP IN TRAFFIC",,,"2",,,,,,,,,"true",,,,,,,,,"REAR",,,,,,,,,,,,,,,,,,,,,,,,,,,,,,,,,
"751470","JC457033","2019-10-02T11:50:00","2","DRIVER",,"713856",,"MAZDA","6 (Six)","IL","2007","NONE","PASSENGER","PERSONAL","S","STRAIGHT AHEAD",,,"1",,,,,,,,,,"true",,,,,,,,"REAR-LEFT",,,,,,,,,,,,,,,,,,,,,,,,,,,,,,,,,
"751517","JC457167","2019-10-02T11:45:00","1","DRIVER",,"713895",,"TOYOTA MOTOR COMPANY, LTD.","Prius","IL","2016","UNKNOWN","UNKNOWN/NA","TAXI/FOR HIRE","E","CHANGING LANES",,,"1",,,,,,,,,"true",,,,,,,,,"REAR-RIGHT",,,,,,,,,,,,,,,,,,,,,,,,,,,,,,,,,
"751518","JC457167","2019-10-02T11:45:00","2","DRIVER","2","713901",,"GENERAL MOTORS CORP.","GENERAL MOTORS CORP.","IL","2007","NONE","TRUCK - SINGLE UNIT","OTHER","E","STRAIGHT AHEAD",,,"3",,,,,,,,,,,,,,,"true",,,"TOTAL (ALL AREAS)",,,,,,,,,,,,,,,,,,,,,,,,,,,,,,,,,
"751516","JC457061","2019-10-02T11:45:00","2","DRIVER",,"713905",,"FORD","ESCAPE (SUV)","IL","2018","NONE","PASSENGER","OTHER","N","STRAIGHT AHEAD",,,"1",,,,,,,,,"true","true","true",,,,,,,"REAR-LEFT",,,,,,,,,,,,,,,,,,,,,,,,,,,,,,,,,
"751461","JC457032","2019-10-02T11:40:00","1","DRIVER",,"713846",,"NISSAN","SENTRA (DATSUN AND NISSAN HAVE MERGED)","IL","2018","UNKNOWN","PASSENGER","PERSONAL","E","PASSING/OVERTAKING",,,"1",,,,,,,,,,,,"true","true",,,,,"ROOF",,,,,,,,,,,,,,,,,,,,,,,,,,,,,,,,,
"751457","JC457005","2019-10-02T11:38:00","1","DRIVER","1","713837",,"CHEVROLET","UNKNOWN","IL","2013","NONE","VAN/MINI-VAN","OTHER","N","STRAIGHT AHEAD","true",,"2",,"driver","driver",,"true",,,,,,,,,,"true","true",,"OTHER",,,,,,,,,,,,,,,,,,,,,,,,,,,,,,,,,
"751458","JC457005","2019-10-02T11:38:00","2","DRIVER","1","713843",,"NISSAN","ROGUE","IL","2019","NONE","PASSENGER","PERSONAL","N","STRAIGHT AHEAD",,,"2",,,,,,,,,,"true",,,,,,,,"REAR-LEFT",,,,,,,,,,,,,,,,,,,,,,,,,,,,,,,,,
"751444","JC457027","2019-10-02T11:30:00","1","DRIVER",,"713825",,"FORD","F150","IL","2016","UNKNOWN","PICKUP","PERSONAL","SE","TURNING LEFT",,,"1",,,,,"true",,,,,,,,,,,,,"FRONT",,,,,,,,,,,,,,,,,,,,,,,,,,,,,,,,,
"751445","JC457027","2019-10-02T11:30:00","2","DRIVER",,"713834",,"CHRYSLER","TOWN & COUNTRY","IL","2007","NONE","VAN/MINI-VAN","PERSONAL","SE","TURNING LEFT",,,"1",,,,,,,,,,,"true","true",,,,,,"SIDE-LEFT",,,,,,,,,,,,,,,,,,,,,,,,,,,,,,,,,
"751455","JC456994","2019-10-02T11:30:00","1","DRIVER",,"713844",,"NISSAN","NISSAN ALTIMA","IL","2017","NONE","PASSENGER","PERSONAL","S","STRAIGHT AHEAD","true",,"1",,"unknown","unknown",,"true",,,,,,,,,,,,,"FRONT",,,,,,,,,,,,,,,,,,,,,,,,,,,,,,,,,
"751456","JC456994","2019-10-02T11:30:00","2","DRIVER",,"713863",,"NISSAN","NISSAN ALTIMA","IL","2017","NONE","PASSENGER","PERSONAL","E","STRAIGHT AHEAD","true",,"1",,"unknown","unknown",,,,,,,,,,,,"true",,,"TOTAL (ALL AREAS)",,,,,,,,,,,,,,,,,,,,,,,,,,,,,,,,,
"751490","JC457006","2019-10-02T11:28:00","1","DRIVER","1","713875",,"TOYOTA MOTOR COMPANY, LTD.","Solara","IL","2007","UNKNOWN","PASSENGER","PERSONAL","E","TURNING RIGHT","true",,"2",,"unknown",,,"true",,,,,,,,,,"true","true",,"OTHER",,,,,,,,,,,,,,,,,,,,,,,,,,,,,,,,,
"751491","JC457006","2019-10-02T11:28:00","2","DRIVER",,"713884",,"HONDA","Pilot","IL","2009","NONE","SPORT UTILITY VEHICLE (SUV)","PERSONAL","S","STRAIGHT AHEAD",,,"1",,,,,"true","true","true",,,,,,,,,,,"FRONT",,,,,,,,,,,,,,,,,,,,,,,,,,,,,,,,,
"751473","JC457017","2019-10-02T11:15:00","1","DRIVER",,"713853",,"CHEVROLET","TRAVERSE","IL","2011","NONE","SPORT UTILITY VEHICLE (SUV)","PERSONAL","W","STRAIGHT AHEAD",,,"1",,,,,"true",,,,,,,,,,,"false",,"FRONT",,,,,,,,,,,,,,,,,,,,,,,,,,,,,,,,,
"751474","JC457017","2019-10-02T11:15:00","2","DRIVER","1","713858",,"NISSAN","NISSAN ALTIMA","IL","2015","NONE","PASSENGER","PERSONAL","W","SLOW/STOP IN TRAFFIC",,,"2",,,,,,,,,"true",,,,,,,,,"REAR",,,,,,,,,,,,,,,,,,,,,,,,,,,,,,,,,
"751434","JC456998","2019-10-02T11:15:00","1","DRIVER",,"713831",,"AUDI","UNKNOWN","IL","2013","NONE","PASSENGER","PERSONAL","S","STRAIGHT AHEAD",,,"1",,,,"true",,,,,,,,,,,,,,"OTHER",,,,,,,,,,,,,,,,,,,,,,,,,,,,,,,,,
"751435","JC456998","2019-10-02T11:15:00","2","DRIVER",,"713816",,"TOYOTA MOTOR COMPANY, LTD.","UNKNOWN","IL","2013","NONE","PASSENGER","PERSONAL","S","SLOW/STOP IN TRAFFIC",,,"1",,,,,,,,,,"true",,,,,,,,"REAR-LEFT",,,,,,,,,,,,,,,,,,,,,,,,,,,,,,,,,
"751493","JC457097","2019-10-02T11:10:00","2","DRIVER",,"713878",,"DODGE","CARAVAN","IL","2019","UNKNOWN","VAN/MINI-VAN","PERSONAL","N","SLOW/STOP IN TRAFFIC",,,"1",,,,,,,"true","true","true",,,,,,,,,"SIDE-RIGHT",,,,,,,,,,,,,,,,,,,,,,,,,,,,,,,,,