"crash_unit_id","rd_no","crash_date","unit_no","unit_type","num_passengers","vehicle_id","cmrc_veh_i","make","model","lic_plate_state","vehicle_year","vehicle_defect","vehicle_type","vehicle_use","travel_direction","maneuver","towed_i","fire_i","occupant_cnt","exceed_speed_limit_i","towed_by","towed_to","area_00_i","area_01_i","area_02_i","area_03_i","area_04_i","area_05_i","area_06_i","area_07_i","area_08_i","area_09_i","area_10_i","area_11_i","area_12_i","area_99_i","first_contact_point","cmv_id","usdot_no","ccmc_no","ilcc_no","commercial_src","gvwr","carrier_name","carrier_state","carrier_city","hazmat_placards_i","hazmat_name","un_no","hazmat_present_i","hazmat_report_i","hazmat_report_no","mcs_report_i","mcs_report_no","hazmat_vio_cause_crash_i","mcs_vio_cause_crash_i","idot_permit_no","wide_load_i","trailer1_width","trailer2_width","trailer1_length","trailer2_length","total_vehicle_length","axle_cnt","vehicle_config","cargo_body_type","load_type","hazmat_out_of_service_i","mcs_out_of_service_i","hazmat_class"
"751422","JC456952","2019-10-02T11:08:00","2","DRIVER",,"713812",,"TOYOTA MOTOR COMPANY, LTD.","Sienna (van)","IL","2015","UNKNOWN","VAN/MINI-VAN","UNKNOWN/NA","W","STRAIGHT AHEAD",,,"1",,,,,"true","true","true","true",,,,,,,,"true",,"FRONT",,,,,,,,,,,,,,,,,,,,,,,,,,,,,,,,,
"751477","JC456986","2019-10-02T11:00:00","1","DRIVER","1","713859",,"FREIGHTLINER CORP.","UNKNOWN","IL","2018","UNKNOWN","UNKNOWN/NA","UNKNOWN/NA","W","STRAIGHT AHEAD",,,"2",,,,,,,"true",,,,,,,,,,,"TOTAL (ALL AREAS)",,,,,,,,,,,,,,,,,,,,,,,,,,,,,,,,,
"752236","JC456960","2019-10-02T11:00:00","1","DRIVER",,"714583",,"CHRYSLER","300","IL","2010","UNKNOWN","PASSENGER","PERSONAL","N","STRAIGHT AHEAD","true",,"1",,"PERSONAL TOWING","RESIDENCE",,"true",,,,,,,,,,,"true",,"OTHER",,,,,,,,,,,,,,,,,,,,,,,,,,,,,,,,,
"752237","JC456960","2019-10-02T11:00:00","2","DRIVER",,"714591",,"TOYOTA MOTOR COMPANY, LTD.","TACOMA","IN","2014","UNKNOWN","PICKUP","PERSONAL","N","STRAIGHT AHEAD",,,"2",,,,,,,,,,"true",,,,,,,,"REAR-LEFT",,,,,,,,,,,,,,,,,,,,,,,,,,,,,,,,,
"751583","JC457179","2019-10-02T10:55:00","1","DRIVER",,"713967",,"FREIGHTLINER CORP.","FREIGHTLINER CORP.","TX","2014","NONE","TRUCK - SINGLE UNIT","COMMERCIAL - SINGLE UNIT","W","STRAIGHT AHEAD",,,"1",,,,,,,,,,,,,,,,,,,,,,,,,,,,,,,,,,,,,,,,,,,,,,,,,,,
"751423","JC456937","2019-10-02T10:55:00","1","DRIVER",,"713818",,"DODGE","RAM 2500 PU","IL","2015","NONE","PICKUP","PERSONAL","E","STRAIGHT AHEAD","true",,"1",,"UNKNOWN","UNKNOWN",,"false",,,,,,,,,,"false","true",,"OTHER",,,,,,,,,,,,,,,,,,,,,,,,,,,,,,,,,
"751424","JC456937","2019-10-02T10:55:00","2","DRIVER","1","713842",,"DODGE","DURANGO","IL","2015","NONE","SPORT UTILITY VEHICLE (SUV)","PERSONAL","N","STRAIGHT AHEAD","true",,"2",,"UNKNOWN","UNKNOWN",,,,,,,,,"true","true","true",,,,"ROOF",,,,,,,,,,,,,,,,,,,,,,,,,,,,,,,,,
"751503","JC456929","2019-10-02T10:53:00","1","DRIVER",,"713890","true","UNKNOWN","UNKNOWN","IL","2016","NONE","TRACTOR W/ SEMI-TRAILER","UNKNOWN/NA","S","TURNING RIGHT",,,"1",,,,,"true",,,,,,,,,,,,,"FRONT-RIGHT","8308","073705",,,"PAPERS","3","CRETE CARRIER CORP","NB","LINCOLN","false",,,"N","U",,"U",,"N","N",,,,,,,,"3","SINGLE UNIT TRUCK, 3 OR MORE AXLES","OTHER","UNKNOWN","false","false","MISCELLANEOUS"
"751504","JC456929","2019-10-02T10:53:00","2","DRIVER","1","713907",,"TOYOTA MOTOR COMPANY, LTD.","Prius","IL","2013","NONE","OTHER","TAXI/FOR HIRE","S","TURNING ON RED",,,"2",,,,,,,,,,,"true","true","true","true","true",,,"ROOF",,,,,,,,,,,,,,,,,,,,,,,,,,,,,,,,,
"751433","JC456988","2019-10-02T10:50:00","2","DRIVER",,"713830",,"TOYOTA MOTOR COMPANY, LTD.","CAMRY","IL","2011","NONE","PASSENGER","TAXI/FOR HIRE","E","STRAIGHT AHEAD",,,"1",,,,,,,,,,,,,,,"true",,,"TOTAL (ALL AREAS)",,,,,,,,,,,,,,,,,,,,,,,,,,,,,,,,,
"751417","JC456945","2019-10-02T10:50:00","1","DRIVER",,"713810",,"BMW","X3","IL","2015","NONE","PASSENGER","PERSONAL","W","STRAIGHT AHEAD","true",,"1",,,,,,,,,,,,,,,,"true",,"OTHER",,,,,,,,,,,,,,,,,,,,,,,,,,,,,,,,,
"751418","JC456945","2019-10-02T10:50:00","2","DRIVER",,"713820",,"NISSAN","ROGUE","IL","2019","NONE","PASSENGER","PERSONAL","N","STRAIGHT AHEAD","true",,"1",,,,,,"true","true","true",,,,,,,,"true",,"SIDE-RIGHT",,,,,,,,,,,,,,,,,,,,,,,,,,,,,,,,,
"752773","JC456943","2019-10-02T10:50:00","1","DRIVER",,"715102",,"CHEVROLET","TAHOE","IL","2008","NONE","SPORT UTILITY VEHICLE (SUV)","PERSONAL","S","STRAIGHT AHEAD",,,"1",,,,,,,,,,,"true","true",,,"true","true",,"REAR",,,,,,,,,,,,,,,,,,,,,,,,,,,,,,,,,
"752774","JC456943","2019-10-02T10:50:00","2","DRIVER",,"715103",,"JEEP","Grand Cherokee (for vehicle years 1989 to present)","IL","2018","NONE","SPORT UTILITY VEHICLE (SUV)","PERSONAL","W","STRAIGHT AHEAD",,,"1",,,,,,,,,,,,,,,"true","true",,"OTHER",,,,,,,,,,,,,,,,,,,,,,,,,,,,,,,,,
"752776","JC456943","2019-10-02T10:50:00","4","DRIVER",,"715106",,"LEXUS","UNKNOWN","IL","2011","NONE","PASSENGER","PERSONAL","N","SLOW/STOP IN TRAFFIC",,,"1",,,,,,,,,,,,,,,,"true",,"OTHER",,,,,,,,,,,,,,,,,,,,,,,,,,,,,,,,,
"752009","JC457075","2019-10-02T10:38:00","2","DRIVER",,"714367",,"SUBARU","FORESTER","IL","2017","NONE","SPORT UTILITY VEHICLE (SUV)","PERSONAL","S","STRAIGHT AHEAD","true",,"1",,"OWNER",,,,,,"true","true",,,,,,,,,"SIDE-LEFT",,,,,,,,,,,,,,,,,,,,,,,,,,,,,,,,,
"752635","JC459082","2019-10-02T10:30:00","2","DRIVER",,"714966",,"CHEVROLET","UNKNOWN","IL","2013","NONE","TRUCK - SINGLE UNIT","COMMERCIAL - SINGLE UNIT","N","TURNING RIGHT",,,"1",,,,,"true","true",,,,,,,,,,,,"FRONT",,,,,,,,,,,,,,,,,,,,,,,,,,,,,,,,,
"752203","JC458409","2019-10-02T10:30:00","1","DRIVER",,"714551",,"DODGE","DURANGO","IL","2014","NONE","SPORT UTILITY VEHICLE (SUV)","PERSONAL","E","PASSING/OVERTAKING",,,"1",,,,,"true",,,,,,,,,,,"true",,"FRONT",,,,,,,,,,,,,,,,,,,,,,,,,,,,,,,,,
"751452","JC457034","2019-10-02T10:30:00","2","DRIVER",,"713854",,"CHEVROLET","CRUZE","MN","2916","NONE","PASSENGER","PERSONAL","W","ENTERING TRAFFIC LANE FROM PARKING",,,"1",,,,,,,,,,,"true","true",,,,,,"REAR-RIGHT",,,,,,,,,,,,,,,,,,,,,,,,,,,,,,,,,
"751453","JC456927","2019-10-02T10:30:00","1","DRIVER","1","713852","true","CHEVROLET","C3500 - TOW TRUCK","IN","2006","UNKNOWN","TRUCK - SINGLE UNIT","TOW TRUCK","S","STRAIGHT AHEAD","true",,"2",,"UNKNOWN","UNKNOWN",,,,,,,,,,,,,"true",,"OTHER","8306",,,,,"2","HEI UTILITY","IN","GRIFFITH",,,,"N","N",,"N",,"N","N",,,,,,,,,"TRUCK/TRAILER","OTHER","UNKNOWN","false","false",
"751454","JC456927","2019-10-02T10:30:00","2","DRIVER","2","713871","true","ISUZU","ISUZU","IL","2013","UNKNOWN","SINGLE UNIT TRUCK WITH TRAILER","COMMERCIAL - SINGLE UNIT","S","AVOIDING VEHICLES/OBJECTS",,,"3",,,,,,,,,,,"true",,,,,,,"SIDE-LEFT","8307","704116",,,"SIDE OF TRUCK","2","ABT","IL","GLENVIEW",,,,"N","N",,"N",,"N","N",,,,,,,,,"SINGLE UNIT TRUCK, 2 AXLES, 6 TIRES","VAN/ENCLOSED BOX","OTHER","false","false",
"751428","JC456912","2019-10-02T10:30:00","1","DRIVER",,"713813",,"JEEP","PATRIOT","IL","2016","NONE","SPORT UTILITY VEHICLE (SUV)","PERSONAL","W","STRAIGHT AHEAD",,,"1",,,,,,,,,,,,,,,,"true",,"OTHER",,,,,,,,,,,,,,,,,,,,,,,,,,,,,,,,,
"751429","JC456912","2019-10-02T10:30:00","2","DRIVER",,"713838",,"HONDA","RIDGELINE","IL","2012","NONE","SPORT UTILITY VEHICLE (SUV)","PERSONAL","W","SLOW/STOP IN TRAFFIC",,,"1",,,,,,,,,,"true",,,,,,"true",,"REAR-LEFT",,,,,,,,,,,,,,,,,,,,,,,,,,,,,,,,,
"751430","JC456912","2019-10-02T10:30:00","3","DRIVER",,"713850",,"CHEVROLET","HHR","IL","2008","NONE","PASSENGER","PERSONAL","W","SLOW/STOP IN TRAFFIC",,,"1",,,,,,,,,,"true",,,,,,,,"REAR-LEFT",,,,,,,,,,,,,,,,,,,,,,,,,,,,,,,,,
"751431","JC456912","2019-10-02T10:30:00","4","DRIVER",,"713864",,"HONDA","CRV","IL","2019","NONE","SPORT UTILITY VEHICLE (SUV)","PERSONAL","W","SLOW/STOP IN TRAFFIC",,,"1",,,,,,,,,,"true",,,,,,,,"REAR-LEFT",,,,,,,,,,,,,,,,,,,,,,,,,,,,,,,,,
"751476","JC456934","2019-10-02T10:27:00","2","DRIVER",,"713855",,"CHEVROLET","C-1500","IL","2007","NONE","TRUCK - SINGLE UNIT","PERSONAL","E","STRAIGHT AHEAD",,,"1",,,,,,,,,,,"true","true","true","true","true",,,"SIDE-LEFT",,,,,,,,,,,,,,,,,,,,,,,,,,,,,,,,,
"751407","JC456944","2019-10-02T10:15:00","1","DRIVER",,"713805",,"PONTIAC","G6","IL","2008","UNKNOWN","PASSENGER","UNKNOWN/NA","W","STRAIGHT AHEAD","true",,"1",,"city",,,"true","true","true","true",,,,,,,,"true",,"OTHER",,,,,,,,,,,,,,,,,,,,,,,,,,,,,,,,,
"751410","JC456941","2019-10-02T10:15:00","1","DRIVER",,"713796",,"NISSAN","VERSA","IL","2014","NONE","PASSENGER","PERSONAL","W","STRAIGHT AHEAD",,,"1",,,,,,,,,,,,,,,,"true",,"OTHER",,,,,,,,,,,,,,,,,,,,,,,,,,,,,,,,,
"751425","JC456941","2019-10-02T10:15:00","2","DRIVER",,"713808",,"TOYOTA MOTOR COMPANY, LTD.","Sienna (van)","IL","2017","NONE","VAN/MINI-VAN","OTHER","W","SLOW/STOP IN TRAFFIC",,,"1",,,,,,,,,,"true",,,,,,,,"REAR-LEFT",,,,,,,,,,,,,,,,,,,,,,,,,,,,,,,,,
"751440","JC456889","2019-10-02T10:15:00","1","DRIVER",,"713823",,"HONDA","Pilot","IL","2012","NONE","PASSENGER","PERSONAL","W","PASSING/OVERTAKING",,,"1",,,,,,,,,,,,,,"true","true",,,"TOTAL (ALL AREAS)",,,,,,,,,,,,,,,,,,,,,,,,,,,,,,,,,
"751465","JC456878","2019-10-02T10:06:00","1","DRIVER",,"713847",,"ACURA","ACURA","IL","2012","NONE","SPORT UTILITY VEHICLE (SUV)","PERSONAL","W","STRAIGHT AHEAD","true",,"1",,"private",,,,,,,,,,,,,,"true",,"OTHER",,,,,,,,,,,,,,,,,,,,,,,,,,,,,,,,,
"751466","JC456878","2019-10-02T10:06:00","2","DRIVER",,"713862",,"FORD","Explorer","IL","2013","NONE","SPORT UTILITY VEHICLE (SUV)","POLICE","N","STRAIGHT AHEAD","true",,"1",,"O'hare",,,,,"true",,,,,,,,,,,"SIDE-RIGHT",,,,,,,,,,,,,,,,,,,,,,,,,,,,,,,,,
"751406","JC456938","2019-10-02T10:03:00","2","DRIVER",,"713798",,"SUBARU","UNKNOWN","IL","2018","NONE","PASSENGER","PERSONAL","N","STRAIGHT AHEAD",,,"1",,,,,,,,,,,,,"true","true",,,,"ROOF",,,,,,,,,,,,,,,,,,,,,,,,,,,,,,,,,
"756065","JC465671","2019-10-02T10:00:00","1","DRIVER",,"718174","true","FONTAINE TRUCK EQUIPMENT CO.","FONTAINE TRUCK EQUIPMENT CO.","IL","2006","UNKNOWN","TRACTOR W/ SEMI-TRAILER","UNKNOWN/NA","W","UNKNOWN/NA",,,"1",,,,,,,,,,,,,,,,,"true","UNKNOWN","8371","3242678",,,,,,,,,,,"U","U",,"U",,"U","U",,,,,,,,"6","TRUCK/TRAILER","VAN/ENCLOSED BOX","UNKNOWN","false","false",
"751399","JC456922","2019-10-02T10:00:00","1","DRIVER",,"713785",,"HYUNDAI","TUCSON","IL","2016","NONE","SPORT UTILITY VEHICLE (SUV)","PERSONAL","W","CHANGING LANES",,,"1",,,,,"true","true",,,,,,,,,,"false",,"FRONT",,,,,,,,,,,,,,,,,,,,,,,,,,,,,,,,,
"751400","JC456922","2019-10-02T10:00:00","2","DRIVER",,"713793",,"HYUNDAI","Accent","IL","2016","NONE","PASSENGER","PERSONAL","W","STRAIGHT AHEAD",,,"1",,,,,,,,,,,"true",,,,,,,"SIDE-LEFT",,,,,,,,,,,,,,,,,,,,,,,,,,,,,,,,,
"751388","JC456891","2019-10-02T10:00:00","2","DRIVER","2","713772",,"HONDA","HONDA","IL","2016","NONE","PASSENGER","PERSONAL","E","STRAIGHT AHEAD",,,"3",,,,,,,,,,"true",,,,,,,,"REAR-LEFT",,,,,,,,,,,,,,,,,,,,,,,,,,,,,,,,,
"751379","JC456890","2019-10-02T10:00:00","1","DRIVER",,"713759",,"MAZDA","6 (Six)","IL","2013","UNKNOWN","PASSENGER","PERSONAL","SW","ENTERING TRAFFIC LANE FROM PARKING",,,"1",,,,,,,,,,,,,,"true","true",,,"TOTAL (ALL AREAS)",,,,,,,,,,,,,,,,,,,,,,,,,,,,,,,,,
"751380","JC456890","2019-10-02T10:00:00","2","DRIVER",,"713765",,"HONDA","CIVIC","IL","2015","UNKNOWN","PASSENGER","PERSONAL","SW","STRAIGHT AHEAD",,,"1",,,,,"true","true","true","true","true",,,,,,,,,"FRONT-RIGHT",,,,,,,,,,,,,,,,,,,,,,,,,,,,,,,,,
"754944","JC463371","2019-10-02T09:56:00","1","DRIVER",,"717109",,"CHRYSLER","200","IL","2017","UNKNOWN","PASSENGER","UNKNOWN/NA","UNKNOWN","STRAIGHT AHEAD",,,"1",,,,,,,,,,,,,,,,,"true","UNKNOWN",,,,,,,,,,,,,,,,,,,,,,,,,,,,,,,,,
"754945","JC463371","2019-10-02T09:56:00","2","PARKED",,"717135",,"HONDA","ACCORD","IL","2015","NONE","PASSENGER","NOT IN USE","UNKNOWN","PARKED",,,"0",,,,,,,,,,,"true",,"true","true",,,,"UNDER CARRIAGE",,,,,,,,,,,,,,,,,,,,,,,,,,,,,,,,,
"751684","JC457434","2019-10-02T09:55:00","1","DRIVER",,"714058",,"CHEVROLET","UNKNOWN","IL","2015","UNKNOWN","PASSENGER","UNKNOWN/NA","S","CHANGING LANES",,,"1",,,,,,,,,,,"true",,,,,,,"FRONT-LEFT",,,,,,,,,,,,,,,,,,,,,,,,,,,,,,,,,
"751685","JC457434","2019-10-02T09:55:00","2","DRIVER",,"714067",,"CHEVROLET","Colorado","IL","2019","UNKNOWN","SPORT UTILITY VEHICLE (SUV)","UNKNOWN/NA","S","STRAIGHT AHEAD",,,"1",,,,,"true",,,,,,,,,,,,,"FRONT-RIGHT",,,,,,,,,,,,,,,,,,,,,,,,,,,,,,,,,
"751426","JC456873","2019-10-02T09:53:00","1","DRIVER","1","713809",,"HYUNDAI","SONATA","IL","2012","NONE","PASSENGER","RIDESHARE SERVICE","SE","AVOIDING VEHICLES/OBJECTS",,,"2",,,,,,,,,,,,,,,"true","true",,"TOTAL (ALL AREAS)",,,,,,,,,,,,,,,,,,,,,,,,,,,,,,,,,
"751427","JC456873","2019-10-02T09:53:00","2","DRIVER",,"713817","true","INTERNATIONAL HARVESTER","INTERNATIONAL HARVESTER","IL","2020","NONE","TRUCK - SINGLE UNIT","COMMERCIAL - SINGLE UNIT","NW","STRAIGHT AHEAD",,,"2",,,,,,,,,,,,,,"true",,,,"UNDER CARRIAGE","8304",,,,"SIDE OF TRUCK","2","J&F TRUCKING","IL",,,,,"N","N",,"N",,"N","N",,,">102",,,,"28",,"SINGLE UNIT TRUCK, 2 AXLES, 6 TIRES","BUS","OTHER",,"false","MISCELLANEOUS"
"754818","JC456882","2019-10-02T09:50:00","2","DRIVER",,"717061",,"TOYOTA MOTOR COMPANY, LTD.","RAV4 (sport utility)",,"2019","UNKNOWN","UNKNOWN/NA","UNKNOWN/NA","E","SLOW/STOP IN TRAFFIC",,,"1",,,,,,,,,,"true",,,,,,,,"REAR-LEFT",,,,,,,,,,,,,,,,,,,,,,,,,,,,,,,,,
"751374","JC456839","2019-10-02T09:36:00","2","DRIVER",,"713773",,"NISSAN","NISSAN ALTIMA","IL","2007","NONE","PICKUP","PERSONAL","SE","STRAIGHT AHEAD",,,"1",,,,,"true","true",,,,,,,,,,,,"FRONT",,,,,,,,,,,,,,,,,,,,,,,,,,,,,,,,,
"751375","JC456832","2019-10-02T09:35:00","1","DRIVER",,"713762","true","VOLVO","UNKNOWN","UT","2016","NONE","TRACTOR W/ SEMI-TRAILER","COMMERCIAL - MULTI-UNIT","W","BACKING",,,"1",,,,"true",,,,,,,,,,,,,,,"8302",,,,"DRIVER","1","GODFREY TRUCKING","UT","SALT LAKE CITY",,,,"N","N",,"N",,"N","N",,,,,,,,,"TRACTOR/SEMI-TRAILER","VAN/ENCLOSED BOX","UNKNOWN","false","false",
"751356","JC456825","2019-10-02T09:35:00","2","DRIVER",,"713748",,"NISSAN","Pathfinder","IL","2015","NONE","PASSENGER","PERSONAL","S","STRAIGHT AHEAD",,,"1",,,,,,,,,,,,,,,"true",,,"TOTAL (ALL AREAS)",,,,,,,,,,,,,,,,,,,,,,,,,,,,,,,,,
"751381","JC456841","2019-10-02T09:30:00","1","DRIVER",,"713766","false","KENWORTH MOTOR TRUCK CO.","KENWORTH MOTOR TRUCK CO.","IL","2006","NONE","TRUCK - SINGLE UNIT","OTHER","SE","STRAIGHT AHEAD",,,"1",,,,,,,,,,,,,,,,"true",,"OTHER",,,,,,,,,,,,,,,,,,,,,,,,,,,,,,,,,
"751382","JC456841","2019-10-02T09:30:00","2","DRIVER",,"713776",,"NISSAN","VERSA","DC","2016","NONE","PASSENGER","PERSONAL","SE","STRAIGHT AHEAD",,,"1",,,,,,,,,,"true",,,,,,,,"REAR-LEFT",,,,,,,,,,,,,,,,,,,,,,,,,,,,,,,,,
"751383","JC456847","2019-10-02T09:25:00","1","DRIVER",,"713768",,"DODGE","CHARGER","FL","2019","NONE","PASSENGER","PERSONAL","N","STRAIGHT AHEAD","true",,"1",,"A&R","4550 W AUGUSTA",,"true",,,,,,,,,,"true","true",,"OTHER",,,,,,,,,,,,,,,,,,,,,,,,,,,,,,,,,
"751384","JC456847","2019-10-02T09:25:00","2","DRIVER","1","713777",,"GENERAL MOTORS CORP.","UNKNOWN","IL","2007","NONE","PASSENGER","PERSONAL","W","STRAIGHT AHEAD","true",,"2",,"COOK COUNTY TOWING","1648 N KOLMAR",,,,,,,,"true","true",,,,,,"FRONT-LEFT",,,,,,,,,,,,,,,,,,,,,,,,,,,,,,,,,
"751378","JC456888","2019-10-02T09:20:00","2","DRIVER",,"713761",,"TOYOTA MOTOR COMPANY, LTD.","CAMRY","IL","2015","NONE","PASSENGER","PERSONAL","S","TURNING LEFT",,,"1",,,,,"true","true",,,,,,,,,,"true",,"FRONT",,,,,,,,,,,,,,,,,,,,,,,,,,,,,,,,,
"751389","JC456881","2019-10-02T09:20:00","1","DRIVER",,"713788",,"TOYOTA MOTOR COMPANY, LTD.","CAMRY","IL","2015","NONE","PASSENGER","PERSONAL","SE","TURNING LEFT",,,"1",,,,,"false","true",,,,,,,,,,,,"FRONT",,,,,,,,,,,,,,,,,,,,,,,,,,,,,,,,,
"752881","JC456836","2019-10-02T09:20:00","1","DRIVER",,"715197",,"BMW","TI","IL","2012","OTHER","PASSENGER","PERSONAL","N","CHANGING LANES",,,"1",,,,,,,,,,,,,,,"true",,,"TOTAL (ALL AREAS)",,,,,,,,,,,,,,,,,,,,,,,,,,,,,,,,,
"752882","JC456836","2019-10-02T09:20:00","2","DRIVER",,"715198",,"ACURA","ACURA","IL","2012","NONE","SPORT UTILITY VEHICLE (SUV)","PERSONAL","N","STRAIGHT AHEAD",,,"1",,,,,"true","true","true","true","true",,,,,,,,,"SIDE-RIGHT",,,,,,,,,,,,,,,,,,,,,,,,,,,,,,,,,
"751351","JC456803","2019-10-02T09:15:00","1","DRIVER",,"713733",,"CHRYSLER","200","IN","2011","NONE","PASSENGER","PERSONAL","W","STARTING IN TRAFFIC",,,"1",,,,,,,,,,,,,,,,"true",,"OTHER",,,,,,,,,,,,,,,,,,,,,,,,,,,,,,,,,
"751352","JC456803","2019-10-02T09:15:00","2","DRIVER",,"713827",,"FORD","Focus","IL","2018","NONE","PASSENGER","PERSONAL","W","STRAIGHT AHEAD",,,"1",,,,,,,,,,"true",,,,,,,,"REAR-LEFT",,,,,,,,,,,,,,,,,,,,,,,,,,,,,,,,,
"751343","JC456837","2019-10-02T09:07:00","1","DRIVER",,"713730",,"TOYOTA MOTOR COMPANY, LTD.","COROLLA","IL","2008","NONE","PASSENGER","PERSONAL","N","STRAIGHT AHEAD",,,"1",,,,,,,,,,,,,,,,"true",,"OTHER",,,,,,,,,,,,,,,,,,,,,,,,,,,,,,,,,
"751344","JC456837","2019-10-02T09:07:00","2","DRIVER","2","713734",,"NISSAN","NISSAN ALTIMA","IL","2014","NONE","PASSENGER","PERSONAL","W","STRAIGHT AHEAD",,,"3",,,,,,,,,,,,"true","true",,,,,"ROOF",,,,,,,,,,,,,,,,,,,,,,,,,,,,,,,,,
"751331","JC456782","2019-10-02T09:05:00","1","DRIVER",,"713719",,"VOLVO","XC90","IL","2006","NONE","PASSENGER","PERSONAL","S","STRAIGHT AHEAD","true",,"1",,"PRIVATE","UNK",,,,,,,,,,,,,"true",,"OTHER",,,,,,,,,,,,,,,,,,,,,,,,,,,,,,,,,
"751635","JC457373","2019-10-02T09:00:00","1","DRIVER",,"714010",,"TOYOTA MOTOR COMPANY, LTD.","YARIS","IN","2012","NONE","PASSENGER","PERSONAL","N","STRAIGHT AHEAD",,,"1",,,,,"true",,,,,,,,,,"true","true",,"OTHER",,,,,,,,,,,,,,,,,,,,,,,,,,,,,,,,,
"751636","JC457373","2019-10-02T09:00:00","2","DRIVER",,"714021",,"INFINITI","UNKNOWN","IL","2014","NONE","SPORT UTILITY VEHICLE (SUV)","PERSONAL","N","SLOW/STOP IN TRAFFIC",,,"1",,,,,,,,,"true","true","true",,,,,,,"REAR-LEFT",,,,,,,,,,,,,,,,,,,,,,,,,,,,,,,,,
"755538","JC456869","2019-10-02T09:00:00","1","DRIVER",,"717692",,"HONDA","HONDA",,"2008","UNKNOWN","UNKNOWN/NA","UNKNOWN/NA","N","PASSING/OVERTAKING",,,"1",,,,,,,,,,,,,,,,,"true","UNKNOWN",,,,,,,,,,,,,,,,,,,,,,,,,,,,,,,,,
"755539","JC456869","2019-10-02T09:00:00","2","DRIVER",,"717676",,"HYUNDAI","ELANTRA","IL","2015","NONE","PASSENGER","PERSONAL","N","STRAIGHT AHEAD",,,"1",,,,,,,,,,,,,,"true","false",,,"ROOF",,,,,,,,,,,,,,,,,,,,,,,,,,,,,,,,,
"751404","JC456840","2019-10-02T09:00:00","2","PARKED",,"713802",,"VOLKSWAGEN","ROUTAN","IL","2012","NONE","VAN/MINI-VAN","NOT IN USE","W","PARKED",,,"0",,,,,"false",,,,,,"true","true",,,,,,"FRONT",,,,,,,,,,,,,,,,,,,,,,,,,,,,,,,,,
"751393","JC456807","2019-10-02T09:00:00","1","DRIVER",,"713779","false","KIA MOTORS CORP","KIA MOTORS CORP","IL","2015","NONE","PASSENGER","OTHER","N","UNKNOWN/NA",,,"1",,,,,,,,,,,"true",,,,,,,"SIDE-LEFT",,,,,,,,,,,,,,,,,,,,,,,,,,,,,,,,,
"751394","JC456807","2019-10-02T09:00:00","2","DRIVER",,"713786","false","UNKNOWN","UNKNOWN","IL","2011","NONE","OTHER VEHICLE WITH TRAILER","STATE OWNED","N","STRAIGHT AHEAD",,,"1",,,,,"true",,,,,,,,,,,,,"FRONT",,,,,,,,,,,,,,,,,,,,,,,,,,,,,,,,,
"751327","JC456801","2019-10-02T09:00:00","1","DRIVER",,"713713",,"PONTIAC","GRAND PRIX","IL","2007","NONE","PASSENGER","PERSONAL","N","STRAIGHT AHEAD",,,"1",,,,"true",,,,,,,,,,,,,,"NONE",,,,,,,,,,,,,,,,,,,,,,,,,,,,,,,,,
"751328","JC456801","2019-10-02T09:00:00","2","DRIVER",,"713717",,"TOYOTA MOTOR COMPANY, LTD.","YARIS","IL","2018","NONE","PASSENGER","PERSONAL","N","STRAIGHT AHEAD",,,"1",,,,,,,,,,"true",,,,,,,,"REAR-LEFT",,,,,,,,,,,,,,,,,,,,,,,,,,,,,,,,,
"751369","JC456791","2019-10-02T09:00:00","1","DRIVER",,"713757",,"FORD","EXPLORER","IL","2015","NONE","SPORT UTILITY VEHICLE (SUV)","PERSONAL","NW","TURNING LEFT","true",,"1",,"unknown","unknown",,,,,,,,"true","true",,,,,,"FRONT-LEFT",,,,,,,,,,,,,,,,,,,,,,,,,,,,,,,,,
"751326","JC456789","2019-10-02T09:00:00","2","DRIVER",,"713720",,"FORD","FUSION","IL","2006","NONE","PASSENGER","PERSONAL","N","STRAIGHT AHEAD","true",,"1",,"INSURANCE","UNK",,,,,,,,"true",,,,,,,"FRONT-LEFT",,,,,,,,,,,,,,,,,,,,,,,,,,,,,,,,,
"751336","JC456774","2019-10-02T08:59:00","1","DRIVER",,"713721",,"CHEVROLET","EQUINOX","IL","2013","UNKNOWN","PASSENGER","PERSONAL","E","STRAIGHT AHEAD","true",,"1",,"owner","owner",,,,,,,,,,,"true","true",,,"TOTAL (ALL AREAS)",,,,,,,,,,,,,,,,,,,,,,,,,,,,,,,,,
"751337","JC456774","2019-10-02T08:59:00","2","DRIVER",,"713728",,"FORD","F350","IN","2017","NONE","OTHER","OTHER","W","STRAIGHT AHEAD",,,"1",,,,,,,,,,,,,,,,,,"NONE",,,,,,,,,,,,,,,,,,,,,,,,,,,,,,,,,
"751290","JC456766","2019-10-02T08:59:00","2","DRIVER",,"713683",,"TOYOTA MOTOR COMPANY, LTD.","CAMRY","IL","2016","UNKNOWN","PASSENGER","PERSONAL","S","STRAIGHT AHEAD",,,"1",,,,,,,,,"true",,,,,,,,,"REAR",,,,,,,,,,,,,,,,,,,,,,,,,,,,,,,,,