"crash_unit_id","rd_no","crash_date","unit_no","unit_type","num_passengers","vehicle_id","cmrc_veh_i","make","model","lic_plate_state","vehicle_year","vehicle_defect","vehicle_type","vehicle_use","travel_direction","maneuver","towed_i","fire_i","occupant_cnt","exceed_speed_limit_i","towed_by","towed_to","area_00_i","area_01_i","area_02_i","area_03_i","area_04_i","area_05_i","area_06_i","area_07_i","area_08_i","area_09_i","area_10_i","area_11_i","area_12_i","area_99_i","first_contact_point","cmv_id","usdot_no","ccmc_no","ilcc_no","commercial_src","gvwr","carrier_name","carrier_state","carrier_city","hazmat_placards_i","hazmat_name","un_no","hazmat_present_i","hazmat_report_i","hazmat_report_no","mcs_report_i","mcs_report_no","hazmat_vio_cause_crash_i","mcs_vio_cause_crash_i","idot_permit_no","wide_load_i","trailer1_width","trailer2_width","trailer1_length","trailer2_length","total_vehicle_length","axle_cnt","vehicle_config","cargo_body_type","load_type","hazmat_out_of_service_i","mcs_out_of_service_i","hazmat_class"
"751342","JC456822","2019-10-02T08:55:00","2","DRIVER",,"713741",,"CHEVROLET","IMPALA","IL","2017","NONE","PASSENGER","PERSONAL","N","SLOW/STOP IN TRAFFIC",,,"1",,,,,,,,,,"true",,,,,,,,"REAR-LEFT",,,,,,,,,,,,,,,,,,,,,,,,,,,,,,,,,
"751353","JC456793","2019-10-02T08:52:00","1","DRIVER",,"713745",,"DODGE","CHALLENGER","IL","2016","NONE","PASSENGER","PERSONAL","W","TURNING LEFT",,,"1",,,,,"true",,,,,,,,,,"true","true",,"OTHER",,,,,,,,,,,,,,,,,,,,,,,,,,,,,,,,,
"751354","JC456793","2019-10-02T08:52:00","2","DRIVER",,"713755",,"KIA MOTORS CORP","FORTE","IL","2016","NONE","PASSENGER","PERSONAL","N","STRAIGHT AHEAD","true",,"1",,,,,"true","true",,,,,,,,"true","true","true",,"FRONT",,,,,,,,,,,,,,,,,,,,,,,,,,,,,,,,,
"751386","JC456827","2019-10-02T08:45:00","2","DRIVER",,"713771",,"BMW","UNKNOWN","IL","2015","NONE","SPORT UTILITY VEHICLE (SUV)","PERSONAL","S","STARTING IN TRAFFIC",,,"1",,,,,,,,,,"true",,,,,,,,"REAR-LEFT",,,,,,,,,,,,,,,,,,,,,,,,,,,,,,,,,
"752577","JC459005","2019-10-02T08:30:00","2","DRIVER",,"714915",,"NISSAN","ROGUE","IL","2013","NONE","PASSENGER","PERSONAL","S","SLOW/STOP IN TRAFFIC",,,"1",,,,,,,,,,"true",,,,,,,,"REAR-LEFT",,,,,,,,,,,,,,,,,,,,,,,,,,,,,,,,,
"751544","JC457208","2019-10-02T08:30:00","2","PARKED",,"713936",,"TOYOTA MOTOR COMPANY, LTD.","CAMRY","IL","2017","UNKNOWN","PASSENGER","NOT IN USE","N","PARKED",,,"0",,,,,,,"true",,,,,,,,,,,"SIDE-RIGHT",,,,,,,,,,,,,,,,,,,,,,,,,,,,,,,,,
"751511","JC457129","2019-10-02T08:30:00","1","DRIVER",,"713889",,"JEEP","Grand Cherokee (for vehicle years 1989 to present)","IL","2014","UNKNOWN","SPORT UTILITY VEHICLE (SUV)","UNKNOWN/NA","W","STRAIGHT AHEAD",,,"1",,,,,,,,,,,,,,,,"true",,"OTHER",,,,,,,,,,,,,,,,,,,,,,,,,,,,,,,,,
"751512","JC457129","2019-10-02T08:30:00","2","DRIVER",,"713896",,"FREIGHTLINER CORP.","FREIGHTLINER CORP.","IL","2018","UNKNOWN","TRUCK - SINGLE UNIT","OTHER","W","SLOW/STOP IN TRAFFIC",,,"1",,,,,,,,,,"true",,,,,,,,"REAR-LEFT",,,,,,,,,,,,,,,,,,,,,,,,,,,,,,,,,
"751347","JC456856","2019-10-02T08:30:00","1","DRIVER",,"713756",,"KIA MOTORS CORP","SORENTO","IL","2011","UNKNOWN","PASSENGER","PERSONAL","E","TURNING LEFT",,,"1",,,,,"true","true","true",,,,,,,,,,,"SIDE-RIGHT",,,,,,,,,,,,,,,,,,,,,,,,,,,,,,,,,
"751348","JC456856","2019-10-02T08:30:00","2","DRIVER",,"713781",,"AM GENERAL/HUMMER","H3","IL","2008","NONE","TRUCK - SINGLE UNIT","PERSONAL","N","STRAIGHT AHEAD",,,"1",,,,,,,,,"false","true","true","true","true","true","true","false",,"TOTAL (ALL AREAS)",,,,,,,,,,,,,,,,,,,,,,,,,,,,,,,,,
"751297","JC456781","2019-10-02T08:30:00","1","DRIVER",,"713692",,"JEEP","Wrangler (for vehicle years 1989 to present)","IL","2011","UNKNOWN","SPORT UTILITY VEHICLE (SUV)","UNKNOWN/NA","W","STRAIGHT AHEAD",,,"1",,,,,,,,,,,,,,,,,"true","UNKNOWN",,,,,,,,,,,,,,,,,,,,,,,,,,,,,,,,,
"751298","JC456781","2019-10-02T08:30:00","2","DRIVER",,"713684",,"TOYOTA MOTOR COMPANY, LTD.","RAV4 (sport utility)","IL","2015","NONE","SPORT UTILITY VEHICLE (SUV)","PERSONAL","W","SLOW/STOP IN TRAFFIC",,,"1",,,,,,,,,"true","true","true",,,,,,,"REAR-LEFT",,,,,,,,,,,,,,,,,,,,,,,,,,,,,,,,,
"751334","JC456754","2019-10-02T08:30:00","1","DRIVER",,"713731",,"NISSAN","SENTRA (DATSUN AND NISSAN HAVE MERGED)","IL","2014","UNKNOWN","PASSENGER","PERSONAL","N","STRAIGHT AHEAD",,,"1",,,,,"true",,,,,,,,,,"true","true",,"OTHER",,,,,,,,,,,,,,,,,,,,,,,,,,,,,,,,,
"751335","JC456754","2019-10-02T08:30:00","2","DRIVER",,"713742",,"NISSAN","Frontier","IL","2013","UNKNOWN","PICKUP","PERSONAL","N","STRAIGHT AHEAD",,,"2",,,,,,,,,"true","true","true",,,,,,,"REAR-LEFT",,,,,,,,,,,,,,,,,,,,,,,,,,,,,,,,,
"751315","JC456750","2019-10-02T08:30:00","2","DRIVER",,"713707",,"FORD","FUSION","IL","2015","NONE","PASSENGER","PERSONAL","SW","TURNING LEFT",,,"1",,,,,,,,,,,,,,,"true","true",,"TOTAL (ALL AREAS)",,,,,,,,,,,,,,,,,,,,,,,,,,,,,,,,,
"751293","JC456745","2019-10-02T08:30:00","1","DRIVER","1","713695",,"KIA MOTORS CORP","Optima","IL","2015","NONE","PASSENGER","PERSONAL","E","STRAIGHT AHEAD",,,"2",,,,,"false",,,,,,,,,,,"true",,"OTHER",,,,,,,,,,,,,,,,,,,,,,,,,,,,,,,,,
"751294","JC456745","2019-10-02T08:30:00","2","DRIVER",,"713754",,"DODGE","JOURNEY","IL","2016","NONE","PASSENGER","PERSONAL","E","STRAIGHT AHEAD",,,"1",,,,,,,,,,"true",,,,,,,,"REAR-LEFT",,,,,,,,,,,,,,,,,,,,,,,,,,,,,,,,,
"751268","JC456742","2019-10-02T08:30:00","1","DRIVER",,"713654",,"NISSAN","NISSAN ALTIMA","IL","2015","NONE","PASSENGER","PERSONAL","W","BACKING",,,"1",,,,,,,,,,"true","true",,,,,,,"SIDE-LEFT",,,,,,,,,,,,,,,,,,,,,,,,,,,,,,,,,
"751317","JC456740","2019-10-02T08:30:00","2","DRIVER","1","713981",,"FORD","Focus","IL","2014","NONE","PASSENGER","PERSONAL","E","STRAIGHT AHEAD",,,"2",,,,,"true","true",,,,,,,,,,,,"FRONT",,,,,,,,,,,,,,,,,,,,,,,,,,,,,,,,,
"751259","JC456739","2019-10-02T08:20:00","1","DRIVER",,"713688",,"CHEVROLET","IMPALA","IL","2006","NONE","PASSENGER","PERSONAL","E","STRAIGHT AHEAD",,,"1",,,,,"true",,,,,,,,,,"true","true",,"OTHER",,,,,,,,,,,,,,,,,,,,,,,,,,,,,,,,,
"751260","JC456739","2019-10-02T08:20:00","2","DRIVER","1","713657",,"TOYOTA MOTOR COMPANY, LTD.","UNKNOWN","IL","2016","NONE","PASSENGER","PERSONAL","E","STRAIGHT AHEAD",,,"2",,,,,,,,,"true","true","true",,,,,,,"REAR-LEFT",,,,,,,,,,,,,,,,,,,,,,,,,,,,,,,,,
"751285","JC456744","2019-10-02T08:19:00","1","DRIVER","3","713680",,"DODGE","NITRO","IL","2007","UNKNOWN","SPORT UTILITY VEHICLE (SUV)","PERSONAL","N","STRAIGHT AHEAD","true",,"4",,,,,,,,,,,"true","true",,,,,,"FRONT-LEFT",,,,,,,,,,,,,,,,,,,,,,,,,,,,,,,,,
"752048","JC458093","2019-10-02T08:10:00","1","DRIVER",,"714404",,"HYUNDAI","AZERA","IL","2017","NONE","PASSENGER","PERSONAL","N","STRAIGHT AHEAD",,,"1",,,,,,,,,,,,,,,,"true",,"OTHER",,,,,,,,,,,,,,,,,,,,,,,,,,,,,,,,,
"752049","JC458093","2019-10-02T08:10:00","2","DRIVER",,"714410",,"JEEP","Grand Cherokee (for vehicle years 1989 to present)","IL","2006","NONE","SPORT UTILITY VEHICLE (SUV)","PERSONAL","N","SLOW/STOP IN TRAFFIC",,,"1",,,,,,,,,,"true",,,,,,,,"REAR-LEFT",,,,,,,,,,,,,,,,,,,,,,,,,,,,,,,,,
"751740","JC457557","2019-10-02T08:10:00","1","PARKED","1","714102",,"HYUNDAI","HYUNDAI","IL","2015","NONE","PASSENGER","PERSONAL","N","PARKED",,,"1",,,,,,,,,,,,,"true",,,,,"ROOF",,,,,,,,,,,,,,,,,,,,,,,,,,,,,,,,,
"751284","JC456716","2019-10-02T08:10:00","2","DRIVER",,"713696",,"TOYOTA MOTOR COMPANY, LTD.","RAV4 (sport utility)","IN","2017","UNKNOWN","SPORT UTILITY VEHICLE (SUV)","PERSONAL","W","STRAIGHT AHEAD",,,"1",,,,,"true",,"true","true",,,,,,,,,,"SIDE-RIGHT",,,,,,,,,,,,,,,,,,,,,,,,,,,,,,,,,
"752089","JC458191","2019-10-02T08:00:00","2","DRIVER",,"714448",,"ACURA","ACURA","IL","2018","NONE","PASSENGER","PERSONAL","S","SLOW/STOP IN TRAFFIC",,,"1",,,,,,,,,"true",,,,,,,,,"REAR",,,,,,,,,,,,,,,,,,,,,,,,,,,,,,,,,
"751570","JC457238","2019-10-02T08:00:00","1","DRIVER",,"713952",,"ACURA","ACURA","IL","2009","NONE","PASSENGER","PERSONAL","W","ENTERING TRAFFIC LANE FROM PARKING",,,"1",,,,,,,,,,,,,,,"true",,,"TOTAL (ALL AREAS)",,,,,,,,,,,,,,,,,,,,,,,,,,,,,,,,,
"751571","JC457238","2019-10-02T08:00:00","2","DRIVER",,"713962",,"TOYOTA MOTOR COMPANY, LTD.","RAV4 (sport utility)","IL","2018","NONE","SPORT UTILITY VEHICLE (SUV)","PERSONAL","W","STRAIGHT AHEAD",,,"1",,,,,,"true","true","true",,,,,,,,,,"SIDE-RIGHT",,,,,,,,,,,,,,,,,,,,,,,,,,,,,,,,,
"751279","JC456753","2019-10-02T08:00:00","1","DRIVER",,"713665",,"TOYOTA MOTOR COMPANY, LTD.","TOYOTA","IL","2015","NONE","PICKUP","TAXI/FOR HIRE","E","STRAIGHT AHEAD",,,"1",,,,,,,,,,,,,,,,"true",,"OTHER",,,,,,,,,,,,,,,,,,,,,,,,,,,,,,,,,
"751280","JC456753","2019-10-02T08:00:00","2","DRIVER",,"713673",,"FORD","EXPLORER","MI","2014","NONE","PASSENGER","PERSONAL","S","TURNING LEFT",,,"1",,,,,,,"true",,,,,,,,,,,"SIDE-RIGHT",,,,,,,,,,,,,,,,,,,,,,,,,,,,,,,,,
"751307","JC456728","2019-10-02T08:00:00","3","DRIVER",,"713735",,"INFINITI","UNKNOWN","IL","2018","NONE","PASSENGER","PERSONAL","E","STRAIGHT AHEAD",,,"1",,,,,,,,,,,,,"true",,,,,"ROOF",,,,,,,,,,,,,,,,,,,,,,,,,,,,,,,,,
"751253","JC456721","2019-10-02T08:00:00","1","DRIVER",,"713661",,"VOLKSWAGEN","JETTA",,"2013","NONE","PASSENGER","PERSONAL","SW","TURNING LEFT",,,"1",,,,,"true","true",,,,,,,,,,"true",,"FRONT",,,,,,,,,,,,,,,,,,,,,,,,,,,,,,,,,
"751248","JC456718","2019-10-02T08:00:00","1","DRIVER","2","713643",,"CHEVROLET","SILVERADO","IL","2011","NONE","PICKUP","PERSONAL","S","STRAIGHT AHEAD",,,"3",,,,,,,,,,,,,"false","true",,,,"ROOF",,,,,,,,,,,,,,,,,,,,,,,,,,,,,,,,,
"751247","JC456718","2019-10-02T08:00:00","2","DRIVER",,"713639",,"CHEVROLET","TAHOE","IL","2016","NONE","SPORT UTILITY VEHICLE (SUV)","PERSONAL","N","STRAIGHT AHEAD",,,"1",,,,,,,,,,,,,,"true",,,,"ROOF",,,,,,,,,,,,,,,,,,,,,,,,,,,,,,,,,
"751263","JC456715","2019-10-02T08:00:00","1","DRIVER",,"713651",,"HONDA","CIVIC","IL","2012","UNKNOWN","PASSENGER","PERSONAL","N","SLOW/STOP IN TRAFFIC","true",,"1",,"unk","unk",,,,,,,,,,,,,"true",,"OTHER",,,,,,,,,,,,,,,,,,,,,,,,,,,,,,,,,
"751264","JC456715","2019-10-02T08:00:00","2","DRIVER",,"713660",,"JEEP","Wrangler (for vehicle years 1989 to present)","IL","2017","UNKNOWN","SPORT UTILITY VEHICLE (SUV)","PERSONAL","N","SLOW/STOP IN TRAFFIC",,,"1",,,,,,,,,,"true",,,,,,"true",,"REAR-LEFT",,,,,,,,,,,,,,,,,,,,,,,,,,,,,,,,,
"751265","JC456715","2019-10-02T08:00:00","3","DRIVER",,"713669",,"HONDA","CIVIC","IL","2010","UNKNOWN","PASSENGER","PERSONAL","N","SLOW/STOP IN TRAFFIC",,,"1",,,,,,,,,,"true",,,,,,,,"REAR-LEFT",,,,,,,,,,,,,,,,,,,,,,,,,,,,,,,,,
"751273","JC456723","2019-10-02T07:59:00","2","PARKED",,"713667",,"JEEP","UNKNOWN","IL","2015","NONE","PASSENGER","PERSONAL","UNKNOWN","PARKED",,,"0",,,,,"true",,,,,,,,,,,,,"FRONT",,,,,,,,,,,,,,,,,,,,,,,,,,,,,,,,,
"751321","JC456722","2019-10-02T07:56:00","1","DRIVER","2","713712",,"CHEVROLET","EQUINOX","IL","2013","NONE","PASSENGER","PERSONAL","S","TURNING LEFT",,,"3",,,,,"true",,,,,,,,,,,,,"FRONT",,,,,,,,,,,,,,,,,,,,,,,,,,,,,,,,,
"751322","JC456722","2019-10-02T07:56:00","2","DRIVER",,"713716",,"CHEVROLET","EQUINOX","IL","2015","NONE","PASSENGER","PERSONAL","N","TURNING RIGHT",,,"1",,,,,,,,,,,,,,,"true",,,"TOTAL (ALL AREAS)",,,,,,,,,,,,,,,,,,,,,,,,,,,,,,,,,
"751778","JC456730","2019-10-02T07:55:00","2","DRIVER",,"714142",,"NISSAN","SENTRA (DATSUN AND NISSAN HAVE MERGED)","IL","2015","UNKNOWN","PASSENGER","PERSONAL","E","STRAIGHT AHEAD",,,"1",,,,"true",,,,,,,,,,,,,,"REAR-LEFT",,,,,,,,,,,,,,,,,,,,,,,,,,,,,,,,,
"751262","JC456710","2019-10-02T07:55:00","2","DRIVER","1","713663",,"BUICK","UNKNOWN","IL","2012","UNKNOWN","PASSENGER","PERSONAL","E","STRAIGHT AHEAD",,,"2",,,,,"true",,,,,,,,,,,,,"OTHER",,,,,,,,,,,,,,,,,,,,,,,,,,,,,,,,,
"751584","JC457270","2019-10-02T07:50:00","1","DRIVER",,"713966",,"NISSAN","UNKNOWN","IL","2007","NONE","PASSENGER","PERSONAL","N","STRAIGHT AHEAD",,,"1",,,,,"true",,,,,,,,,,"true","true",,"OTHER",,,,,,,,,,,,,,,,,,,,,,,,,,,,,,,,,
"751585","JC457270","2019-10-02T07:50:00","2","DRIVER",,"713970",,"TOYOTA MOTOR COMPANY, LTD.","YARIS","IL","2010","NONE","PASSENGER","PERSONAL","E","STRAIGHT AHEAD",,,"1",,,,,"true","true",,,,,,,,,,,,"FRONT",,,,,,,,,,,,,,,,,,,,,,,,,,,,,,,,,
"751308","JC456719","2019-10-02T07:50:00","1","DRIVER",,"713691",,"UNKNOWN","UNKNOWN","IL","2009","UNKNOWN","BUS UP TO 15 PASS.","SCHOOL BUS","NW","TURNING RIGHT",,,"1",,,,,,,,,,,,,,,,,"true","SIDE-RIGHT",,,,,,,,,,,,,,,,,,,,,,,,,,,,,,,,,
"751287","JC456699","2019-10-02T07:49:00","1","DRIVER",,"713675",,"KIA MOTORS CORP","SOUL","IL","2017","UNKNOWN","PASSENGER","PERSONAL","S","STRAIGHT AHEAD",,,"1",,,,,,,,,,,,,,,,,"true","UNKNOWN",,,,,,,,,,,,,,,,,,,,,,,,,,,,,,,,,
"751288","JC456699","2019-10-02T07:49:00","2","DRIVER",,"713681",,"NISSAN","NISSAN ALTIMA","IL","2017","NONE","PASSENGER","PERSONAL","S","STRAIGHT AHEAD",,,"1",,,,,,,,,,"true","true","true",,,,,,"SIDE-LEFT",,,,,,,,,,,,,,,,,,,,,,,,,,,,,,,,,
"751281","JC456702","2019-10-02T07:46:00","1","DRIVER",,"713671",,"PONTIAC","PONTIAC","IL","2006","UNKNOWN","PASSENGER","PERSONAL","W","STRAIGHT AHEAD",,,"3",,,,,,,,,,,,,,,"true","true",,"OTHER",,,,,,,,,,,,,,,,,,,,,,,,,,,,,,,,,
"751282","JC456702","2019-10-02T07:46:00","2","DRIVER",,"713677",,"CHEVROLET","CRUZE","MI","2018","UNKNOWN","PASSENGER","PERSONAL","E","STRAIGHT AHEAD","true",,"1",,"PRIVATE TOW","PRIVATE TOW",,,,,,,,,"true","true",,,,,"FRONT-LEFT",,,,,,,,,,,,,,,,,,,,,,,,,,,,,,,,,
"751266","JC456700","2019-10-02T07:46:00","1","DRIVER",,"713652",,"JEEP","Grand Cherokee (for vehicle years 1989 to present)","IL","2018","NONE","PASSENGER","PERSONAL","E","STRAIGHT AHEAD",,,"1",,,,,,,,,,,,,,,"true",,,"TOTAL (ALL AREAS)",,,,,,,,,,,,,,,,,,,,,,,,,,,,,,,,,
"751267","JC456700","2019-10-02T07:46:00","2","DRIVER",,"713664",,"FORD","EDGE","IL","2012","NONE","PASSENGER","PERSONAL","W","TURNING LEFT",,,"1",,,,,"true",,,,,,,,,,,,,"FRONT",,,,,,,,,,,,,,,,,,,,,,,,,,,,,,,,,
"751311","JC456733","2019-10-02T07:45:00","2","DRIVER",,"713708",,"HONDA","ACCORD","IL","2010","NONE","PASSENGER","PERSONAL","N","STRAIGHT AHEAD",,,"1",,,,,,,,,,"true",,,,,,,,"REAR-LEFT",,,,,,,,,,,,,,,,,,,,,,,,,,,,,,,,,
"751241","JC456705","2019-10-02T07:45:00","1","DRIVER",,"713633",,"NISSAN","ROGUE","IL","2013","NONE","SPORT UTILITY VEHICLE (SUV)","PERSONAL","W","TURNING LEFT",,,"1",,,,,,,,,,,,,,,"true",,,"TOTAL (ALL AREAS)",,,,,,,,,,,,,,,,,,,,,,,,,,,,,,,,,
"751242","JC456705","2019-10-02T07:45:00","2","DRIVER",,"713642",,"HYUNDAI","ELANTRA","IL","2018","NONE","PASSENGER","PERSONAL","N","SLOW/STOP IN TRAFFIC",,,"1",,,,,,"true",,,,,,,,,,,,"FRONT-RIGHT",,,,,,,,,,,,,,,,,,,,,,,,,,,,,,,,,
"751419","JC456698","2019-10-02T07:42:00","1","DRIVER",,"713803",,"TOYOTA MOTOR COMPANY, LTD.","Sienna (van)","IL","2012","NONE","OTHER","TAXI/FOR HIRE","N","TURNING LEFT",,,"1",,,,,"true",,,,,,,,,,,,,"FRONT",,,,,,,,,,,,,,,,,,,,,,,,,,,,,,,,,
"751420","JC456698","2019-10-02T07:42:00","2","DRIVER",,"713804",,"TOYOTA MOTOR COMPANY, LTD.","COROLLA","IL","2014","NONE","OTHER","TAXI/FOR HIRE","N","STRAIGHT AHEAD",,,"1",,,,,,,,,,,"true",,,,,,,"SIDE-LEFT",,,,,,,,,,,,,,,,,,,,,,,,,,,,,,,,,
"752372","JC458701","2019-10-02T07:40:00","2","DRIVER",,"714712",,"HYUNDAI","ELANTRA","IL","2018","NONE","PASSENGER","PERSONAL","N","SLOW/STOP IN TRAFFIC",,,"1",,,,,,,,,"true","true",,,,,,,,"REAR-LEFT",,,,,,,,,,,,,,,,,,,,,,,,,,,,,,,,,
"751505","JC457103","2019-10-02T07:40:00","1","DRIVER",,"713913",,"JEEP","Wrangler (for vehicle years 1989 to present)","IL","2016","UNKNOWN","UNKNOWN/NA","UNKNOWN/NA","N","STRAIGHT AHEAD",,,"1",,,,,"true",,,,,,,,,,"true","true",,"OTHER",,,,,,,,,,,,,,,,,,,,,,,,,,,,,,,,,
"751506","JC457103","2019-10-02T07:40:00","2","DRIVER",,"713920",,"CHEVROLET","IMPALA","IL","2018","NONE","PASSENGER","PERSONAL","N","STRAIGHT AHEAD",,,"1",,,,,,,,,"true","true","true",,,,,,,"REAR-LEFT",,,,,,,,,,,,,,,,,,,,,,,,,,,,,,,,,
"752134","JC458288","2019-10-02T07:35:00","1","DRIVER",,"714488",,"TOYOTA MOTOR COMPANY, LTD.","UNKNOWN","IL","2019","UNKNOWN","PASSENGER","UNKNOWN/NA","W","TURNING LEFT",,,"1",,,,,,,,,,,,,,,"true",,,"TOTAL (ALL AREAS)",,,,,,,,,,,,,,,,,,,,,,,,,,,,,,,,,
"752135","JC458288","2019-10-02T07:35:00","2","DRIVER",,"714480",,"FORD","ESCAPE (SUV)","IN","2019","NONE","PASSENGER","PERSONAL","S","TURNING RIGHT",,,"1",,,,,,,,,,,,,,,"true",,,"TOTAL (ALL AREAS)",,,,,,,,,,,,,,,,,,,,,,,,,,,,,,,,,
"751401","JC456907","2019-10-02T07:31:00","1","DRIVER",,"713789",,"MERCEDES-BENZ","GLK300",,"2017","UNKNOWN","UNKNOWN/NA","PERSONAL","N","STRAIGHT AHEAD",,,"1",,,,,"true",,,,,,,,,,"true","true",,"OTHER",,,,,,,,,,,,,,,,,,,,,,,,,,,,,,,,,
"751402","JC456907","2019-10-02T07:31:00","2","DRIVER",,"713797",,"SUBARU","LEGACY","IL","2011","NONE","PASSENGER","PERSONAL","N","STRAIGHT AHEAD",,,"1",,,,,,,,,"true","true","true",,,,,,,"REAR-LEFT",,,,,,,,,,,,,,,,,,,,,,,,,,,,,,,,,
"752076","JC458199","2019-10-02T07:30:00","1","DRIVER",,"714425",,"TOYOTA MOTOR COMPANY, LTD.","Prius","IL","2012","NONE","PASSENGER","PERSONAL","N","STRAIGHT AHEAD",,,"1",,,,,"true",,,,,,,,,,,"false",,"FRONT",,,,,,,,,,,,,,,,,,,,,,,,,,,,,,,,,
"752077","JC458199","2019-10-02T07:30:00","2","DRIVER",,"714427",,"JEEP","UNKNOWN","IL","2014","NONE","PASSENGER","PERSONAL","N","STRAIGHT AHEAD",,,"1",,,,,,,,,,,"true",,,,,,,"SIDE-LEFT",,,,,,,,,,,,,,,,,,,,,,,,,,,,,,,,,
"751805","JC457642","2019-10-02T07:30:00","2","DRIVER",,"714172",,"CHEVROLET","IMPALA","IL","2016","NONE","PASSENGER","PERSONAL","W","SLOW/STOP IN TRAFFIC",,,"1",,,,,,,,,"true","true","true",,,,,,,"REAR-LEFT",,,,,,,,,,,,,,,,,,,,,,,,,,,,,,,,,
"751603","JC457312","2019-10-02T07:30:00","1","DRIVER",,"713980",,"TOYOTA MOTOR COMPANY, LTD.","COROLLA","IL","2016","UNKNOWN","PASSENGER","PERSONAL","N","SLOW/STOP IN TRAFFIC",,,"1",,,,,,,,,,,,,,,,"true",,"OTHER",,,,,,,,,,,,,,,,,,,,,,,,,,,,,,,,,
"751604","JC457312","2019-10-02T07:30:00","2","DRIVER",,"713988",,"FORD","ESCAPE (SUV)","IL","2013","NONE","PASSENGER","PERSONAL","N","SLOW/STOP IN TRAFFIC",,,"1",,,,,,,,,,"true",,,,,,,,"REAR-LEFT",,,,,,,,,,,,,,,,,,,,,,,,,,,,,,,,,
"752036","JC456897","2019-10-02T07:30:00","2","DRIVERLESS",,"714429",,"NISSAN","UNKNOWN","IL","2018","NONE","PASSENGER","NOT IN USE","N","PARKED",,,"0",,,,,,,,,,,,,,,"true",,,"TOTAL (ALL AREAS)",,,,,,,,,,,,,,,,,,,,,,,,,,,,,,,,,
"751245","JC456711","2019-10-02T07:30:00","1","DRIVER",,"713634",,"CADILLAC","CTS","IL","2007","UNKNOWN","PASSENGER","PERSONAL","E","STRAIGHT AHEAD",,,"1",,,,,"true",,,,,,,,,,"true","true",,"OTHER",,,,,,,,,,,,,,,,,,,,,,,,,,,,,,,,,
"751246","JC456711","2019-10-02T07:30:00","2","DRIVER",,"713638",,"TOYOTA MOTOR COMPANY, LTD.","CAMRY","IL","2008","UNKNOWN","PASSENGER","PERSONAL","E","STRAIGHT AHEAD",,,"1",,,,,,,,,"true","true","true",,,,,,,"REAR-LEFT",,,,,,,,,,,,,,,,,,,,,,,,,,,,,,,,,
"751238","JC456703","2019-10-02T07:30:00","1","DRIVER",,"713630",,"VOLKSWAGEN","ROUTAN","IL","2009","NONE","PASSENGER","PERSONAL","N","STRAIGHT AHEAD",,,"1",,,,,,,,,,,,,,,,"true",,"OTHER",,,,,,,,,,,,,,,,,,,,,,,,,,,,,,,,,
"751239","JC456703","2019-10-02T07:30:00","2","DRIVER",,"713636",,"TOYOTA MOTOR COMPANY, LTD.","RAV4 (sport utility)","IL","2015","NONE","PASSENGER","PERSONAL","N","STRAIGHT AHEAD",,,"1",,,,,,,,,,"true",,,,,,"true",,"REAR-LEFT",,,,,,,,,,,,,,,,,,,,,,,,,,,,,,,,,
"751240","JC456703","2019-10-02T07:30:00","3","DRIVER",,"713647",,"NISSAN","NISSAN ALTIMA","IL","2009","NONE","PASSENGER","PERSONAL","N","STRAIGHT AHEAD",,,"1",,,,,,,,,,"true",,,,,,,,"REAR-LEFT",,,,,,,,,,,,,,,,,,,,,,,,,,,,,,,,,
"751234","JC456669","2019-10-02T07:30:00","1","DRIVER",,"713625",,"LINCOLN-CONTINENTAL","MKZ","IL","2016","NONE","PASSENGER","PERSONAL","SE","TURNING RIGHT",,,"1",,,,,,"true","true",,,,,,"true",,,,,"SIDE-RIGHT",,,,,,,,,,,,,,,,,,,,,,,,,,,,,,,,,
"751346","JC456690","2019-10-02T07:29:00","2","DRIVER",,"713760",,"TOYOTA MOTOR COMPANY, LTD.","CAMRY","IL","2016","NONE","PASSENGER","PERSONAL","N","STRAIGHT AHEAD",,,"1",,,,,,,,,,,,,,,"true",,,"TOTAL (ALL AREAS)",,,,,,,,,,,,,,,,,,,,,,,,,,,,,,,,,
"751236","JC456689","2019-10-02T07:25:00","1","DRIVER",,"713635",,"CHEVROLET","CRUZE","IL","2017","NONE","PASSENGER","PERSONAL","NW","SLOW/STOP IN TRAFFIC",,,"1",,,,,"false",,,,,,,,,,,"false","true","OTHER",,,,,,,,,,,,,,,,,,,,,,,,,,,,,,,,,
"751237","JC456689","2019-10-02T07:25:00","2","DRIVER",,"713645",,"VOLKSWAGEN","TIGUAN","IL","2013","UNKNOWN","SPORT UTILITY VEHICLE (SUV)","PERSONAL","NW","SLOW/STOP IN TRAFFIC",,,"1",,,,,,,,,,,,,,,,,"true","REAR-LEFT",,,,,,,,,,,,,,,,,,,,,,,,,,,,,,,,,
"751229","JC456682","2019-10-02T07:25:00","1","DRIVER",,"713624",,"FORD","FORD-TRUCK,VAN,SUV, ETC","OK","2016","UNKNOWN","OTHER","OTHER","SE","TURNING RIGHT",,,"1",,,,,,,,,"true",,,,,,,,,"REAR",,,,,,,,,,,,,,,,,,,,,,,,,,,,,,,,,
"751230","JC456682","2019-10-02T07:25:00","2","DRIVER","2","713629",,"NISSAN","Pathfinder","IL","2016","NONE","PASSENGER","PERSONAL","SE","TURNING RIGHT",,,"3",,,,,,,,,,,,,,,"false","true",,"OTHER",,,,,,,,,,,,,,,,,,,,,,,,,,,,,,,,,