"crash_unit_id","rd_no","crash_date","unit_no","unit_type","num_passengers","vehicle_id","cmrc_veh_i","make","model","lic_plate_state","vehicle_year","vehicle_defect","vehicle_type","vehicle_use","travel_direction","maneuver","towed_i","fire_i","occupant_cnt","exceed_speed_limit_i","towed_by","towed_to","area_00_i","area_01_i","area_02_i","area_03_i","area_04_i","area_05_i","area_06_i","area_07_i","area_08_i","area_09_i","area_10_i","area_11_i","area_12_i","area_99_i","first_contact_point","cmv_id","usdot_no","ccmc_no","ilcc_no","commercial_src","gvwr","carrier_name","carrier_state","carrier_city","hazmat_placards_i","hazmat_name","un_no","hazmat_present_i","hazmat_report_i","hazmat_report_no","mcs_report_i","mcs_report_no","hazmat_vio_cause_crash_i","mcs_vio_cause_crash_i","idot_permit_no","wide_load_i","trailer1_width","trailer2_width","trailer1_length","trailer2_length","total_vehicle_length","axle_cnt","vehicle_config","cargo_body_type","load_type","hazmat_out_of_service_i","mcs_out_of_service_i","hazmat_class"
"751123","JC456370","2019-10-01T20:50:00","2","DRIVER",,"713543",,"CHEVROLET","CRUZE","IL","2019","NONE","PASSENGER","PERSONAL","E","STRAIGHT AHEAD",,,"2",,,,,,,,,,"true",,,,,,,,"REAR-LEFT",,,,,,,,,,,,,,,,,,,,,,,,,,,,,,,,,
"751133","JC456354","2019-10-01T20:40:00","2","DRIVER",,"713538",,"INFINITI","UNKNOWN","IL","2019","UNKNOWN","PASSENGER","PERSONAL","E","SLOW/STOP IN TRAFFIC",,,"1",,,,,,,,,"true",,,,,,,,,"REAR",,,,,,,,,,,,,,,,,,,,,,,,,,,,,,,,,
"751107","JC456340","2019-10-01T20:40:00","1","DRIVER",,"713513",,"FORD","EDGE","IL","2008","NONE","SPORT UTILITY VEHICLE (SUV)","PERSONAL","S","BACKING",,,"1",,,,,,,,,,"true","true","true",,,,,,"REAR",,,,,,,,,,,,,,,,,,,,,,,,,,,,,,,,,
"751108","JC456340","2019-10-01T20:40:00","2","PARKED",,"713515",,"PONTIAC","GRAND PRIX","IL","2007","NONE","PASSENGER","PERSONAL","W","PARKED",,,"0",,,,,,"true","true","true","true","true",,,,,,,,"REAR",,,,,,,,,,,,,,,,,,,,,,,,,,,,,,,,,
"751109","JC456340","2019-10-01T20:40:00","3","PARKED",,"713517",,"CHEVROLET","MALIBU (CHEVELLE)","IL","2018","NONE","PASSENGER","PERSONAL","W","PARKED",,,"0",,,,,,"true","true","true","true","true",,,,,,,,"REAR",,,,,,,,,,,,,,,,,,,,,,,,,,,,,,,,,
"751120","JC456344","2019-10-01T20:35:00","1","DRIVER",,"713520",,"FORD","EDGE","IL","2015","UNKNOWN","PASSENGER","PERSONAL","E","BACKING",,,"1",,,,,,,,,,"true",,,,,,,,"REAR-LEFT",,,,,,,,,,,,,,,,,,,,,,,,,,,,,,,,,
"753681","JC458458","2019-10-01T20:30:00","1","DRIVER",,"715934",,"MITSUBISHI","UNKNOWN","IL","2010","UNKNOWN","PASSENGER","PERSONAL","W","BACKING",,,"1",,,,,,,,,,,,,,,,,"true","REAR-LEFT",,,,,,,,,,,,,,,,,,,,,,,,,,,,,,,,,
"753682","JC458458","2019-10-01T20:30:00","2","PARKED",,"715935",,"NISSAN","VERSA","IL","2012","NONE","SPORT UTILITY VEHICLE (SUV)","PERSONAL","E","PARKED",,,"0",,,,,,,,,,,,,,,,,,"OTHER",,,,,,,,,,,,,,,,,,,,,,,,,,,,,,,,,
"751089","JC456349","2019-10-01T20:15:00","2","DRIVER",,"713512",,"HONDA","UNKNOWN","IL","2006","NONE","PASSENGER","PERSONAL","E","STRAIGHT AHEAD",,,"1",,,,,,,,,,,,,,"true",,,,"ROOF",,,,,,,,,,,,,,,,,,,,,,,,,,,,,,,,,
"751090","JC456295","2019-10-01T20:15:00","1","DRIVER",,"713511",,"JEEP","UNKNOWN","IL","2015","NONE","SPORT UTILITY VEHICLE (SUV)","PERSONAL","SE","TURNING LEFT",,,"1",,,,,,,,,,,,,,,,"true",,"OTHER",,,,,,,,,,,,,,,,,,,,,,,,,,,,,,,,,
"751091","JC456295","2019-10-01T20:15:00","2","DRIVER","1","713518",,"CHEVROLET","CRUZE","IL","2012","NONE","PASSENGER","PERSONAL","SE","TURNING LEFT",,,"2",,,,,,,,,,"true",,,,,,,,"REAR-LEFT",,,,,,,,,,,,,,,,,,,,,,,,,,,,,,,,,
"751084","JC456292","2019-10-01T20:13:00","1","DRIVER",,"713502",,"DODGE","CARAVAN","IL","2010","UNKNOWN","VAN/MINI-VAN","PERSONAL","E","LEAVING TRAFFIC LANE TO PARK",,,"1",,,,,"true",,,,,,,,,,,,,"FRONT-RIGHT",,,,,,,,,,,,,,,,,,,,,,,,,,,,,,,,,
"751085","JC456292","2019-10-01T20:13:00","2","PARKED",,"713504",,"ACURA","ACURA","IL","2017","UNKNOWN","PASSENGER","PERSONAL","N","PARKED",,,"0",,,,,"true",,,,,,,,,,"true","true",,"OTHER",,,,,,,,,,,,,,,,,,,,,,,,,,,,,,,,,
"751154","JC456450","2019-10-01T20:05:00","1","DRIVER","1","713556",,"KAWASAKI MOTORS CORP.","KAWASAKI","IL","2017","UNKNOWN","MOTORCYCLE (OVER 150CC)","UNKNOWN/NA","N","STRAIGHT AHEAD",,,"2",,,,,,,,,,,,,,,,"true",,"OTHER",,,,,,,,,,,,,,,,,,,,,,,,,,,,,,,,,
"751087","JC456306","2019-10-01T20:03:00","2","DRIVER",,"713508",,"PORSCHE","Cayenne","IL","2018","NONE","PASSENGER","PERSONAL","S","OTHER",,,"1",,,,,,,,,"true","true","true",,,,,,,"REAR-LEFT",,,,,,,,,,,,,,,,,,,,,,,,,,,,,,,,,
"751141","JC456358","2019-10-01T20:00:00","1","DRIVER",,"713545",,"JEEP","UNKNOWN","IL","2019","UNKNOWN","PASSENGER","PERSONAL","UNKNOWN","BACKING",,,"1","false",,,,,,,"true",,,,,,,,,,"REAR-RIGHT",,,,,,,,,,,,,,,,,,,,,,,,,,,,,,,,,
"751142","JC456358","2019-10-01T20:00:00","2","PARKED",,"713549",,"FORD","FUSION","IL","2014","UNKNOWN","PASSENGER","PERSONAL","UNKNOWN","PARKED",,,"0",,,,,,,,"true","false",,,,,,,,,"REAR-RIGHT",,,,,,,,,,,,,,,,,,,,,,,,,,,,,,,,,
"751844","JC457692","2019-10-01T19:57:00","2","PARKED",,"714208",,"HYUNDAI","Accent","IL","2017","NONE","PASSENGER","NOT IN USE","N","PARKED",,,"0",,,,,,,,,,,"true",,,,,,,"SIDE-LEFT",,,,,,,,,,,,,,,,,,,,,,,,,,,,,,,,,
"751117","JC456368","2019-10-01T19:55:00","2","DRIVER",,"713523",,"LEXUS","RX400H",,"2006","NONE","PASSENGER","PERSONAL","N","STRAIGHT AHEAD",,,"1",,,,,,"true","true","true",,,,,,,,,,"SIDE-RIGHT",,,,,,,,,,,,,,,,,,,,,,,,,,,,,,,,,
"751143","JC456410","2019-10-01T19:45:00","1","DRIVER","1","713541",,"MAZDA","Mazda 3","IL","2010","UNKNOWN","PASSENGER","PERSONAL","N","TURNING LEFT","true",,"2",,"PRIVATE TOW","UNKNOWN",,"true",,,,,,,,,,"true","true",,"OTHER",,,,,,,,,,,,,,,,,,,,,,,,,,,,,,,,,
"751144","JC456410","2019-10-01T19:45:00","2","DRIVER",,"713546",,"MERCEDES-BENZ","Gelaendewagen (G-Wagen)","IL","2015","UNKNOWN","PASSENGER","PERSONAL","S","STRAIGHT AHEAD",,,"1",,,,,,,,,,,,"true","true","true",,,,"ROOF",,,,,,,,,,,,,,,,,,,,,,,,,,,,,,,,,
"751127","JC456355","2019-10-01T19:45:00","2","PARKED",,"713525",,"TOYOTA MOTOR COMPANY, LTD.","CAMRY","IL","2012","NONE","PASSENGER","NOT IN USE","S","PARKED","true",,"0",,,,,,,,,,,"true","true","true","true","true",,,"FRONT-LEFT",,,,,,,,,,,,,,,,,,,,,,,,,,,,,,,,,
"751069","JC456279","2019-10-01T19:40:00","1","DRIVER",,"713493","false","INFINITI","G37","IL","2013","UNKNOWN","PASSENGER","PERSONAL","W","SLOW/STOP IN TRAFFIC",,"false","1",,,,,,,,,,,,,,,,"true",,"OTHER",,,,,,,,,,,,,,,,,,,,,,,,,,,,,,,,,
"751070","JC456279","2019-10-01T19:40:00","2","DRIVER","1","713501",,"HYUNDAI","ELANTRA","IL","2008","UNKNOWN","UNKNOWN/NA","PERSONAL","W","SLOW/STOP IN TRAFFIC",,,"2",,,,,,,,,,"true",,,,,,"true",,"OTHER",,,,,,,,,,,,,,,,,,,,,,,,,,,,,,,,,
"751071","JC456279","2019-10-01T19:40:00","3","DRIVER",,"713506",,"KIA MOTORS CORP","Optima","IL","2011","UNKNOWN","PASSENGER","PERSONAL","W","TURNING LEFT",,,"1",,,,,,,,,,"true",,,,,,,,"REAR-LEFT",,,,,,,,,,,,,,,,,,,,,,,,,,,,,,,,,
"751052","JC456275","2019-10-01T19:40:00","1","DRIVER","1","713469",,"CHEVROLET","IMPALA","IL","2013","UNKNOWN","PASSENGER","UNKNOWN/NA","SE","UNKNOWN/NA",,,"2",,,,,,,,,,,,,,,,,"true","OTHER",,,,,,,,,,,,,,,,,,,,,,,,,,,,,,,,,
"751053","JC456275","2019-10-01T19:40:00","2","DRIVER","4","713476",,"JEEP","JEEP - YEAR GREATER 1988","IL","2006","UNKNOWN","SPORT UTILITY VEHICLE (SUV)","PERSONAL","SE","SLOW/STOP IN TRAFFIC",,,"5",,,,,,,,,"true","true","true",,,,,,,"REAR-LEFT",,,,,,,,,,,,,,,,,,,,,,,,,,,,,,,,,
"751106","JC456268","2019-10-01T19:40:00","1","DRIVER",,"713516",,"TOYOTA MOTOR COMPANY, LTD.","YARIS","IL","2019","NONE","PASSENGER","PERSONAL","N","TURNING LEFT","true",,"1",,,,,,,,,,,,,"true","true","true",,,"ROOF",,,,,,,,,,,,,,,,,,,,,,,,,,,,,,,,,
"752852","JC459553","2019-10-01T19:30:00","1","DRIVER",,"715182",,"FORD","EXPLORER","IL","2012","NONE","SPORT UTILITY VEHICLE (SUV)","UNKNOWN/NA","E","TURNING LEFT",,,"1",,,,,,,,,,,,,,,"true",,,"TOTAL (ALL AREAS)",,,,,,,,,,,,,,,,,,,,,,,,,,,,,,,,,
"751060","JC456273","2019-10-01T19:30:00","1","DRIVER",,"713478",,"MITSUBISHI","GALANT","IL","2007","NONE","PASSENGER","PERSONAL","S","PASSING/OVERTAKING",,,"1",,,,,,"true",,,,,,,,,,,,"SIDE-RIGHT",,,,,,,,,,,,,,,,,,,,,,,,,,,,,,,,,
"751061","JC456273","2019-10-01T19:30:00","2","DRIVER",,"713487",,"NEW FLYER","NEW FLYER","IL","2012","NONE","BUS OVER 15 PASS.","CTA","S","ENTERING TRAFFIC LANE FROM PARKING",,,"1",,,,,,,,,,,"true","true",,,,,,"FRONT-LEFT",,,,,,,,,,,,,,,,,,,,,,,,,,,,,,,,,
"751046","JC456262","2019-10-01T19:30:00","1","DRIVER","1","713479",,"FORD","UNKNOWN","IL","2015","NONE","PASSENGER","POLICE","W","BACKING",,,"2",,,,,,,,,,"true",,,,,,,,"REAR-LEFT",,,,,,,,,,,,,,,,,,,,,,,,,,,,,,,,,
"751083","JC456249","2019-10-01T19:27:00","2","DRIVER",,"713503",,"HYUNDAI","ELANTRA","IL","2014","NONE","PASSENGER","PERSONAL","E","STRAIGHT AHEAD",,,"1",,,,,,,,,,,,,,"true","true","false",,"UNDER CARRIAGE",,,,,,,,,,,,,,,,,,,,,,,,,,,,,,,,,
"751080","JC456318","2019-10-01T19:20:00","1","DRIVER",,"713497","true","FREIGHTLINER CORP.","FREIGHTLINER CORP.","IN","2015","NONE","TRACTOR W/ SEMI-TRAILER","COMMERCIAL - MULTI-UNIT","S","STRAIGHT AHEAD",,,"1",,,,,,,,,,,"true",,,,,,,"SIDE-LEFT","8299","1986767",,,"PAPERS","3","BK TRANS INV","IL","ARLINGTON HEIGHTS",,,,,,,,,,,,,"97-102",,"53",,"65","5","TRACTOR/SEMI-TRAILER","VAN/ENCLOSED BOX","OTHER",,,
"751081","JC456318","2019-10-01T19:20:00","2","PARKED",,"713509","true","VOLVO","UNKNOWN","IL","2007","NONE","TRACTOR W/ SEMI-TRAILER","COMMERCIAL - MULTI-UNIT","W","PARKED","true",,"0",,"PRIVATE TOW BY DRIVER",,,"true",,,,,,,,,,"true","true",,"OTHER","8300","3259727","102746",,"DRIVER",,"DALV EXPRESS INC","IL","ELMWOOD PARK",,,,,,,,,,,,,"97-102","97-102","53",,"65","5","TRACTOR/SEMI-TRAILER","VAN/ENCLOSED BOX","OTHER",,,
"751065","JC456321","2019-10-01T19:18:00","1","DRIVER",,"713482",,"NISSAN","NISSAN ALTIMA","IL","2011","NONE","PASSENGER","PERSONAL","N","CHANGING LANES",,,"2",,,,,,"true","true",,,,,,,,,,,"SIDE-RIGHT",,,,,,,,,,,,,,,,,,,,,,,,,,,,,,,,,
"751051","JC456252","2019-10-01T19:15:00","2","DRIVER","2","713465",,"TOYOTA MOTOR COMPANY, LTD.","Sienna (van)","IL","2017","NONE","VAN/MINI-VAN","PERSONAL","S","STRAIGHT AHEAD",,,"3",,,,,,,,,,"true","true","true",,,,,,"SIDE-LEFT",,,,,,,,,,,,,,,,,,,,,,,,,,,,,,,,,
"751035","JC456244","2019-10-01T19:05:00","1","DRIVER",,"713452",,"CHEVROLET","SILVERADO","IL","2018","UNKNOWN","UNKNOWN/NA","UNKNOWN/NA","N","UNKNOWN/NA",,,"1",,,,,,"true","true",,,,,,,,,,,"SIDE-RIGHT",,,,,,,,,,,,,,,,,,,,,,,,,,,,,,,,,
"751036","JC456244","2019-10-01T19:05:00","2","DRIVER",,"713456",,"FORD","ESCAPE (SUV)","IL","2012","NONE","PASSENGER","TAXI/FOR HIRE","N","STRAIGHT AHEAD",,,"1",,,,,,,,,,,,,,"true","true",,,"TOTAL (ALL AREAS)",,,,,,,,,,,,,,,,,,,,,,,,,,,,,,,,,
"751164","JC456498","2019-10-01T19:00:00","1","DRIVER","3","713569",,"TOYOTA MOTOR COMPANY, LTD.","COROLLA","IL","2016","UNKNOWN","PASSENGER","RIDESHARE SERVICE","S","CHANGING LANES",,,"4",,,,,"true",,,,,,,,,,,,,"FRONT",,,,,,,,,,,,,,,,,,,,,,,,,,,,,,,,,
"751165","JC456498","2019-10-01T19:00:00","2","DRIVER",,"713565",,"NISSAN","MAURANO","IL","2012","NONE","PASSENGER","PERSONAL","S","STRAIGHT AHEAD",,,"1",,,,,,,,,,,,"true","true",,,,,"ROOF",,,,,,,,,,,,,,,,,,,,,,,,,,,,,,,,,
"751058","JC456263","2019-10-01T19:00:00","1","DRIVER",,"713495",,"NISSAN","NISSAN","IL","2016","UNKNOWN","PASSENGER","UNKNOWN/NA","W","STRAIGHT AHEAD","true",,"1",,"city of chicago",,,"true",,,,,,,,,,,,,"FRONT",,,,,,,,,,,,,,,,,,,,,,,,,,,,,,,,,
"754501","JC462389","2019-10-01T18:45:00","2","PARKED","1","716711",,"ACURA (DIV. OF AMERICAN HONDA MOTOR CO.)","UNKNOWN","IL","2013","NONE","PASSENGER","PERSONAL","N","PARKED",,,"1",,,,,,,,,,,"true",,,,,,,"SIDE-LEFT",,,,,,,,,,,,,,,,,,,,,,,,,,,,,,,,,
"751806","JC457633","2019-10-01T18:40:00","2","DRIVER",,"714169",,"FORD","FUSION","IL","2016","NONE","PASSENGER","PERSONAL","N","SLOW/STOP IN TRAFFIC",,,"1",,,,,,,,,,,,,,,"true",,,"TOTAL (ALL AREAS)",,,,,,,,,,,,,,,,,,,,,,,,,,,,,,,,,
"751010","JC456191","2019-10-01T18:30:00","2","PARKED",,"713422",,"CHEVROLET","IMPALA","IL","2018","NONE","PASSENGER","NOT IN USE","N","PARKED",,,"0",,,,,"true","true",,,,,,,,,,"true",,"FRONT",,,,,,,,,,,,,,,,,,,,,,,,,,,,,,,,,
"751027","JC456256","2019-10-01T18:25:00","1","DRIVER",,"713450",,"DODGE","JOURNEY","IL","2012","NONE","SPORT UTILITY VEHICLE (SUV)","PERSONAL","W","STRAIGHT AHEAD",,,"1",,,,,,,,,,,,,,,,"true",,"OTHER",,,,,,,,,,,,,,,,,,,,,,,,,,,,,,,,,
"751028","JC456256","2019-10-01T18:25:00","2","DRIVER","2","713442",,"FORD","EXPLORER","IL","2017","NONE","SPORT UTILITY VEHICLE (SUV)","PERSONAL","W","STRAIGHT AHEAD",,,"3",,,,,,,,,,"true",,,,,,,,"REAR-LEFT",,,,,,,,,,,,,,,,,,,,,,,,,,,,,,,,,
"750995","JC456216","2019-10-01T18:15:00","1","DRIVER",,"713412",,"NISSAN","SENTRA (DATSUN AND NISSAN HAVE MERGED)","IL","2014","NONE","PASSENGER","PERSONAL","N","STRAIGHT AHEAD",,,"1",,,,"true",,,,,,,,,,,,,,"OTHER",,,,,,,,,,,,,,,,,,,,,,,,,,,,,,,,,
"751039","JC456157","2019-10-01T18:13:00","1","DRIVER",,"713458",,"MAZDA","UNKNOWN","IL","2016","UNKNOWN","UNKNOWN/NA","PERSONAL","W","STRAIGHT AHEAD","true",,"1",,,,,"false",,,,,,,,,,"false","false",,"TOTAL (ALL AREAS)",,,,,,,,,,,,,,,,,,,,,,,,,,,,,,,,,
"751041","JC456157","2019-10-01T18:13:00","3","PARKED",,"713467",,"JEEP","UNKNOWN","IL","2019","UNKNOWN","SPORT UTILITY VEHICLE (SUV)","NOT IN USE","UNKNOWN","PARKED",,,"0",,,,,,,,,"true",,,,,,,,,"REAR",,,,,,,,,,,,,,,,,,,,,,,,,,,,,,,,,
"751042","JC456157","2019-10-01T18:13:00","4","PARKED",,"713471",,"MAZDA","CX-7","IL","2010","UNKNOWN","PASSENGER","NOT IN USE","UNKNOWN","PARKED",,,"0",,,,,,,,,,,,,,,"true",,,"TOTAL (ALL AREAS)",,,,,,,,,,,,,,,,,,,,,,,,,,,,,,,,,
"751064","JC456157","2019-10-01T18:13:00","6","PARKED",,"713481",,"TOYOTA MOTOR COMPANY, LTD.","UNKNOWN","IL","2015","UNKNOWN","PASSENGER","NOT IN USE","UNKNOWN","PARKED",,,"0",,,,,,,,,"false","true","false",,,,,"true",,"REAR-LEFT",,,,,,,,,,,,,,,,,,,,,,,,,,,,,,,,,
"751072","JC456157","2019-10-01T18:13:00","7","PARKED",,"713484",,"FORD","MUSTANG","IL","2014","UNKNOWN","PASSENGER","NOT IN USE","UNKNOWN","PARKED",,,"0",,,,,,,,,,"true",,,,,,"true",,"REAR-LEFT",,,,,,,,,,,,,,,,,,,,,,,,,,,,,,,,,
"751079","JC456157","2019-10-01T18:13:00","8","PARKED",,"713492",,"FORD","UNKNOWN","IL","2018","UNKNOWN","PASSENGER","NOT IN USE","UNKNOWN","PARKED",,,"0",,,,,,,,,,"true",,,,,,,,"REAR-LEFT",,,,,,,,,,,,,,,,,,,,,,,,,,,,,,,,,
"751030","JC456226","2019-10-01T18:12:00","1","DRIVER","1","713453",,"HONDA","ACCORD","IL","2014","UNKNOWN","PASSENGER","PERSONAL","W","UNKNOWN/NA",,,"2",,,,,,,,,,,,,,,,,"true","UNKNOWN",,,,,,,,,,,,,,,,,,,,,,,,,,,,,,,,,
"751031","JC456226","2019-10-01T18:12:00","2","DRIVER","1","713447",,"KIA MOTORS CORP","SOUL","IL","2016","NONE","PASSENGER","PERSONAL","W","STRAIGHT AHEAD",,,"2",,,,,,"true",,,,,,,,,,,,"FRONT",,,,,,,,,,,,,,,,,,,,,,,,,,,,,,,,,
"751003","JC456170","2019-10-01T18:10:00","1","DRIVER",,"713415",,"VOLKSWAGEN","TIGUAN","IL","2019","NONE","PASSENGER","PERSONAL","S","CHANGING LANES",,,"1",,,,,,"true",,,,,,,,,,,,"SIDE-RIGHT",,,,,,,,,,,,,,,,,,,,,,,,,,,,,,,,,
"751004","JC456170","2019-10-01T18:10:00","2","DRIVER",,"713417",,"NISSAN","ROGUE","IL","2015","NONE","PASSENGER","PERSONAL","S","STRAIGHT AHEAD",,,"1",,,,,,,"true",,,,,,"true",,,,,"ROOF",,,,,,,,,,,,,,,,,,,,,,,,,,,,,,,,,
"751021","JC456132","2019-10-01T18:10:00","1","PARKED","1","713435",,"NISSAN","NISSAN ALTIMA","IL","2018","NONE","PASSENGER","OTHER","UNKNOWN","PARKED",,,"1",,,,,,,,,,,,,"true","true",,,,"ROOF",,,,,,,,,,,,,,,,,,,,,,,,,,,,,,,,,
"751032","JC456132","2019-10-01T18:10:00","2","DRIVER",,"713448",,"TOYOTA MOTOR COMPANY, LTD.","CAMRY","IL","2012","NONE","PASSENGER","PERSONAL","UNKNOWN","OTHER",,,"1",,,,,"true","true",,,,,,,,,,,,"FRONT",,,,,,,,,,,,,,,,,,,,,,,,,,,,,,,,,
"750999","JC456091","2019-10-01T18:04:00","2","DRIVER",,"713409",,"NISSAN","NISSAN ALTIMA","IL","2016","UNKNOWN","PASSENGER","PERSONAL","S","STRAIGHT AHEAD",,,"1",,,,,,,,,,,,,,,,"true",,"TOTAL (ALL AREAS)",,,,,,,,,,,,,,,,,,,,,,,,,,,,,,,,,
"757123","JC467509","2019-10-01T18:00:00","1","DRIVER",,"719182",,"SUBARU","IMPREZA","IL","2012","NONE","PASSENGER","PERSONAL","UNKNOWN","BACKING",,,"1",,,,,,,,,,"true",,,,,,,,"REAR-LEFT",,,,,,,,,,,,,,,,,,,,,,,,,,,,,,,,,
"757124","JC467509","2019-10-01T18:00:00","2","PARKED",,"719202",,"YAMAHA","YAMAHA","IL","2006","NONE","MOPED OR MOTORIZED BICYCLE","PERSONAL","UNKNOWN","PARKED",,,"0",,,,,,,,,,,,,,,,,"true","UNKNOWN",,,,,,,,,,,,,,,,,,,,,,,,,,,,,,,,,
"751134","JC456372","2019-10-01T18:00:00","1","DRIVER",,"713531",,"AUDI","A6","IL","2017","NONE","PASSENGER","PERSONAL","E","STRAIGHT AHEAD","true",,"1",,"WELLS AUTOMOTIVE SERVICE",,,,,,,,,,,"true","true","true",,,"TOTAL (ALL AREAS)",,,,,,,,,,,,,,,,,,,,,,,,,,,,,,,,,
"751135","JC456372","2019-10-01T18:00:00","2","DRIVER",,"713537",,"TOYOTA MOTOR COMPANY, LTD.","Prius","IL","2013","NONE","PASSENGER","TAXI/FOR HIRE","S","STRAIGHT AHEAD","true",,"1",,"WELLS AUTOMOTIVE SERVICE",,,"true",,,,,,"true","true","true","true","true","true",,"OTHER",,,,,,,,,,,,,,,,,,,,,,,,,,,,,,,,,
"751136","JC456372","2019-10-01T18:00:00","3","DRIVER",,"713540",,"CHEVROLET","CRUZE","IL","2017","NONE","PASSENGER","PERSONAL","S","STRAIGHT AHEAD",,,"1",,,,,"true","true",,,,,,,,,,,,"FRONT",,,,,,,,,,,,,,,,,,,,,,,,,,,,,,,,,
"751045","JC456254","2019-10-01T17:50:00","2","DRIVER",,"713457",,"FORD","UNKNOWN","IL","2014","NONE","PASSENGER","PERSONAL","E","UNKNOWN/NA",,,"1",,,,,,,,"true",,,,,,,,,,"REAR-RIGHT",,,,,,,,,,,,,,,,,,,,,,,,,,,,,,,,,
"751037","JC456210","2019-10-01T17:45:00","1","DRIVER",,"713462",,"SUZUKI","SX4","IL","2011","NONE","PASSENGER","PERSONAL","E","STRAIGHT AHEAD",,,"1",,,,"true",,,,,,,,,,,,"true",,"OTHER",,,,,,,,,,,,,,,,,,,,,,,,,,,,,,,,,
"751038","JC456210","2019-10-01T17:45:00","2","DRIVER","1","713466",,"HONDA","Odyssey (minivan)","IL","2012","NONE","VAN/MINI-VAN","PERSONAL","NE","SLOW/STOP IN TRAFFIC",,,"2",,,,,,,,,,"true",,,,,,,,"REAR-LEFT",,,,,,,,,,,,,,,,,,,,,,,,,,,,,,,,,
"750969","JC456116","2019-10-01T17:36:00","1","DRIVER",,"713383",,"HYUNDAI","UNKNOWN","IL","2010","UNKNOWN","PASSENGER","PERSONAL","W","STRAIGHT AHEAD",,,"1",,,,,,,,,,,,,,,,"true",,"OTHER",,,,,,,,,,,,,,,,,,,,,,,,,,,,,,,,,
"750970","JC456116","2019-10-01T17:36:00","2","DRIVER",,"713389",,"NISSAN","NISSAN ALTIMA","IL","2014","NONE","PASSENGER","PERSONAL","W","STRAIGHT AHEAD",,,"1",,,,,,,,,,"true",,,,,,,,"REAR-LEFT",,,,,,,,,,,,,,,,,,,,,,,,,,,,,,,,,
"751005","JC456076","2019-10-01T17:35:00","1","DRIVER",,"713430","false","LEXUS","RX350","IL","2016","NONE","SPORT UTILITY VEHICLE (SUV)","PERSONAL","SW","TURNING LEFT","false",,"1",,,,,,,,,,,,"true","true","true","true","true",,"TOTAL (ALL AREAS)",,,,,,,,,,,,,,,,,,,,,,,,,,,,,,,,,
"751006","JC456076","2019-10-01T17:35:00","2","DRIVER",,"713437",,"FORD","ECONOLINE E350","NJ","2018","UNKNOWN","VAN/MINI-VAN","COMMERCIAL - SINGLE UNIT","NE","STRAIGHT AHEAD","true",,"1",,,,,"false",,,,,,,"true","true","true","true","true",,"TOTAL (ALL AREAS)",,,,,,,,,,,,,,,,,,,,,,,,,,,,,,,,,
"756722","JC466852","2019-10-01T17:28:00","1","DRIVER",,"718805",,"KIA MOTORS CORP","SOUL","IL","2013","UNKNOWN","PASSENGER","UNKNOWN/NA","E","MERGING",,,"1",,,,,,,,,,,,,,,,,,"UNKNOWN",,,,,,,,,,,,,,,,,,,,,,,,,,,,,,,,,
"756723","JC466852","2019-10-01T17:28:00","2","DRIVER",,"718808",,"TOYOTA MOTOR COMPANY, LTD.","UNKNOWN","IL","2017","UNKNOWN","PASSENGER","PERSONAL","E","STRAIGHT AHEAD",,,"1",,,,,"true","true","true","true","true",,"false","false","false","false","false",,,"SIDE-RIGHT",,,,,,,,,,,,,,,,,,,,,,,,,,,,,,,,,
"751067","JC456264","2019-10-01T17:26:00","1","DRIVER",,"713489",,"NEW FLYER","NEW FLYER","IL","2006","NONE","BUS OVER 15 PASS.","CTA","W","STRAIGHT AHEAD",,,"1",,,,,,,"true",,,,,,,,,,,"SIDE-RIGHT",,,,,,,,,,,,,,,,,,,,,,,,,,,,,,,,,
"751068","JC456264","2019-10-01T17:26:00","2","DRIVER",,"713500",,"LINCOLN-CONTINENTAL","NAVIGATOR","IL","2016","NONE","SPORT UTILITY VEHICLE (SUV)","TAXI/FOR HIRE","W","TURNING RIGHT",,,"1",,,,,,,,,,,,,,"true",,,,"UNDER CARRIAGE",,,,,,,,,,,,,,,,,,,,,,,,,,,,,,,,,
"750912","JC456028","2019-10-01T17:26:00","1","DRIVER",,"713335",,"ACURA","ACURA","IL","2016","NONE","PASSENGER","PERSONAL","S","TURNING RIGHT",,,"1",,,,,"true",,,,,,,,,,,,,"FRONT",,,,,,,,,,,,,,,,,,,,,,,,,,,,,,,,,
"750913","JC456028","2019-10-01T17:26:00","2","DRIVER","1","713343",,"NISSAN","ROGUE","IL","2013","NONE","PASSENGER","PERSONAL","S","TURNING RIGHT",,,"2",,,,,,,,,,,"true",,,,,,,"SIDE-LEFT",,,,,,,,,,,,,,,,,,,,,,,,,,,,,,,,,
"750982","JC456053","2019-10-01T17:21:00","1","DRIVER",,"713408",,"CHEVROLET","UNKNOWN","IL","2017","UNKNOWN","SPORT UTILITY VEHICLE (SUV)","UNKNOWN/NA","S","STRAIGHT AHEAD",,,"2",,,,,"true",,,,,,,,,,"true","true",,"OTHER",,,,,,,,,,,,,,,,,,,,,,,,,,,,,,,,,