"crash_unit_id","rd_no","crash_date","unit_no","unit_type","num_passengers","vehicle_id","cmrc_veh_i","make","model","lic_plate_state","vehicle_year","vehicle_defect","vehicle_type","vehicle_use","travel_direction","maneuver","towed_i","fire_i","occupant_cnt","exceed_speed_limit_i","towed_by","towed_to","area_00_i","area_01_i","area_02_i","area_03_i","area_04_i","area_05_i","area_06_i","area_07_i","area_08_i","area_09_i","area_10_i","area_11_i","area_12_i","area_99_i","first_contact_point","cmv_id","usdot_no","ccmc_no","ilcc_no","commercial_src","gvwr","carrier_name","carrier_state","carrier_city","hazmat_placards_i","hazmat_name","un_no","hazmat_present_i","hazmat_report_i","hazmat_report_no","mcs_report_i","mcs_report_no","hazmat_vio_cause_crash_i","mcs_vio_cause_crash_i","idot_permit_no","wide_load_i","trailer1_width","trailer2_width","trailer1_length","trailer2_length","total_vehicle_length","axle_cnt","vehicle_config","cargo_body_type","load_type","hazmat_out_of_service_i","mcs_out_of_service_i","hazmat_class"
"750983","JC456053","2019-10-01T17:21:00","2","DRIVER",,"713428",,"HYUNDAI","Santa Fe","IL","2017","UNKNOWN","SPORT UTILITY VEHICLE (SUV)","PERSONAL","S","SLOW/STOP IN TRAFFIC",,,"1",,,,,"true",,,,"true","true","true",,,,"true","true",,"REAR-LEFT",,,,,,,,,,,,,,,,,,,,,,,,,,,,,,,,,
"750984","JC456053","2019-10-01T17:21:00","3","DRIVER",,"713438",,"HYUNDAI","UNKNOWN","IL","2017","NONE","SPORT UTILITY VEHICLE (SUV)","PERSONAL","S","SLOW/STOP IN TRAFFIC",,,"1",,,,,"true",,,,"true","true","true",,,,"true","true",,"REAR-LEFT",,,,,,,,,,,,,,,,,,,,,,,,,,,,,,,,,
"750985","JC456053","2019-10-01T17:21:00","4","DRIVER",,"713454",,"FORD","FUSION","IL","2013","NONE","PASSENGER","PERSONAL","S","SLOW/STOP IN TRAFFIC",,,"1",,,,,,,,,,"true","true",,,,,"true",,"REAR-LEFT",,,,,,,,,,,,,,,,,,,,,,,,,,,,,,,,,
"750986","JC456053","2019-10-01T17:21:00","5","DRIVER",,"713459",,"HYUNDAI","UNKNOWN","IL","2009","NONE","PASSENGER","PERSONAL","S","SLOW/STOP IN TRAFFIC",,,"1",,,,,,,,,,,"true",,,,,,,"REAR-LEFT",,,,,,,,,,,,,,,,,,,,,,,,,,,,,,,,,
"750975","JC456126","2019-10-01T17:16:00","1","DRIVER",,"713390",,"FORD","FUSION","IL","2016","NONE","PASSENGER","PERSONAL","W","STRAIGHT AHEAD",,,"1",,,,,"true",,,,,,,,,,,,,"FRONT-RIGHT",,,,,,,,,,,,,,,,,,,,,,,,,,,,,,,,,
"750976","JC456126","2019-10-01T17:16:00","2","DRIVER",,"713399",,"ASTON-MARTIN","VANTAGE","IL","2008","NONE","PASSENGER","PERSONAL","W","SLOW/STOP IN TRAFFIC",,,"1",,,,,,,,,,"true","true",,,,,,,"REAR-LEFT",,,,,,,,,,,,,,,,,,,,,,,,,,,,,,,,,
"750977","JC456120","2019-10-01T17:15:00","1","DRIVER",,"713392",,"GENERAL MOTORS CORP.","UNKNOWN","IL","2008","NONE","PASSENGER","PERSONAL","N","STRAIGHT AHEAD",,,"1",,,,,,,,,,,,,,,,,"true","UNKNOWN",,,,,,,,,,,,,,,,,,,,,,,,,,,,,,,,,
"750978","JC456120","2019-10-01T17:15:00","2","DRIVER",,"713401",,"SUBARU","IMPREZA","IL","2018","NONE","PASSENGER","PERSONAL","N","STRAIGHT AHEAD",,,"1",,,,,,,"true","true","true",,,,,,,,,"REAR-RIGHT",,,,,,,,,,,,,,,,,,,,,,,,,,,,,,,,,
"750931","JC456060","2019-10-01T17:10:00","1","DRIVER",,"713341",,"TOYOTA MOTOR COMPANY, LTD.","Prius","IL","2008","NONE","PASSENGER","PERSONAL","S","UNKNOWN/NA",,,"1",,,,,,,,,,,,,,,"true",,,"TOTAL (ALL AREAS)",,,,,,,,,,,,,,,,,,,,,,,,,,,,,,,,,
"750932","JC456060","2019-10-01T17:10:00","2","DRIVER",,"713356",,"MAZDA","UNKNOWN","IL","2016","NONE","PASSENGER","PERSONAL","S","UNKNOWN/NA",,,"1",,,,,,,"true",,,,,,,,,,,"SIDE-RIGHT",,,,,,,,,,,,,,,,,,,,,,,,,,,,,,,,,
"750933","JC456062","2019-10-01T17:08:00","1","DRIVER",,"713340",,"FORD","UNKNOWN","IL","2010","NONE","UNKNOWN/NA","PERSONAL","E","PASSING/OVERTAKING",,,"1",,,,,"true","true",,,,,,,,,,"false",,"FRONT",,,,,,,,,,,,,,,,,,,,,,,,,,,,,,,,,
"750934","JC456062","2019-10-01T17:08:00","2","DRIVER",,"713357",,"TOYOTA MOTOR COMPANY, LTD.","CAMRY","IL","2016","NONE","PASSENGER","PERSONAL","E","STRAIGHT AHEAD",,,"1",,,,,,,,,,,"true","true",,,,,,"SIDE-LEFT",,,,,,,,,,,,,,,,,,,,,,,,,,,,,,,,,
"751062","JC456302","2019-10-01T17:00:00","1","DRIVER",,"713486",,"FORD","Explorer","IL","2006","UNKNOWN","UNKNOWN/NA","UNKNOWN/NA","N","STRAIGHT AHEAD",,,"1",,,,,,,,,,,,,,,,"true",,"OTHER",,,,,,,,,,,,,,,,,,,,,,,,,,,,,,,,,
"751063","JC456302","2019-10-01T17:00:00","2","DRIVER","1","713480",,"CHEVROLET","IMPALA","IL","2017","NONE","PASSENGER","PERSONAL","N","SLOW/STOP IN TRAFFIC",,,"2",,,,,,,,,,"true",,,,,,,,"REAR-LEFT",,,,,,,,,,,,,,,,,,,,,,,,,,,,,,,,,
"751057","JC456291","2019-10-01T17:00:00","2","DRIVER",,"713473",,"CHRYSLER","200","IL","2011","NONE","PASSENGER","PERSONAL","N","STRAIGHT AHEAD",,,"1",,,,,"true","true",,,,,,,,,,,,"FRONT",,,,,,,,,,,,,,,,,,,,,,,,,,,,,,,,,
"750968","JC456114","2019-10-01T17:00:00","2","PARKED",,"713381",,"NISSAN","Pathfinder","IL","2017","NONE","PASSENGER","PERSONAL","S","PARKED",,,"0",,,,,,,,,,,,,,,,"true",,"OTHER",,,,,,,,,,,,,,,,,,,,,,,,,,,,,,,,,
"750939","JC456019","2019-10-01T17:00:00","1","DRIVER",,"713362",,"FREIGHTLINER CORP.","FREIGHTLINER CORP.","IL","2007","NONE","BUS OVER 15 PASS.","SCHOOL BUS","N","STRAIGHT AHEAD",,,"1",,,,,,,,"true",,,,,,,,,,"REAR-RIGHT",,,,,,,,,,,,,,,,,,,,,,,,,,,,,,,,,
"750940","JC456019","2019-10-01T17:00:00","2","DRIVERLESS",,"713373",,"CHRYSLER","Pacifica (Sport Wagon)","IL","2006","NONE","SPORT UTILITY VEHICLE (SUV)","NOT IN USE","N","PARKED",,,"0",,,,,,,,,,,"true","true",,,,,,"FRONT-LEFT",,,,,,,,,,,,,,,,,,,,,,,,,,,,,,,,,
"750937","JC456009","2019-10-01T17:00:00","1","DRIVER",,"713369",,"TOYOTA MOTOR COMPANY, LTD.","Prius","IL","2014","NONE","PASSENGER","PERSONAL","E","PASSING/OVERTAKING",,,"1",,,,,"true",,"true",,,,,,,,,,,"FRONT-RIGHT",,,,,,,,,,,,,,,,,,,,,,,,,,,,,,,,,
"750938","JC456009","2019-10-01T17:00:00","2","DRIVER",,"713385",,"TOYOTA MOTOR COMPANY, LTD.","CAMRY","IL","2017","NONE","PASSENGER","TAXI/FOR HIRE","E","SLOW/STOP IN TRAFFIC",,,"1",,,,,,,,,,,,,,,"true",,,"UNDER CARRIAGE",,,,,,,,,,,,,,,,,,,,,,,,,,,,,,,,,
"750914","JC456025","2019-10-01T16:55:00","1","DRIVER",,"713325",,"CHEVROLET","CRUZE","IL","2011","NONE","PASSENGER","UNKNOWN/NA","W","TURNING LEFT",,,"1",,,,,,,,"true",,,,,,,,,,"REAR-RIGHT",,,,,,,,,,,,,,,,,,,,,,,,,,,,,,,,,
"750915","JC456025","2019-10-01T16:55:00","2","DRIVER",,"713351",,"CHEVROLET","UNKNOWN","IL","2018","NONE","SPORT UTILITY VEHICLE (SUV)","UNKNOWN/NA","E","STRAIGHT AHEAD",,,"1",,,,,,,,,,,,,,,,,,"OTHER",,,,,,,,,,,,,,,,,,,,,,,,,,,,,,,,,
"750875","JC455997","2019-10-01T16:55:00","1","DRIVER","3","713292",,"HONDA","Odyssey (minivan)","IL","2017","NONE","PASSENGER","PERSONAL","E","STRAIGHT AHEAD",,,"4",,,,,"true","true",,,,,,,,,,,,"FRONT",,,,,,,,,,,,,,,,,,,,,,,,,,,,,,,,,
"750876","JC455997","2019-10-01T16:55:00","2","PARKED",,"713308",,"NEW FLYER","NEW FLYER","IL","2008","NONE","BUS OVER 15 PASS.","CTA","E","PARKED",,,"0",,,,,,,,,,,"true",,,,,,,"FRONT-LEFT",,,,,,,,,,,,,,,,,,,,,,,,,,,,,,,,,
"751510","JC457152","2019-10-01T16:48:00","2","DRIVER",,"713900",,"KIA MOTORS CORP","FORTE","IL","2011","UNKNOWN","PASSENGER","UNKNOWN/NA","N","TURNING RIGHT",,,"1",,,,"true",,,,,,,,,,,,,,"NONE",,,,,,,,,,,,,,,,,,,,,,,,,,,,,,,,,
"750871","JC455973","2019-10-01T16:47:00","1","DRIVER","1","713297",,"TOYOTA MOTOR COMPANY, LTD.","CAMRY","IL","2010","UNKNOWN","PASSENGER","PERSONAL","W","TURNING RIGHT",,,"2",,,,,"true",,,,,,,,,,,,,"FRONT",,,,,,,,,,,,,,,,,,,,,,,,,,,,,,,,,
"751659","JC455986","2019-10-01T16:46:00","1","DRIVER",,"714023",,"DODGE","DURANGO","IL","2013","NONE","PASSENGER","PERSONAL","W","U-TURN",,,"1",,,,,"true",,,,,,,,,,"true","true",,"FRONT",,,,,,,,,,,,,,,,,,,,,,,,,,,,,,,,,
"750962","JC456092","2019-10-01T16:45:00","2","PARKED",,"713382",,"BMW","3 SERIES","IL","2014","NONE","PASSENGER","PERSONAL","N","PARKED",,,"0",,,,,,,,,,,"true",,,,,,,"SIDE-LEFT",,,,,,,,,,,,,,,,,,,,,,,,,,,,,,,,,
"751139","JC456373","2019-10-01T16:30:00","1","DRIVER",,"713535",,"FREIGHTLINER CORP.","FREIGHTLINER CORP.","IL","2007","UNKNOWN","SINGLE UNIT TRUCK WITH TRAILER","UNKNOWN/NA","W","STRAIGHT AHEAD",,,"1",,,,,,,,,,,,,,,,,"true","REAR-LEFT",,,,,,,,,,,,,,,,,,,,,,,,,,,,,,,,,
"751140","JC456373","2019-10-01T16:30:00","2","DRIVER","1","713539",,"LINCOLN-CONTINENTAL","MKT","IL","2017","NONE","PASSENGER","RIDESHARE SERVICE","E","STRAIGHT AHEAD",,,"2",,,,,,,,,,,,,,,,"true",,"OTHER",,,,,,,,,,,,,,,,,,,,,,,,,,,,,,,,,
"751033","JC456041","2019-10-01T16:30:00","1","DRIVER",,"713455",,"TOYOTA MOTOR COMPANY, LTD.","Prius","IL","2015","UNKNOWN","PASSENGER","PERSONAL","S","STRAIGHT AHEAD",,,"1",,,,,,,"true",,,,,,,,,,,"SIDE-RIGHT",,,,,,,,,,,,,,,,,,,,,,,,,,,,,,,,,
"750904","JC456036","2019-10-01T16:30:00","1","DRIVER",,"713330",,"MITSUBISHI","Outlander","IL","2009","UNKNOWN","SPORT UTILITY VEHICLE (SUV)","UNKNOWN/NA","E","STRAIGHT AHEAD",,,"1",,,,,"true",,,,,,,,,,,"true",,"FRONT",,,,,,,,,,,,,,,,,,,,,,,,,,,,,,,,,
"750905","JC456036","2019-10-01T16:30:00","2","DRIVER",,"713322",,"FORD","ECONOLINE E150","IL","2007","NONE","VAN/MINI-VAN","PERSONAL","E","STRAIGHT AHEAD",,,"1",,,,,,,,,,,"true",,,,,,,"FRONT-LEFT",,,,,,,,,,,,,,,,,,,,,,,,,,,,,,,,,
"750896","JC456021","2019-10-01T16:30:00","1","DRIVER",,"713321",,"NISSAN","SENTRA (DATSUN AND NISSAN HAVE MERGED)","IL","2008","UNKNOWN","PASSENGER","PERSONAL","W","BACKING",,,"1",,,,,,,,,"false","true","true",,,,,,,"REAR-LEFT",,,,,,,,,,,,,,,,,,,,,,,,,,,,,,,,,
"750897","JC456021","2019-10-01T16:30:00","2","DRIVER",,"713339",,"AUDI","Q5","IL","2015","NONE","PASSENGER","PERSONAL","W","TURNING LEFT",,,"1",,,,,,,,,,,"true","true","true",,,,,"ROOF",,,,,,,,,,,,,,,,,,,,,,,,,,,,,,,,,
"750926","JC455993","2019-10-01T16:30:00","1","DRIVER",,"713338",,"HONDA","ACCORD","IL","2014","UNKNOWN","PASSENGER","UNKNOWN/NA","N","ENTERING TRAFFIC LANE FROM PARKING",,,"1",,,,,,,,,,,,,,,"true",,,"TOTAL (ALL AREAS)",,,,,,,,,,,,,,,,,,,,,,,,,,,,,,,,,
"750927","JC455993","2019-10-01T16:30:00","2","DRIVER",,"713363",,"HYUNDAI","ELANTRA","IL","2012","UNKNOWN","PASSENGER","PERSONAL","N","LEAVING TRAFFIC LANE TO PARK",,,"1",,,,,,,,,"true",,,,,,,,,"REAR",,,,,,,,,,,,,,,,,,,,,,,,,,,,,,,,,
"750889","JC456040","2019-10-01T16:25:00","1","DRIVER","1","713332",,"FORD","FUSION","IL","2010","NONE","PASSENGER","PERSONAL","N","STRAIGHT AHEAD",,,"2",,,,,,,,,,,,,,,,"true",,"OTHER",,,,,,,,,,,,,,,,,,,,,,,,,,,,,,,,,
"750890","JC456040","2019-10-01T16:25:00","2","DRIVER","2","713316",,"CHEVROLET","MALIBU (CHEVELLE)","IL","2011","NONE","PASSENGER","PERSONAL","N","SLOW/STOP IN TRAFFIC",,,"3",,,,,,,,,,"true",,,,,,"true",,"REAR-LEFT",,,,,,,,,,,,,,,,,,,,,,,,,,,,,,,,,
"750887","JC455978","2019-10-01T16:24:00","1","DRIVER",,"713333",,"CHEVROLET","MALIBU (CHEVELLE)","IL","2012","NONE","PASSENGER","PERSONAL","S","STRAIGHT AHEAD",,,"1",,,,,,,,,,,,,,,,"true",,"OTHER",,,,,,,,,,,,,,,,,,,,,,,,,,,,,,,,,
"750888","JC455978","2019-10-01T16:24:00","2","DRIVER",,"713352",,"CHEVROLET","IMPALA","IL","2017","NONE","PASSENGER","PERSONAL","E","STRAIGHT AHEAD","true",,"1",,,,,,,,,,,,,,"true","true",,,"TOTAL (ALL AREAS)",,,,,,,,,,,,,,,,,,,,,,,,,,,,,,,,,
"750900","JC456017","2019-10-01T16:20:00","1","DRIVER","2","713318",,"JEEP","UNKNOWN","IL","2018","UNKNOWN","SPORT UTILITY VEHICLE (SUV)","PERSONAL","N","STRAIGHT AHEAD",,,"3",,,,,,,,,,,,,,,,"true",,"OTHER",,,,,,,,,,,,,,,,,,,,,,,,,,,,,,,,,
"750901","JC456017","2019-10-01T16:20:00","2","DRIVER",,"713328",,"TOYOTA MOTOR COMPANY, LTD.","Highlander(beginning vehicle year 2001)","IL","2010","NONE","SPORT UTILITY VEHICLE (SUV)","PERSONAL","N","SLOW/STOP IN TRAFFIC",,,"1",,,,,,,,,,"true",,,,,,,,"REAR-LEFT",,,,,,,,,,,,,,,,,,,,,,,,,,,,,,,,,
"750873","JC455947","2019-10-01T16:20:00","1","DRIVER",,"713323",,"CHEVROLET","IMPALA","MI","2018","NONE","PASSENGER","PERSONAL","S","STRAIGHT AHEAD",,,"1",,,,"true",,,,,,,,,,,,,,"SIDE-RIGHT",,,,,,,,,,,,,,,,,,,,,,,,,,,,,,,,,
"750906","JC544944","2019-10-01T16:19:00","1","DRIVER",,"713327",,"CHEVROLET","CRUZE","IL","2019","NONE","PASSENGER","PERSONAL","S","TURNING LEFT",,,"1",,,,,"true","true",,,,,,,,,,"true",,"FRONT",,,,,,,,,,,,,,,,,,,,,,,,,,,,,,,,,
"750907","JC544944","2019-10-01T16:19:00","2","DRIVER","2","713347",,"NISSAN","SENTRA (DATSUN AND NISSAN HAVE MERGED)","IL","2012","NONE","PASSENGER","PERSONAL","W","STRAIGHT AHEAD","true",,"3",,"UNK","UNK",,"true","true","true",,,,,,,,"true","true",,"OTHER",,,,,,,,,,,,,,,,,,,,,,,,,,,,,,,,,
"750958","JC456089","2019-10-01T16:15:00","2","DRIVER","2","713419",,"NISSAN","ROGUE","IL","2015","NONE","SPORT UTILITY VEHICLE (SUV)","PERSONAL","E","SLOW/STOP IN TRAFFIC",,,"3",,,,,"true",,,,,"true",,,,,,"true",,"REAR-LEFT",,,,,,,,,,,,,,,,,,,,,,,,,,,,,,,,,
"750868","JC455983","2019-10-01T16:15:00","2","DRIVER",,"713303",,"TOYOTA MOTOR COMPANY, LTD.","CAMRY","IL","2017","NONE","PASSENGER","PERSONAL","UNKNOWN","BACKING",,,"1",,,,,,,,,,"true","true",,,,,,,"REAR-LEFT",,,,,,,,,,,,,,,,,,,,,,,,,,,,,,,,,
"750863","JC455988","2019-10-01T16:10:00","1","DRIVER",,"713307",,"FORD","ESCAPE (SUV)","IL","2016","UNKNOWN","SPORT UTILITY VEHICLE (SUV)","UNKNOWN/NA","N","STRAIGHT AHEAD",,,"1",,,,,,,"true",,,,,,,,,,,"SIDE-RIGHT",,,,,,,,,,,,,,,,,,,,,,,,,,,,,,,,,
"750864","JC455988","2019-10-01T16:10:00","2","DRIVER",,"713319",,"INFINITI","G35","IL","2008","UNKNOWN","PASSENGER","UNKNOWN/NA","N","STRAIGHT AHEAD",,,"1",,,,,,,,,,,,,,,"true",,,"TOTAL (ALL AREAS)",,,,,,,,,,,,,,,,,,,,,,,,,,,,,,,,,
"750861","JC455961","2019-10-01T16:10:00","1","DRIVER",,"713289",,"FORD","ESCAPE (SUV)","IN","2009","NONE","PASSENGER","PERSONAL","E","STRAIGHT AHEAD",,,"1",,,,,,,,,,,,,,"true",,,,"ROOF",,,,,,,,,,,,,,,,,,,,,,,,,,,,,,,,,
"750862","JC455961","2019-10-01T16:10:00","2","DRIVER",,"713302",,"JEEP","CHEROKEE","IL","2018","NONE","PASSENGER","PERSONAL","W","SLOW/STOP IN TRAFFIC",,,"1",,,,,,,,,,,,,,"true",,,,"ROOF",,,,,,,,,,,,,,,,,,,,,,,,,,,,,,,,,
"750822","JC455911","2019-10-01T16:10:00","1","DRIVER",,"713249",,"DODGE","CARAVAN","IL","2007","UNKNOWN","PASSENGER","PERSONAL","W","TURNING RIGHT",,,"1",,,,,,"true","true","true",,,,,,,,,,"SIDE-RIGHT",,,,,,,,,,,,,,,,,,,,,,,,,,,,,,,,,
"750952","JC456056","2019-10-01T16:06:00","2","DRIVER",,"713396",,"CHRYSLER","200","IL","2015","UNKNOWN","PASSENGER","PERSONAL","W","STRAIGHT AHEAD",,,"1",,,,,,,,,,"true",,,,,,,,"REAR-LEFT",,,,,,,,,,,,,,,,,,,,,,,,,,,,,,,,,
"750881","JC455927","2019-10-01T16:04:00","1","DRIVER","3","713301",,"NISSAN","SENTRA (DATSUN AND NISSAN HAVE MERGED)","IL","2014","NONE","PASSENGER","PERSONAL","S","UNKNOWN/NA","true",,"4",,"UNKNOWN",,,"true",,,,,,,,,,"true","true",,"OTHER",,,,,,,,,,,,,,,,,,,,,,,,,,,,,,,,,
"750882","JC455927","2019-10-01T16:04:00","2","DRIVER",,"713311",,"FORD","F150","IL","2007","NONE","PICKUP","PERSONAL","S","STRAIGHT AHEAD",,,"1",,,,,,,,,"true","true","true",,,,,,,"REAR-LEFT",,,,,,,,,,,,,,,,,,,,,,,,,,,,,,,,,
"751654","JC457387","2019-10-01T16:00:00","2","DRIVER",,"714047",,"HYUNDAI","GENESIS","IL","2013","NONE","PASSENGER","PERSONAL","W","BACKING",,,"1",,,,,,,,,,,"true",,,,,,,"SIDE-LEFT",,,,,,,,,,,,,,,,,,,,,,,,,,,,,,,,,
"751459","JC456948","2019-10-01T16:00:00","1","DRIVER",,"713867",,"NISSAN","NISSAN ALTIMA","IL","2009","UNKNOWN","PASSENGER","PERSONAL","W","BACKING",,,"1",,,,,,,,,"true","true","true",,,,,,"false","REAR-LEFT",,,,,,,,,,,,,,,,,,,,,,,,,,,,,,,,,
"751460","JC456948","2019-10-01T16:00:00","2","DRIVER",,"714458","false","DODGE","CARAVAN","IL","2019","NONE","PASSENGER","PERSONAL","E","STRAIGHT AHEAD",,,"1",,,,,"true",,,,,,,,,,"true","true",,"OTHER",,,,,,,,,,,,,,,,,,,,,,,,,,,,,,,,,
"750991","JC456144","2019-10-01T16:00:00","1","DRIVER","1","713439",,"FORD","F450","AZ","2008","NONE","TRUCK - SINGLE UNIT","PERSONAL","W","LEAVING TRAFFIC LANE TO PARK",,,"2",,,,"true","false",,,,,,,,,,,,,"FRONT",,,,,,,,,,,,,,,,,,,,,,,,,,,,,,,,,
"750992","JC456144","2019-10-01T16:00:00","2","PARKED",,"713403",,"HYUNDAI","ELANTRA","IL","2017","NONE","PASSENGER","NOT IN USE","W","PARKED",,,"0",,,,,"true",,,,,,,,,"true","true","true",,"TOTAL (ALL AREAS)",,,,,,,,,,,,,,,,,,,,,,,,,,,,,,,,,
"750994","JC456119","2019-10-01T16:00:00","2","DRIVER",,"713410",,"CHEVROLET","MALIBU (CHEVELLE)","IL","2016","NONE","PASSENGER","PERSONAL","W","STRAIGHT AHEAD",,,"2",,,,,,,,,,,"true",,,,,,,"SIDE-LEFT",,,,,,,,,,,,,,,,,,,,,,,,,,,,,,,,,
"750878","JC456003","2019-10-01T16:00:00","2","PARKED",,"713299",,"HONDA","CRV","IL","2019","UNKNOWN","SPORT UTILITY VEHICLE (SUV)","PERSONAL","UNKNOWN","PARKED",,,"0",,,,,,,,,,,,"true",,,,,,"FRONT-LEFT",,,,,,,,,,,,,,,,,,,,,,,,,,,,,,,,,
"750834","JC455924","2019-10-01T16:00:00","1","DRIVER",,"713259",,"FORD","FIESTA","IL","2017","NONE","PASSENGER","PERSONAL","E","STRAIGHT AHEAD",,,"1",,,,,,,,,,,,,,,"true",,,"TOTAL (ALL AREAS)",,,,,,,,,,,,,,,,,,,,,,,,,,,,,,,,,
"750825","JC455920","2019-10-01T16:00:00","2","PARKED","2","713251",,"TOYOTA MOTOR COMPANY, LTD.","Sequoia","IL","2014","NONE","SPORT UTILITY VEHICLE (SUV)","PERSONAL","E","PARKED",,,"2",,,,,"true",,"true",,,,,,,,,,,"SIDE-RIGHT",,,,,,,,,,,,,,,,,,,,,,,,,,,,,,,,,
"750850","JC455914","2019-10-01T16:00:00","1","DRIVER","1","713286","true","TOYOTA MOTOR COMPANY, LTD.","Prius","IL","2013","NONE","PASSENGER","TAXI/FOR HIRE","S","SLOW/STOP IN TRAFFIC",,,"2",,,,,"false","true","true",,,,,,,,,,,"FRONT-RIGHT","8297",,,,,,"TAXI MEDALLION GROUP LLC","IL","CHICAGO",,,,"N","N",,"N",,"N","N",,,,,,,,,,,,"false","false",
"750883","JC455940","2019-10-01T15:57:00","1","DRIVER",,"713306",,"INFINITI","G37","IN","2011","NONE","PASSENGER","PERSONAL","N","STRAIGHT AHEAD","true",,"1",,"private tow",,,"true",,,,,,,,,"true","true","true",,"TOTAL (ALL AREAS)",,,,,,,,,,,,,,,,,,,,,,,,,,,,,,,,,
"750884","JC455940","2019-10-01T15:57:00","2","DRIVER",,"713313","true","CHEVROLET","UNKNOWN","IL","2008","NONE","TRUCK - SINGLE UNIT","COMMERCIAL - SINGLE UNIT","N","SLOW/STOP IN TRAFFIC",,,"1",,,,,,,,,"true",,,,,,,,,"REAR","8298",,,,,,"INAHUAZCO LL DBA FERNANDO'S BAKERY","IL","CHICAGO",,,,"N","U",,,,"N",,,,,,,,,,"SINGLE UNIT TRUCK, 2 AXLES, 6 TIRES","VAN/ENCLOSED BOX","UNKNOWN","false",,
"750855","JC455932","2019-10-01T15:50:00","2","DRIVER","1","713304",,"JEEP","Wrangler (for vehicle years 1989 to present)","IL","2015","UNKNOWN","PASSENGER","UNKNOWN/NA","E","STRAIGHT AHEAD",,,"2",,,,,,,,,,"true",,,,,,"true",,"REAR-LEFT",,,,,,,,,,,,,,,,,,,,,,,,,,,,,,,,,
"750856","JC455932","2019-10-01T15:50:00","3","DRIVER","1","713312",,"HONDA","CRV","IL","2018","UNKNOWN","PASSENGER","UNKNOWN/NA","E","SLOW/STOP IN TRAFFIC",,,"2",,,,,,,,,,"true",,,,,,,,"REAR-LEFT",,,,,,,,,,,,,,,,,,,,,,,,,,,,,,,,,
"750894","JC455962","2019-10-01T15:40:00","1","DRIVER",,"713314",,"TOYOTA MOTOR COMPANY, LTD.","Prius","MI","2008","NONE","PASSENGER","PERSONAL","W","STRAIGHT AHEAD","true",,"1",,"PRIVATE TOW",,,"true","true",,,,,,,,,,"false",,"FRONT",,,,,,,,,,,,,,,,,,,,,,,,,,,,,,,,,
"750895","JC455962","2019-10-01T15:40:00","2","DRIVER",,"713353",,"LAND ROVER","UNKNOWN","IL","2010","NONE","SPORT UTILITY VEHICLE (SUV)","PERSONAL","SE","TURNING LEFT",,,"1",,,,,,,,,,,,,,,"true","true",,"TOTAL (ALL AREAS)",,,,,,,,,,,,,,,,,,,,,,,,,,,,,,,,,
"750830","JC455854","2019-10-01T15:28:00","1","DRIVER",,"713261",,"DODGE","CARAVAN","IL","2016","NONE","PASSENGER","PERSONAL","W","TURNING RIGHT",,,"1",,,,,,,"true","true","true","true",,,,"true",,,,"REAR",,,,,,,,,,,,,,,,,,,,,,,,,,,,,,,,,
"750804","JC455867","2019-10-01T15:15:00","1","DRIVER",,"713234",,"HYUNDAI","ELANTRA","IL","2013","NONE","PASSENGER","UNKNOWN/NA","E","UNKNOWN/NA",,,"1",,,,,,,,,,,,,,"true","false",,,"UNDER CARRIAGE",,,,,,,,,,,,,,,,,,,,,,,,,,,,,,,,,
"750805","JC455867","2019-10-01T15:15:00","2","DRIVER",,"713245",,"FORD","UNKNOWN","IL","2011","NONE","VAN/MINI-VAN","OTHER","E","UNKNOWN/NA",,,"1",,,,,,,"true",,,,,,,,,,,"SIDE-RIGHT",,,,,,,,,,,,,,,,,,,,,,,,,,,,,,,,,
"750799","JC455847","2019-10-01T15:14:00","2","PARKED",,"713221",,"FORD","UNKNOWN","AZ","2019","NONE","VAN/MINI-VAN","OTHER","W","PARKED",,,"0",,,,,,,,,,,,,,,,"true",,"OTHER",,,,,,,,,,,,,,,,,,,,,,,,,,,,,,,,,
"750859","JC455929","2019-10-01T15:12:00","1","DRIVER",,"713288",,"CHEVROLET","CRUZE","IL","2018","NONE","PASSENGER","PERSONAL","E","PASSING/OVERTAKING","true",,"1",,"State farm",,,"true","true",,,,,,,,,,,,"FRONT-RIGHT",,,,,,,,,,,,,,,,,,,,,,,,,,,,,,,,,
"750860","JC455929","2019-10-01T15:12:00","2","DRIVER",,"713296",,"FORD","EDGE","IL","2007","NONE","SPORT UTILITY VEHICLE (SUV)","PERSONAL","E","STRAIGHT AHEAD","true",,"2",,"tows legend","709 w 71st chicago",,,,,,,,"true",,,"true","true",,,"TOTAL (ALL AREAS)",,,,,,,,,,,,,,,,,,,,,,,,,,,,,,,,,
"750929","JC455841","2019-10-01T15:12:00","2","DRIVER",,"713367",,"TOYOTA MOTOR COMPANY, LTD.","CAMRY","IL","2017","NONE","PASSENGER","PERSONAL","N","STRAIGHT AHEAD","true",,"1",,"E & R towing","city vehicle impound",,,,,,,,,,,,,,,"FRONT",,,,,,,,,,,,,,,,,,,,,,,,,,,,,,,,,
"750930","JC455841","2019-10-01T15:12:00","3","PARKED",,"713372",,"FORD","FUSION","IL","2006","NONE","PASSENGER","NOT IN USE","N","PARKED",,,"0",,,,,,,,,,,"true","true",,,"false",,,"SIDE-LEFT",,,,,,,,,,,,,,,,,,,,,,,,,,,,,,,,,