"crash_unit_id","rd_no","crash_date","unit_no","unit_type","num_passengers","vehicle_id","cmrc_veh_i","make","model","lic_plate_state","vehicle_year","vehicle_defect","vehicle_type","vehicle_use","travel_direction","maneuver","towed_i","fire_i","occupant_cnt","exceed_speed_limit_i","towed_by","towed_to","area_00_i","area_01_i","area_02_i","area_03_i","area_04_i","area_05_i","area_06_i","area_07_i","area_08_i","area_09_i","area_10_i","area_11_i","area_12_i","area_99_i","first_contact_point","cmv_id","usdot_no","ccmc_no","ilcc_no","commercial_src","gvwr","carrier_name","carrier_state","carrier_city","hazmat_placards_i","hazmat_name","un_no","hazmat_present_i","hazmat_report_i","hazmat_report_no","mcs_report_i","mcs_report_no","hazmat_vio_cause_crash_i","mcs_vio_cause_crash_i","idot_permit_no","wide_load_i","trailer1_width","trailer2_width","trailer1_length","trailer2_length","total_vehicle_length","axle_cnt","vehicle_config","cargo_body_type","load_type","hazmat_out_of_service_i","mcs_out_of_service_i","hazmat_class"
"750909","JC456048","2019-10-01T15:10:00","2","DRIVER",,"713334",,"CHEVROLET","EQUINOX","IL","2011","NONE","SPORT UTILITY VEHICLE (SUV)","PERSONAL","W","STRAIGHT AHEAD",,,"1",,,,,,,,"true",,,,,,,,,,"REAR-RIGHT",,,,,,,,,,,,,,,,,,,,,,,,,,,,,,,,,
"751002","JC456204","2019-10-01T15:05:00","3","DRIVER",,"713414",,"CHEVROLET","Trail Blazer","IL","2007","NONE","SPORT UTILITY VEHICLE (SUV)","PERSONAL","W","SLOW/STOP IN TRAFFIC",,,"1",,,,,,,,,,,,,,,,"true",,"OTHER",,,,,,,,,,,,,,,,,,,,,,,,,,,,,,,,,
"750801","JC455845","2019-10-01T15:05:00","2","DRIVER",,"713231",,"HARLEY-DAVIDSON","HARLEY-DAVIDSON","IL","2019","UNKNOWN","MOTORCYCLE (OVER 150CC)","PERSONAL","W","STRAIGHT AHEAD",,,"1",,,,,,,,,,,,,,,,"true",,"OTHER",,,,,,,,,,,,,,,,,,,,,,,,,,,,,,,,,
"750809","JC455891","2019-10-01T15:04:00","1","DRIVER",,"713243",,"NISSAN","Murano","IL","2010","NONE","SPORT UTILITY VEHICLE (SUV)","RIDESHARE SERVICE","W","STRAIGHT AHEAD",,,"1",,,,,,,,,,,,,,,,,,"UNKNOWN",,,,,,,,,,,,,,,,,,,,,,,,,,,,,,,,,
"750810","JC455891","2019-10-01T15:04:00","2","DRIVER","1","713236",,"TOYOTA MOTOR COMPANY, LTD.","Prius","IL","2011","NONE","PASSENGER","RIDESHARE SERVICE","W","SLOW/STOP IN TRAFFIC",,,"2",,,,,,,,,,"true",,,,,,,,"REAR-LEFT",,,,,,,,,,,,,,,,,,,,,,,,,,,,,,,,,
"751313","JC456804","2019-10-01T15:00:00","2","DRIVERLESS",,"713699",,"NISSAN","SENTRA (DATSUN AND NISSAN HAVE MERGED)","IL","2019","UNKNOWN","PASSENGER","POLICE","UNKNOWN","PARKED",,,"0",,,,,"true",,,,,,,,,,"true","true",,"OTHER",,,,,,,,,,,,,,,,,,,,,,,,,,,,,,,,,
"750836","JC455822","2019-10-01T14:55:00","1","DRIVER",,"713260",,"VOLKSWAGEN","ROUTAN","IL","2009","NONE","SPORT UTILITY VEHICLE (SUV)","PERSONAL","S","TURNING RIGHT",,,"1",,,,,,,,,,,,,,,,"true",,"OTHER",,,,,,,,,,,,,,,,,,,,,,,,,,,,,,,,,
"750827","JC455823","2019-10-01T14:52:00","2","DRIVER","1","713274",,"TOYOTA MOTOR COMPANY, LTD.","Prius","IL","2016","NONE","PASSENGER","OTHER","S","STRAIGHT AHEAD","true",,"2",,"UNKNOWN",,,,,,,,,,,,"true","true",,,"TOTAL (ALL AREAS)",,,,,,,,,,,,,,,,,,,,,,,,,,,,,,,,,
"750807","JC455873","2019-10-01T14:50:00","1","DRIVER",,"713240",,"CHEVROLET","EQUINOX","IL","2006","UNKNOWN","PASSENGER","PERSONAL","S","STRAIGHT AHEAD",,,"1",,,,,"true",,,,,,,,,,"true","true",,"OTHER",,,,,,,,,,,,,,,,,,,,,,,,,,,,,,,,,
"750806","JC455873","2019-10-01T14:50:00","2","DRIVER",,"713232",,"TOYOTA MOTOR COMPANY, LTD.","CAMRY","IL","2007","UNKNOWN","PASSENGER","PERSONAL","S","TURNING LEFT",,,"1",,,,,,,,,"true","true","true",,,,,,,"REAR-LEFT",,,,,,,,,,,,,,,,,,,,,,,,,,,,,,,,,
"752299","JC457742","2019-10-01T14:49:00","1","DRIVER",,"714656",,"GENERAL MOTORS CORP.","UNKNOWN","AZ","2017","UNKNOWN","TRUCK - SINGLE UNIT","OTHER","W","PASSING/OVERTAKING",,,"1",,,,,,,,,,,,,,,,,"true","UNKNOWN",,,,,,,,,,,,,,,,,,,,,,,,,,,,,,,,,
"750866","JC456018","2019-10-01T14:45:00","2","DRIVER",,"713291",,"FORD","UNKNOWN","IL","2015","NONE","VAN/MINI-VAN","CONSTRUCTION/MAINTENANCE","W","SLOW/STOP IN TRAFFIC",,,"1",,,,,,,,,,"true",,,,,,,,"REAR-LEFT",,,,,,,,,,,,,,,,,,,,,,,,,,,,,,,,,
"750797","JC455842","2019-10-01T14:45:00","2","DRIVER",,"713256",,"TOYOTA MOTOR COMPANY, LTD.","COROLLA","IL","2009","NONE","PASSENGER","PERSONAL","N","STRAIGHT AHEAD",,,"1",,,,,,,,,"true","true","true",,,,,,,"REAR-LEFT",,,,,,,,,,,,,,,,,,,,,,,,,,,,,,,,,
"751542","JC455819","2019-10-01T14:45:00","2","DRIVER",,"713924",,"TOYOTA MOTOR COMPANY, LTD.","Avalon","IL","2016","UNKNOWN","PASSENGER","TAXI/FOR HIRE","S","U-TURN",,,"2",,,,,,,,,,,"true",,,,,,,"SIDE-LEFT",,,,,,,,,,,,,,,,,,,,,,,,,,,,,,,,,
"753057","JC459912","2019-10-01T14:40:00","2","DRIVER","1","715378",,"BMW","M-5","IL","2006","NONE","PASSENGER","PERSONAL","W","STARTING IN TRAFFIC",,,"2",,,,,"true",,,,,,,,,,,"true",,"FRONT",,,,,,,,,,,,,,,,,,,,,,,,,,,,,,,,,
"750924","JC455955","2019-10-01T14:40:00","1","DRIVER",,"713350",,"HONDA","Pilot","IL","2006","UNKNOWN","SPORT UTILITY VEHICLE (SUV)","PERSONAL","S","STRAIGHT AHEAD",,,"1",,,,,,,,,,,,,,,,"true",,"OTHER",,,,,,,,,,,,,,,,,,,,,,,,,,,,,,,,,
"750790","JC455848","2019-10-01T14:34:00","1","DRIVER",,"713214",,"FORD","ESCAPE (SUV)","IL","2019","NONE","SPORT UTILITY VEHICLE (SUV)","PERSONAL","SE","TURNING LEFT",,,"1",,,,,,,,,,,,,"true","true",,,,"ROOF",,,,,,,,,,,,,,,,,,,,,,,,,,,,,,,,,
"750791","JC455848","2019-10-01T14:34:00","2","DRIVER","1","713216",,"JAGUAR","XJ","IL","2016","NONE","PASSENGER","PERSONAL","SE","TURNING LEFT",,,"2",,,,,"true",,,,,,,,,,,,,"FRONT",,,,,,,,,,,,,,,,,,,,,,,,,,,,,,,,,
"750792","JC455813","2019-10-01T14:33:00","1","DRIVER",,"713217",,"HYUNDAI","TUCSON","IL","2014","NONE","PASSENGER","PERSONAL","S","STRAIGHT AHEAD",,,"1",,,,,"true","true",,,,,,,,"true","true","true",,"OTHER",,,,,,,,,,,,,,,,,,,,,,,,,,,,,,,,,
"750793","JC455813","2019-10-01T14:33:00","2","DRIVER",,"713230",,"HYUNDAI","ELANTRA","IL","2016","NONE","PASSENGER","RIDESHARE SERVICE","W","STARTING IN TRAFFIC","true",,"1",,"PRIVATE TOW","UNK",,"true","true","true","true","true","true",,,,,,,,"ROOF",,,,,,,,,,,,,,,,,,,,,,,,,,,,,,,,,
"750794","JC455812","2019-10-01T14:33:00","1","DRIVER",,"713224",,"FORD","F150","IL","2014","NONE","PICKUP","PERSONAL","E","STRAIGHT AHEAD",,,"1",,,,,,,,,,,,,,,,"true",,"OTHER",,,,,,,,,,,,,,,,,,,,,,,,,,,,,,,,,
"750795","JC455812","2019-10-01T14:33:00","2","DRIVER","4","713238",,"SUBARU","IMPREZA","IL","2014","NONE","PASSENGER","PERSONAL","E","STRAIGHT AHEAD",,,"5",,,,,,,,,,"true",,,,,,,,"REAR-LEFT",,,,,,,,,,,,,,,,,,,,,,,,,,,,,,,,,
"751360","JC456865","2019-10-01T14:30:00","2","DRIVER",,"713752",,"TOYOTA MOTOR COMPANY, LTD.","CAMRY","IL","2018","NONE","PASSENGER","PERSONAL","E","SLOW/STOP IN TRAFFIC",,,"1",,,,,,,,,"true","true","true",,,,,,,"REAR-LEFT",,,,,,,,,,,,,,,,,,,,,,,,,,,,,,,,,
"750771","JC455805","2019-10-01T14:29:00","1","DRIVER",,"713200",,"TOYOTA MOTOR COMPANY, LTD.","Prius","IL","2016","UNKNOWN","PASSENGER","UNKNOWN/NA","UNKNOWN","UNKNOWN/NA",,,"1",,,,,,,,,,,,,"true","true",,,,"ROOF",,,,,,,,,,,,,,,,,,,,,,,,,,,,,,,,,
"750772","JC455805","2019-10-01T14:29:00","2","PARKED",,"713205",,"VOLKSWAGEN","TIGUAN","IL","2018","NONE","SPORT UTILITY VEHICLE (SUV)","PERSONAL","UNKNOWN","PARKED",,,"0",,,,,,,,,"true",,,,,,,,,"REAR",,,,,,,,,,,,,,,,,,,,,,,,,,,,,,,,,
"750777","JC455782","2019-10-01T14:20:00","1","DRIVER",,"713208",,"PONTIAC","Vibe (sport wagon)","IL","2006","NONE","SPORT UTILITY VEHICLE (SUV)","PERSONAL","E","STRAIGHT AHEAD",,,"1",,,,,,,,,,,"true",,,,,,,"FRONT-LEFT",,,,,,,,,,,,,,,,,,,,,,,,,,,,,,,,,
"750778","JC455782","2019-10-01T14:20:00","2","DRIVER",,"713215","true","FREIGHTLINER CORP.","UNKNOWN","IL","2014","NONE","TRACTOR W/O SEMI-TRAILER","COMMERCIAL - SINGLE UNIT","E","STRAIGHT AHEAD",,,"1",,,,,"true",,,,,,,,,,,,,"FRONT","8296","1454112",,,"PAPERS",,"HUB GROUP TRUCKING","TN","MEMPHIS",,,,"N","N",,"N",,"N","N",,,,,,,,,"TRUCK/TRACTOR",,,"false","false",
"750750","JC455781","2019-10-01T14:20:00","1","DRIVER",,"713186",,"TOYOTA MOTOR COMPANY, LTD.","RAV4 (sport utility)","IL","2011","NONE","SPORT UTILITY VEHICLE (SUV)","PERSONAL","S","BACKING",,,"1",,,,,,,,,"true","true",,,,,,,,"REAR",,,,,,,,,,,,,,,,,,,,,,,,,,,,,,,,,
"750751","JC455781","2019-10-01T14:20:00","2","DRIVER",,"713189",,"TOYOTA MOTOR COMPANY, LTD.","CAMRY","IL","2018","NONE","PASSENGER","PERSONAL","W","SLOW/STOP IN TRAFFIC",,,"1",,,,,,,,,"true",,,,,,,,,"SIDE-LEFT",,,,,,,,,,,,,,,,,,,,,,,,,,,,,,,,,
"750886","JC455909","2019-10-01T14:15:00","2","PARKED","1","713358",,"HONDA","ACCORD","IL","2008","UNKNOWN","PASSENGER","PERSONAL","E","PARKED",,,"1",,,,,,,,,,,,,,"true","true",,,"TOTAL (ALL AREAS)",,,,,,,,,,,,,,,,,,,,,,,,,,,,,,,,,
"750788","JC455809","2019-10-01T14:15:00","1","DRIVER",,"713213",,"DODGE","DART","IL","2016","UNKNOWN","PASSENGER","PERSONAL","E","STRAIGHT AHEAD",,,"1",,,,"true",,,,,,,,,,,,,,"NONE",,,,,,,,,,,,,,,,,,,,,,,,,,,,,,,,,
"750789","JC455809","2019-10-01T14:15:00","2","DRIVER",,"713218",,"HYUNDAI","SONATA","IL","2016","UNKNOWN","PASSENGER","PERSONAL","E","SLOW/STOP IN TRAFFIC",,,"1",,,,,,,,,,"true",,,,,,,,"REAR-LEFT",,,,,,,,,,,,,,,,,,,,,,,,,,,,,,,,,
"750838","JC455774","2019-10-01T14:10:00","1","DRIVER","1","713279",,"HONDA","ACCORD","IL","2013","UNKNOWN","PASSENGER","PERSONAL","N","STRAIGHT AHEAD","true",,"2",,"private tow",,,"false",,,,,,,,,,"false",,,"ROOF",,,,,,,,,,,,,,,,,,,,,,,,,,,,,,,,,
"750839","JC455774","2019-10-01T14:10:00","2","DRIVER",,"713290",,"NISSAN","Murano","IL","2016","UNKNOWN","SPORT UTILITY VEHICLE (SUV)","PERSONAL","S","TURNING LEFT",,,"1",,,,,,,,,,,,,,,"true","true",,"TOTAL (ALL AREAS)",,,,,,,,,,,,,,,,,,,,,,,,,,,,,,,,,
"751528","JC456339","2019-10-01T14:00:00","2","DRIVER",,"713919",,"NISSAN","VERSA","IL","2012","NONE","PASSENGER","PERSONAL","S","STRAIGHT AHEAD",,,"2",,,,,,,,,"true","true",,,,,,,,"REAR",,,,,,,,,,,,,,,,,,,,,,,,,,,,,,,,,
"751012","JC456192","2019-10-01T14:00:00","2","PARKED",,"713432",,"JEEP","UNKNOWN","IL","2019","NONE","PASSENGER","PERSONAL","UNKNOWN","PARKED",,,"0",,,,,"true","true",,,,,,,,"false","false",,,"SIDE-RIGHT",,,,,,,,,,,,,,,,,,,,,,,,,,,,,,,,,
"750814","JC455880","2019-10-01T14:00:00","1","DRIVER","1","713239",,"HONDA","CIVIC",,"2013","UNKNOWN","PASSENGER","PERSONAL","N","CHANGING LANES",,,"2",,,,,,,,,,,,,,,"true",,,"TOTAL (ALL AREAS)",,,,,,,,,,,,,,,,,,,,,,,,,,,,,,,,,
"750815","JC455880","2019-10-01T14:00:00","2","DRIVER",,"713244",,"TOYOTA MOTOR COMPANY, LTD.","CAMRY","IL","2017","NONE","PASSENGER","TAXI/FOR HIRE","N","STRAIGHT AHEAD",,,"1",,,,,"true","true","true","true","true",,,,,,,,,"FRONT",,,,,,,,,,,,,,,,,,,,,,,,,,,,,,,,,
"750812","JC455818","2019-10-01T14:00:00","2","DRIVER",,"713258",,"HONDA","CRV","IL","2008","OTHER","PASSENGER","PERSONAL","W","OTHER",,,"1",,,,,,,,,,"true",,,,,,"false",,"REAR-LEFT",,,,,,,,,,,,,,,,,,,,,,,,,,,,,,,,,
"750813","JC455818","2019-10-01T14:00:00","3","DRIVER",,"713268",,"HONDA","UNKNOWN","IL","2007","OTHER","PASSENGER","PERSONAL","W","TURNING RIGHT",,,"1",,,,,,,,,,"true",,,,,,,,"REAR-LEFT",,,,,,,,,,,,,,,,,,,,,,,,,,,,,,,,,
"750733","JC455756","2019-10-01T14:00:00","1","DRIVER",,"713172",,"CADILLAC","SRX","IL","2014","NONE","SPORT UTILITY VEHICLE (SUV)","PERSONAL","N","U-TURN",,,"1",,,,,,,,,,,,,,,"true","true",,"OTHER",,,,,,,,,,,,,,,,,,,,,,,,,,,,,,,,,
"750734","JC455756","2019-10-01T14:00:00","2","DRIVER",,"713168",,"GENERAL MOTORS CORP.","SAVANNAH","IL","2010","NONE","SPORT UTILITY VEHICLE (SUV)","PERSONAL","N","STRAIGHT AHEAD",,,"1",,,,,,,,"true","true",,,,,,,,,"SIDE-RIGHT",,,,,,,,,,,,,,,,,,,,,,,,,,,,,,,,,
"750802","JC455832","2019-10-01T13:55:00","1","DRIVER",,"713226",,"HYUNDAI","Santa Fe","IL","2018","NONE","SPORT UTILITY VEHICLE (SUV)","PERSONAL","E","ENTERING TRAFFIC LANE FROM PARKING",,,"1",,,,,,,,,,,,,,,"true",,,"TOTAL (ALL AREAS)",,,,,,,,,,,,,,,,,,,,,,,,,,,,,,,,,
"750803","JC455832","2019-10-01T13:55:00","2","DRIVER","1","713237",,"NISSAN","NISSAN MAXIMA","IL","2008","NONE","PASSENGER","PERSONAL","S","AVOIDING VEHICLES/OBJECTS",,,"2",,,,,"true",,,,"true",,,,,,,,,"FRONT",,,,,,,,,,,,,,,,,,,,,,,,,,,,,,,,,
"750769","JC455753","2019-10-01T13:54:00","1","DRIVER",,"713211",,"AUDI","Q5","IL","2016","NONE","PASSENGER","PERSONAL","N","TURNING LEFT","true",,"1",,,,,"true","true",,,,,,,,"true","true","true",,,,,,,,,,,,,,,,,,,,,,,,,,,,,,,,,,,
"750770","JC455753","2019-10-01T13:54:00","2","DRIVER",,"713235",,"LINCOLN-CONTINENTAL","MKZ","IL","2012","UNKNOWN","PASSENGER","PERSONAL","S","STRAIGHT AHEAD",,,"1",,,,,"true","true",,,,"true",,,"true","true","true","true",,,,,,,,,,,,,,,,,,,,,,,,,,,,,,,,,,,
"754863","JC463134","2019-10-01T13:50:00","1","DRIVER",,"717050",,"HYUNDAI","ELANTRA","IL","2013","UNKNOWN","PASSENGER","UNKNOWN/NA","W","BACKING",,,"1",,,,,,,,,,"true",,,,,,,,"REAR-LEFT",,,,,,,,,,,,,,,,,,,,,,,,,,,,,,,,,
"754864","JC463134","2019-10-01T13:50:00","2","PARKED",,"717052",,"FORD","ESCAPE (SUV)","IL","2010","NONE","PASSENGER","PERSONAL","E","PARKED",,,"0",,,,,,,,,,,,,,,"true","true",,"OTHER",,,,,,,,,,,,,,,,,,,,,,,,,,,,,,,,,
"750722","JC455729","2019-10-01T13:45:00","2","DRIVER",,"713156",,"FORD","FUSION","IL","2013","NONE","PASSENGER","TAXI/FOR HIRE","W","STRAIGHT AHEAD",,,"1",,,,,,,"true","true",,,,,,,,,,"SIDE-RIGHT",,,,,,,,,,,,,,,,,,,,,,,,,,,,,,,,,
"750738","JC455709","2019-10-01T13:45:00","1","DRIVER",,"713188",,"TOYOTA MOTOR COMPANY, LTD.","Prius","IL","2014","NONE","PASSENGER","PERSONAL","UNKNOWN","BACKING",,,"1",,,,,,,,,,,"true","true","true",,,,,"SIDE-LEFT",,,,,,,,,,,,,,,,,,,,,,,,,,,,,,,,,
"750739","JC455709","2019-10-01T13:45:00","2","DRIVER",,"713193",,"TOYOTA MOTOR COMPANY, LTD.","RAV4 (sport utility)","IL","2006","NONE","PASSENGER","PERSONAL","UNKNOWN","OTHER",,,"1",,,,,"true","true","true","true",,,,,,,,,,"FRONT",,,,,,,,,,,,,,,,,,,,,,,,,,,,,,,,,
"751409","JC456939","2019-10-01T13:37:00","2","DRIVER",,"713801",,"CHEVROLET","CRUZE","IL","2018","NONE","PASSENGER","PERSONAL","SE","SLOW/STOP IN TRAFFIC",,,"1",,,,,,,,,"true","true","true",,,,,,,"REAR-LEFT",,,,,,,,,,,,,,,,,,,,,,,,,,,,,,,,,
"751150","JC456442","2019-10-01T13:30:00","2","PARKED",,"713551",,"JEEP","CHEROKEE","IL","2015","NONE","PASSENGER","PERSONAL","S","PARKED",,,"0",,,,,"true","true","false","false","false",,,,,,"true","true",,"OTHER",,,,,,,,,,,,,,,,,,,,,,,,,,,,,,,,,
"751151","JC456442","2019-10-01T13:30:00","3","PARKED",,"713553",,"TOYOTA MOTOR COMPANY, LTD.","CAMRY","IL","2009","UNKNOWN","UNKNOWN/NA","UNKNOWN/NA","S","UNKNOWN/NA",,,"0",,,,,,,,"true","true","true",,,,,,,,"REAR-LEFT",,,,,,,,,,,,,,,,,,,,,,,,,,,,,,,,,
"750756","JC455797","2019-10-01T13:30:00","1","DRIVER",,"713194",,"INTERNATIONAL TRAILER CORP.","INTERNATIONAL TRAILER CORP.","IL","2006","NONE","TRUCK - SINGLE UNIT","CONSTRUCTION/MAINTENANCE","W","BACKING",,,"1",,,,"true",,,,,,,,,,,,,,"NONE",,,,,,,,,,,,,,,,,,,,,,,,,,,,,,,,,
"750757","JC455797","2019-10-01T13:30:00","2","PARKED",,"713199",,"TOYOTA MOTOR COMPANY, LTD.","CAMRY","IL","2018","NONE","PASSENGER","PERSONAL","N","PARKED",,,"0",,,,,"true","true","true",,,,,,,,,,,"SIDE-RIGHT",,,,,,,,,,,,,,,,,,,,,,,,,,,,,,,,,
"750781","JC455736","2019-10-01T13:30:00","1","DRIVER",,"713219",,"DODGE","CARAVAN","WI","2018","NONE","VAN/MINI-VAN","COMMERCIAL - SINGLE UNIT","E","STRAIGHT AHEAD",,,"1",,,,,,,,,,,,,,,,"true",,"OTHER",,,,,,,,,,,,,,,,,,,,,,,,,,,,,,,,,
"750782","JC455736","2019-10-01T13:30:00","2","DRIVER",,"713242",,"CHEVROLET","Express (full-size van)",,"2015","NONE","VAN/MINI-VAN","PERSONAL","E","SLOW/STOP IN TRAFFIC",,,"1",,,,,,,,,,"true",,,,,,,,"REAR-LEFT",,,,,,,,,,,,,,,,,,,,,,,,,,,,,,,,,
"750773","JC455724","2019-10-01T13:30:00","1","DRIVER",,"713203",,"HONDA","CIVIC","IL","2008","NONE","PASSENGER","PERSONAL","W","STRAIGHT AHEAD",,,"1",,,,,,,,,,,,"true","true","true","true","true",,"TOTAL (ALL AREAS)",,,,,,,,,,,,,,,,,,,,,,,,,,,,,,,,,
"750740","JC455711","2019-10-01T13:30:00","1","DRIVER",,"713178",,"HONDA","ACCORD","IL","2014","NONE","PASSENGER","PERSONAL","S","STRAIGHT AHEAD",,,"1",,,,,,,,,,,,,,"true","true",,,"OTHER",,,,,,,,,,,,,,,,,,,,,,,,,,,,,,,,,
"750741","JC455711","2019-10-01T13:30:00","2","DRIVER",,"713190",,"TOYOTA MOTOR COMPANY, LTD.","CAMRY","IL","2014","NONE","PASSENGER","PERSONAL","W","STRAIGHT AHEAD",,,"1",,,,"true","true",,,,,,,,,,"true","true",,"OTHER",,,,,,,,,,,,,,,,,,,,,,,,,,,,,,,,,
"750828","JC455915","2019-10-01T13:26:00","1","DRIVER","1","713265",,"HONDA","Odyssey (minivan)","IL","2007","NONE","VAN/MINI-VAN","PERSONAL","E","STRAIGHT AHEAD",,,"2",,,,,"false",,,,,,,,,,"false","true",,"OTHER",,,,,,,,,,,,,,,,,,,,,,,,,,,,,,,,,
"750829","JC455915","2019-10-01T13:26:00","2","DRIVER",,"713273",,"TOYOTA MOTOR COMPANY, LTD.","RAV4 (sport utility)","IL","2013","NONE","SPORT UTILITY VEHICLE (SUV)","PERSONAL","E","STRAIGHT AHEAD",,,"1",,,,,,,,,,"true",,,,,,,,"REAR-LEFT",,,,,,,,,,,,,,,,,,,,,,,,,,,,,,,,,
"750840","JC455925","2019-10-01T13:25:00","1","DRIVER",,"713264",,"ACURA (DIV. OF AMERICAN HONDA MOTOR CO.)","MDX","IL","2010","UNKNOWN","PASSENGER","PERSONAL","N","STARTING IN TRAFFIC",,,"1",,,,,,,,,,,,,,,,"true",,"OTHER",,,,,,,,,,,,,,,,,,,,,,,,,,,,,,,,,
"750841","JC455925","2019-10-01T13:25:00","2","DRIVER",,"713269",,"TOYOTA MOTOR COMPANY, LTD.","Avalon","IL","2010","NONE","PASSENGER","PERSONAL","E","STRAIGHT AHEAD",,,"1",,,,,,,"true",,,,,,,,,,,"SIDE-RIGHT",,,,,,,,,,,,,,,,,,,,,,,,,,,,,,,,,
"750723","JC455721","2019-10-01T13:15:00","1","DRIVER",,"713158",,"HYUNDAI","UNKNOWN","IL","2014","NONE","PASSENGER","PERSONAL","W","STRAIGHT AHEAD",,,"1",,,,,"true","true",,,,,,"true",,,,,,"FRONT",,,,,,,,,,,,,,,,,,,,,,,,,,,,,,,,,
"750724","JC455721","2019-10-01T13:15:00","2","DRIVER",,"713167",,"NISSAN","NISSAN ALTIMA","IL","2015","NONE","PASSENGER","PERSONAL","S","STRAIGHT AHEAD",,,"1",,,,,,,,,,,,"true","true",,,,,"FRONT-LEFT",,,,,,,,,,,,,,,,,,,,,,,,,,,,,,,,,
"750731","JC455710","2019-10-01T13:15:00","2","PARKED",,"713175",,"FORD","ESCAPE (SUV)","IL","2018","UNKNOWN","PASSENGER","PERSONAL","W","PARKED",,,"0",,,,,,,,"true","true",,,,,,,,,"REAR",,,,,,,,,,,,,,,,,,,,,,,,,,,,,,,,,
"750717","JC455713","2019-10-01T13:10:00","1","DRIVER",,"713152",,"HYUNDAI","TUCSON","IL","2013","UNKNOWN","PASSENGER","PERSONAL","E","STRAIGHT AHEAD",,,"1",,,,,"true",,,,,,,,,,"true","true",,"OTHER",,,,,,,,,,,,,,,,,,,,,,,,,,,,,,,,,
"750718","JC455713","2019-10-01T13:10:00","2","DRIVER",,"713155",,"TOYOTA MOTOR COMPANY, LTD.","Highlander(beginning vehicle year 2001)","IL","2019","UNKNOWN","PASSENGER","PERSONAL","E","STRAIGHT AHEAD",,,"1",,,,,,,,"true","true","true","true","true",,,,,,"REAR-LEFT",,,,,,,,,,,,,,,,,,,,,,,,,,,,,,,,,
"750701","JC455674","2019-10-01T13:10:00","2","DRIVER",,"713142",,"CHEVROLET","UNKNOWN","IL","2009","NONE","PASSENGER","PERSONAL","E","STRAIGHT AHEAD",,,"3",,,,,,,,,"true","true",,,,,,,,"REAR-LEFT",,,,,,,,,,,,,,,,,,,,,,,,,,,,,,,,,
"752915","JC459591","2019-10-01T13:00:00","1","DRIVER",,"715266",,"LAND ROVER","LAND ROVER","IL","2007","UNKNOWN","SPORT UTILITY VEHICLE (SUV)","UNKNOWN/NA","E","TURNING RIGHT",,,"1",,,,,,,,,,,,,,,"true",,,"UNDER CARRIAGE",,,,,,,,,,,,,,,,,,,,,,,,,,,,,,,,,
"752916","JC459591","2019-10-01T13:00:00","2","PARKED",,"715277",,"CHEVROLET","TAHOE","IL","2011","UNKNOWN","SPORT UTILITY VEHICLE (SUV)","POLICE","E","PARKED IN TRAFFIC LANE",,,"0",,,,,,,,,,,"true",,,,,,,"FRONT-LEFT",,,,,,,,,,,,,,,,,,,,,,,,,,,,,,,,,
"751548","JC455699","2019-10-01T13:00:00","2","DRIVER",,"713935",,"KIA MOTORS CORP","FORTE","IL","2019","NONE","PASSENGER","PERSONAL","N","STRAIGHT AHEAD","true",,"1",,"er",,,,,,"true","true",,,,,,,,,"REAR-RIGHT",,,,,,,,,,,,,,,,,,,,,,,,,,,,,,,,,
"750695","JC455628","2019-10-01T12:47:00","2","DRIVER",,"713150",,"HYUNDAI","SONATA","IL","2016","NONE","PASSENGER","PERSONAL","S","STRAIGHT AHEAD",,,"1",,,,,,,,,"true","true","true",,,,,,,"REAR-LEFT",,,,,,,,,,,,,,,,,,,,,,,,,,,,,,,,,
"750719","JC455732","2019-10-01T12:42:00","1","DRIVER",,"713157",,"DODGE","JOURNEY","IL","2009","NONE","PASSENGER","PERSONAL","N","STRAIGHT AHEAD",,,"1",,,,,"true",,,,,,,,,,,,,"FRONT",,,,,,,,,,,,,,,,,,,,,,,,,,,,,,,,,
"750720","JC455732","2019-10-01T12:42:00","2","PARKED",,"713164",,"FORD","F150","IL","2006","NONE","PASSENGER","PERSONAL","S","PARKED",,,"0",,,,,"true","true","true",,,,,,,,,,,"SIDE-RIGHT",,,,,,,,,,,,,,,,,,,,,,,,,,,,,,,,,
"750674","JC455630","2019-10-01T12:22:00","1","DRIVER",,"713121",,"HONDA","UNKNOWN","IL","2009","UNKNOWN","PASSENGER","UNKNOWN/NA","N","TURNING LEFT",,,"1",,,,,,,,,,,,,,,,,,"UNKNOWN",,,,,,,,,,,,,,,,,,,,,,,,,,,,,,,,,
"750705","JC455680","2019-10-01T12:20:00","2","PARKED",,"713141",,"TOYOTA MOTOR COMPANY, LTD.","CAMRY",,"2015","NONE","PASSENGER","NOT IN USE","S","PARKED",,,"0",,,,,,,,,,,"true","true","true","true",,,,"ROOF",,,,,,,,,,,,,,,,,,,,,,,,,,,,,,,,,
"750668","JC455617","2019-10-01T12:20:00","2","DRIVER",,"713106",,"CHEVROLET","MALIBU (CHEVELLE)","IL","2011","NONE","PASSENGER","PERSONAL","W","SLOW/STOP IN TRAFFIC",,,"1",,,,,,,,,"true",,,,,,,,,"REAR",,,,,,,,,,,,,,,,,,,,,,,,,,,,,,,,,