"crash_unit_id","rd_no","crash_date","unit_no","unit_type","num_passengers","vehicle_id","cmrc_veh_i","make","model","lic_plate_state","vehicle_year","vehicle_defect","vehicle_type","vehicle_use","travel_direction","maneuver","towed_i","fire_i","occupant_cnt","exceed_speed_limit_i","towed_by","towed_to","area_00_i","area_01_i","area_02_i","area_03_i","area_04_i","area_05_i","area_06_i","area_07_i","area_08_i","area_09_i","area_10_i","area_11_i","area_12_i","area_99_i","first_contact_point","cmv_id","usdot_no","ccmc_no","ilcc_no","commercial_src","gvwr","carrier_name","carrier_state","carrier_city","hazmat_placards_i","hazmat_name","un_no","hazmat_present_i","hazmat_report_i","hazmat_report_no","mcs_report_i","mcs_report_no","hazmat_vio_cause_crash_i","mcs_vio_cause_crash_i","idot_permit_no","wide_load_i","trailer1_width","trailer2_width","trailer1_length","trailer2_length","total_vehicle_length","axle_cnt","vehicle_config","cargo_body_type","load_type","hazmat_out_of_service_i","mcs_out_of_service_i","hazmat_class"
"750391","JC454929","2019-09-30T17:00:00","2","PARKED",,"712852",,"NISSAN","NISSAN ALTIMA","IL","2015","NONE","PASSENGER","NOT IN USE","E","PARKED",,,"0",,,,,,,,,,,"true",,,,,,,"SIDE-LEFT",,,,,,,,,,,,,,,,,,,,,,,,,,,,,,,,,
"750240","JC454676","2019-09-30T17:00:00","1","DRIVER",,"712702",,"GENERAL MOTORS CORP.","ACADIA","IL","2011","NONE","PASSENGER","PERSONAL","E","TURNING LEFT",,,"1",,,,,"true",,,,,,,,,,,"true",,"FRONT",,,,,,,,,,,,,,,,,,,,,,,,,,,,,,,,,
"750241","JC454676","2019-09-30T17:00:00","2","DRIVER",,"712711",,"FORD","ESCAPE (SUV)","IL","2016","NONE","SPORT UTILITY VEHICLE (SUV)","PERSONAL","E","STRAIGHT AHEAD",,,"1",,,,,,,,,,"true","true",,,,,,,"SIDE-LEFT",,,,,,,,,,,,,,,,,,,,,,,,,,,,,,,,,
"750279","JC454656","2019-09-30T17:00:00","1","DRIVER",,"712740",,"LEXUS","LS460","IL","2009","NONE","PASSENGER","PERSONAL","S","STRAIGHT AHEAD",,,"1",,,,,,,,,,,,,,,"true",,,"TOTAL (ALL AREAS)",,,,,,,,,,,,,,,,,,,,,,,,,,,,,,,,,
"750280","JC454656","2019-09-30T17:00:00","2","DRIVER",,"712769",,"DODGE","CHARGER","IL","2008","NONE","PASSENGER","PERSONAL","S","STRAIGHT AHEAD",,,"1",,,,,,,,,,,"true",,,,,,,"SIDE-LEFT",,,,,,,,,,,,,,,,,,,,,,,,,,,,,,,,,
"750281","JC454656","2019-09-30T17:00:00","3","DRIVER","1","712778",,"HYUNDAI","TUCSON",,"2018","NONE","PASSENGER","PERSONAL","S","STRAIGHT AHEAD",,,"2",,,,,,,,,,"true",,,,,,,,"REAR-LEFT",,,,,,,,,,,,,,,,,,,,,,,,,,,,,,,,,
"750263","JC454658","2019-09-30T16:55:00","1","DRIVER","1","712726","false","UNKNOWN","UNKNOWN","IL","2016","NONE","BUS OVER 15 PASS.","SCHOOL BUS","S","STRAIGHT AHEAD",,,"2",,,,,,,,,"true",,,,,,,,,"REAR-RIGHT",,,,,,,,,,,,,,,,,,,,,,,,,,,,,,,,,
"750236","JC454648","2019-09-30T16:55:00","1","DRIVER","1","712694",,"SUBARU","LEGACY","IN","2019","UNKNOWN","PASSENGER","PERSONAL","W","UNKNOWN/NA",,,"2",,,,,,,,"true",,,,,,,,,,"REAR-RIGHT",,,,,,,,,,,,,,,,,,,,,,,,,,,,,,,,,
"750310","JC454763","2019-09-30T16:53:00","2","DRIVER",,"712775",,"TOYOTA MOTOR COMPANY, LTD.","Avalon","IL","2016","NONE","PASSENGER","PERSONAL","E","STRAIGHT AHEAD",,,"1",,,,,,,,,"true","true","true",,,,,,,"REAR-LEFT",,,,,,,,,,,,,,,,,,,,,,,,,,,,,,,,,
"750419","JC454967","2019-09-30T16:50:00","1","DRIVER",,"712880",,"FORD","ESCAPE (SUV)","IL","2008","UNKNOWN","SPORT UTILITY VEHICLE (SUV)","UNKNOWN/NA","N","OTHER",,,"1",,,,,,,,,,,,,,,"true",,,"TOTAL (ALL AREAS)",,,,,,,,,,,,,,,,,,,,,,,,,,,,,,,,,
"750420","JC454967","2019-09-30T16:50:00","2","DRIVER",,"712882",,"MAZDA","Mazda 3","IL","2011","UNKNOWN","PASSENGER","PERSONAL","N","SLOW/STOP IN TRAFFIC",,,"1",,,,,,,,"true","true",,,,,,,,,"REAR",,,,,,,,,,,,,,,,,,,,,,,,,,,,,,,,,
"750270","JC454628","2019-09-30T16:50:00","1","DRIVER",,"712738",,"TOYOTA MOTOR COMPANY, LTD.","RAV4 (sport utility)","IL","2017","UNKNOWN","SPORT UTILITY VEHICLE (SUV)","PERSONAL","N","STRAIGHT AHEAD","true",,"1",,"private",,,"true",,,,,,,,,,"true",,,"FRONT",,,,,,,,,,,,,,,,,,,,,,,,,,,,,,,,,
"750271","JC454628","2019-09-30T16:50:00","2","DRIVER",,"712730",,"HONDA","FIT","IL","2013","UNKNOWN","PASSENGER","PERSONAL","N","STRAIGHT AHEAD",,,"1",,,,,,,,,,,,,"true",,,,,"ROOF",,,,,,,,,,,,,,,,,,,,,,,,,,,,,,,,,
"750272","JC454628","2019-09-30T16:50:00","3","DRIVER",,"712752",,"CHEVROLET","C K 3500","IL","2018","UNKNOWN","VAN/MINI-VAN","OTHER","N","OTHER",,,"1",,,,,,,,,"true",,,,,,,,,"FRONT-LEFT",,,,,,,,,,,,,,,,,,,,,,,,,,,,,,,,,
"750250","JC454615","2019-09-30T16:46:00","1","DRIVER","3","712710","true","FORD","ECONOLINE E350","IL","2008","NONE","VAN/MINI-VAN","COMMERCIAL - SINGLE UNIT","E","TURNING LEFT",,,"4",,,,,"true","true",,,,,,,,,,"true",,"FRONT","8288",,,,,,"CRISTO REY WORK STUDY PROGRAM INC.","IL","CHICAGO",,,,,,,,,,,,,,,,,,,,,,,,
"750248","JC454646","2019-09-30T16:45:00","1","DRIVER",,"712707",,"TOYOTA MOTOR COMPANY, LTD.","Prius","IL","2007","NONE","PASSENGER","PERSONAL","W","TURNING LEFT",,,"1",,,,,,,,,,,,,,,"true",,,"TOTAL (ALL AREAS)",,,,,,,,,,,,,,,,,,,,,,,,,,,,,,,,,
"750249","JC454646","2019-09-30T16:45:00","2","DRIVER",,"712719",,"MAZDA","MX3","IL","2006","NONE","PASSENGER","PERSONAL","S","STRAIGHT AHEAD",,,"1",,,,,,,,,,,,,,,"true",,,"TOTAL (ALL AREAS)",,,,,,,,,,,,,,,,,,,,,,,,,,,,,,,,,
"750205","JC454606","2019-09-30T16:45:00","2","PARKED",,"712687",,"HONDA","ACCORD","IL","2012","NONE","PASSENGER","PERSONAL","N","PARKED",,,"0",,,,,,,,,,,,,,,"true",,,"TOTAL (ALL AREAS)",,,,,,,,,,,,,,,,,,,,,,,,,,,,,,,,,
"750169","JC454601","2019-09-30T16:45:00","1","DRIVER",,"712632",,"TOYOTA MOTOR COMPANY, LTD.","COROLLA","IL","2020","NONE","PASSENGER","PERSONAL","NW","U-TURN",,,"1",,,,,,,,,,,,,,,"true","true",,"TOTAL (ALL AREAS)",,,,,,,,,,,,,,,,,,,,,,,,,,,,,,,,,
"750170","JC454601","2019-09-30T16:45:00","2","DRIVER",,"712645",,"NISSAN","Frontier",,"2010","NONE","PICKUP","PERSONAL","N","SLOW/STOP IN TRAFFIC",,,"1",,,,,"true","true","true","true",,,,,,,,,,"SIDE-RIGHT",,,,,,,,,,,,,,,,,,,,,,,,,,,,,,,,,
"750176","JC454571","2019-09-30T16:45:00","2","DRIVER","1","712651",,"HONDA","ACCORD","IL","2016","NONE","PASSENGER","PERSONAL","N","STRAIGHT AHEAD",,,"2",,,,,,,"true",,,,,,,,,,,"SIDE-RIGHT",,,,,,,,,,,,,,,,,,,,,,,,,,,,,,,,,
"750196","JC454582","2019-09-30T16:44:00","2","DRIVER","9","712661",,"PREVOST CAR, BUS, SAINTE CLAIRE, QUEBEC","PREVOST CAR, (""PREVOST BUS;"" SAINTE CLAIRE, QUEBEC","IL","2016","UNKNOWN","BUS OVER 15 PASS.","CTA","S","STRAIGHT AHEAD",,,"10",,,,,,,,,,,,,,,,,,"OTHER",,,,,,,,,,,,,,,,,,,,,,,,,,,,,,,,,
"750145","JC454531","2019-09-30T16:36:00","2","DRIVER",,"712625",,"DODGE","CARAVAN","IL","2006","NONE","PASSENGER","PERSONAL","E","STRAIGHT AHEAD",,,"1",,,,,,,,,,,,"true","true",,,,,"FRONT-LEFT",,,,,,,,,,,,,,,,,,,,,,,,,,,,,,,,,
"750430","JC445014","2019-09-30T16:35:00","1","DRIVER",,"712888",,"DODGE","UNKNOWN","IL","2018","UNKNOWN","VAN/MINI-VAN","TAXI/FOR HIRE","W","BACKING",,,"1",,,,"true",,,,,,,,,,,,,,"FRONT-LEFT",,,,,,,,,,,,,,,,,,,,,,,,,,,,,,,,,
"750431","JC445014","2019-09-30T16:35:00","2","DRIVER",,"712891",,"CHEVROLET","MALIBU (CHEVELLE)","IL","2013","UNKNOWN","PASSENGER","UNKNOWN/NA","N","SLOW/STOP IN TRAFFIC",,,"1",,,,,,,"true",,,,,,,,,,,"SIDE-RIGHT",,,,,,,,,,,,,,,,,,,,,,,,,,,,,,,,,
"750200","JC454640","2019-09-30T16:30:00","2","DRIVER","3","712660",,"TOYOTA MOTOR COMPANY, LTD.","CAMRY","IL","2017","NONE","PASSENGER","TAXI/FOR HIRE","S","OTHER",,,"4",,,,,,,,,,,"true","true",,,,,,"ROOF",,,,,,,,,,,,,,,,,,,,,,,,,,,,,,,,,
"750227","JC454632","2019-09-30T16:30:00","2","DRIVER",,"712698",,"HYUNDAI","SONATA","IL","2015","UNKNOWN","PASSENGER","PERSONAL","UNKNOWN","BACKING",,,"1",,,,,,,,,,"true",,,,,,,,"REAR-LEFT",,,,,,,,,,,,,,,,,,,,,,,,,,,,,,,,,
"750265","JC454619","2019-09-30T16:30:00","1","DRIVER",,"712731",,"CHEVROLET","MONTE CARLO","IL","2007","NONE","PASSENGER","PERSONAL","S","PASSING/OVERTAKING","true",,"1",,"unknown","unknown",,,,,,,,,,,,"true",,,"UNDER CARRIAGE",,,,,,,,,,,,,,,,,,,,,,,,,,,,,,,,,
"750266","JC454619","2019-09-30T16:30:00","2","DRIVER","1","712755",,"CADILLAC","CTS","IL","2006","NONE","PASSENGER","PERSONAL","S","STRAIGHT AHEAD","true",,"2",,"unknown","unknown",,"true",,,,,,,,,,"true",,,"OTHER",,,,,,,,,,,,,,,,,,,,,,,,,,,,,,,,,
"750267","JC454619","2019-09-30T16:30:00","3","DRIVER","1","712771",,"TOYOTA MOTOR COMPANY, LTD.","Avalon","IL","2016","NONE","PASSENGER","PERSONAL","S","SLOW/STOP IN TRAFFIC",,,"2",,,,,,,,,"true",,,,,,,,,"REAR-RIGHT",,,,,,,,,,,,,,,,,,,,,,,,,,,,,,,,,
"750193","JC454598","2019-09-30T16:30:00","1","DRIVER",,"712666","false","PETERBILT MOTORS CO., DIVISION PACCAR, INC.","PETERBILT MOTORS CO., DIVISION PACCAR, INC.","IL","2015","UNKNOWN","TRUCK - SINGLE UNIT","COMMERCIAL - SINGLE UNIT","E","BACKING",,,"1",,,,"true",,,,,,,,,,,,,,"REAR-RIGHT",,,,,,,,,,,,,,,,,,,,,,,,,,,,,,,,,
"750194","JC454598","2019-09-30T16:30:00","2","DRIVER",,"712684",,"HONDA","CRV","IL","2009","NONE","PASSENGER","PERSONAL","N","SLOW/STOP IN TRAFFIC",,,"1",,,,,"true",,,,,,,,,,"true","true",,"OTHER",,,,,,,,,,,,,,,,,,,,,,,,,,,,,,,,,
"750201","JC454591","2019-09-30T16:30:00","1","DRIVER",,"712664",,"JEEP","UNKNOWN","IL","2011","UNKNOWN","PASSENGER","PERSONAL","SE","SKIDDING/CONTROL LOSS","true",,"1",,"PRIVATE TOW",,,"true",,,,,,,,,,"true","true",,"OTHER",,,,,,,,,,,,,,,,,,,,,,,,,,,,,,,,,
"750202","JC454591","2019-09-30T16:30:00","2","DRIVER",,"712680",,"CHEVROLET","MALIBU (CHEVELLE)","IL","2017","UNKNOWN","PASSENGER","PERSONAL","S","SLOW/STOP IN TRAFFIC","true",,"1",,"PRIVATE TOW",,,"true",,,,,,,,,,"true",,,"FRONT",,,,,,,,,,,,,,,,,,,,,,,,,,,,,,,,,
"750224","JC454556","2019-09-30T16:30:00","1","DRIVER","1","712673",,"AUDI","QUATRRO","IN","2013","UNKNOWN","UNKNOWN/NA","PERSONAL","W","STRAIGHT AHEAD",,,"2",,,,,"true","true","true","false",,,,,,,,,,"SIDE-RIGHT",,,,,,,,,,,,,,,,,,,,,,,,,,,,,,,,,
"750207","JC454547","2019-09-30T16:25:00","2","DRIVER",,"712674",,"LEXUS","UNKNOWN","IL","2007","UNKNOWN","PASSENGER","PERSONAL","N","STRAIGHT AHEAD",,,"1",,,,,,,,,,,,,,,"true",,,"TOTAL (ALL AREAS)",,,,,,,,,,,,,,,,,,,,,,,,,,,,,,,,,
"750282","JC454729","2019-09-30T16:20:00","1","DRIVER",,"712732",,"BMW","BMW","IL","2013","NONE","PASSENGER","PERSONAL","W","STRAIGHT AHEAD",,,"1",,,,,"true","true",,,,,,,,,,,,"SIDE-RIGHT",,,,,,,,,,,,,,,,,,,,,,,,,,,,,,,,,
"750372","JC454655","2019-09-30T16:15:00","1","DRIVER","1","712834",,"SUBARU","IMPREZA","IL","2014","NONE","PASSENGER","PERSONAL","S","STRAIGHT AHEAD",,,"2",,,,,"true",,,,,,,,,,"true","true",,"OTHER",,,,,,,,,,,,,,,,,,,,,,,,,,,,,,,,,
"750374","JC454655","2019-09-30T16:15:00","3","DRIVER",,"712854",,"CHEVROLET","Express (full-size van)","IN","2017","NONE","VAN/MINI-VAN","CONSTRUCTION/MAINTENANCE","N","STRAIGHT AHEAD",,,"1",,,,,,,,,"true","true","true",,,,,,,"REAR-LEFT",,,,,,,,,,,,,,,,,,,,,,,,,,,,,,,,,
"750146","JC454534","2019-09-30T16:15:00","1","DRIVER",,"712610",,"DODGE","CHARGER","IL","2018","NONE","PASSENGER","PERSONAL","S","STARTING IN TRAFFIC",,,"1",,,,,"true",,,,,,,,,,"true","true",,"TOTAL (ALL AREAS)",,,,,,,,,,,,,,,,,,,,,,,,,,,,,,,,,
"750183","JC454618","2019-09-30T16:05:00","1","DRIVER",,"712644",,"JEEP","CHEROKEE","IL","2016","NONE","SPORT UTILITY VEHICLE (SUV)","PERSONAL","S","STRAIGHT AHEAD",,,"1",,,,,,,,,,,,,,,"true",,,"TOTAL (ALL AREAS)",,,,,,,,,,,,,,,,,,,,,,,,,,,,,,,,,
"750184","JC454618","2019-09-30T16:05:00","2","DRIVER",,"712655",,"NISSAN","SENTRA (DATSUN AND NISSAN HAVE MERGED)","IL","2016","NONE","PASSENGER","PERSONAL","S","STRAIGHT AHEAD",,,"1",,,,,,,,,,"true",,,,,,,,"REAR-LEFT",,,,,,,,,,,,,,,,,,,,,,,,,,,,,,,,,
"750278","JC454558","2019-09-30T16:04:00","1","DRIVER",,"712749",,"TOYOTA MOTOR COMPANY, LTD.","RAV4 (sport utility)","IL","2019","UNKNOWN","SPORT UTILITY VEHICLE (SUV)","UNKNOWN/NA","W","STRAIGHT AHEAD",,,"1",,,,,,,,,,,,,,"true","true",,,"TOTAL (ALL AREAS)",,,,,,,,,,,,,,,,,,,,,,,,,,,,,,,,,
"750277","JC454558","2019-09-30T16:04:00","2","DRIVER",,"712782",,"CADILLAC","Escalade","IL","2008","NONE","PASSENGER","PERSONAL","N","STRAIGHT AHEAD",,,"1",,,,,"true",,,,,,,,,,,"true",,"FRONT",,,,,,,,,,,,,,,,,,,,,,,,,,,,,,,,,
"752157","JC458295","2019-09-30T16:00:00","2","DRIVER","1","714525",,"LINCOLN-CONTINENTAL","MKX","IL","2016","UNKNOWN","PASSENGER","PERSONAL","W","SLOW/STOP IN TRAFFIC",,,"2",,,,,"true","true",,,,,,,,,,,,"FRONT",,,,,,,,,,,,,,,,,,,,,,,,,,,,,,,,,
"750181","JC454622","2019-09-30T16:00:00","1","DRIVER",,"712646",,"CHEVROLET","UNKNOWN","IL","2014","UNKNOWN","PASSENGER","PERSONAL","UNKNOWN","STRAIGHT AHEAD",,,"1",,,,,"true","true",,,,,,,,,,,,"FRONT",,,,,,,,,,,,,,,,,,,,,,,,,,,,,,,,,
"750122","JC454521","2019-09-30T16:00:00","1","DRIVER",,"712593",,"FORD","F150","IL","2015","UNKNOWN","PICKUP","UNKNOWN/NA","E","STRAIGHT AHEAD",,,"1",,,,,,,,,,,,,,,,"true",,"OTHER",,,,,,,,,,,,,,,,,,,,,,,,,,,,,,,,,
"750123","JC454521","2019-09-30T16:00:00","2","DRIVER",,"712604",,"HONDA","RIDGELINE","IL","2008","UNKNOWN","PASSENGER","PERSONAL","E","STRAIGHT AHEAD",,,"1",,,,,,,,,,"true",,,,,,,,"REAR-LEFT",,,,,,,,,,,,,,,,,,,,,,,,,,,,,,,,,
"750116","JC454504","2019-09-30T16:00:00","1","DRIVER","1","712589","false","FORD","UNKNOWN","IL","2008","NONE","TRUCK - SINGLE UNIT","COMMERCIAL - SINGLE UNIT","W","STRAIGHT AHEAD",,,"2",,,,"true",,,,,,,,,,,,,,"OTHER",,,,,,,,,,,,,,,,,,,,,,,,,,,,,,,,,
"750117","JC454504","2019-09-30T16:00:00","2","DRIVER",,"712620",,"CHRYSLER","200","IL","2011","NONE","PASSENGER","PERSONAL","W","SLOW/STOP IN TRAFFIC",,,"1",,,,,,,,,"true","true","true",,,,,,,"REAR-LEFT",,,,,,,,,,,,,,,,,,,,,,,,,,,,,,,,,
"750238","JC454561","2019-09-30T15:57:00","1","DRIVER",,"712693",,"JEEP","PATRIOT","IL","2015","UNKNOWN","SPORT UTILITY VEHICLE (SUV)","PERSONAL","N","STRAIGHT AHEAD",,,"1",,,,,,,,,,,,,,,"true",,,"TOTAL (ALL AREAS)",,,,,,,,,,,,,,,,,,,,,,,,,,,,,,,,,
"750239","JC454561","2019-09-30T15:57:00","2","DRIVER",,"712706",,"NISSAN","NISSAN ALTIMA","OH","2018","NONE","PASSENGER","PERSONAL","E","ENTER FROM DRIVE/ALLEY","true",,"1",,"LYFT","UNK",,"true",,,,,,,,,,,,,"FRONT-RIGHT",,,,,,,,,,,,,,,,,,,,,,,,,,,,,,,,,
"750230","JC454532","2019-09-30T15:56:00","1","DRIVER",,"712690",,"CHEVROLET","TRAVERSE","IL","2016","NONE","PASSENGER","PERSONAL","W","STRAIGHT AHEAD",,,"2",,,,,,,,,,,,"true",,,,,,"FRONT-LEFT",,,,,,,,,,,,,,,,,,,,,,,,,,,,,,,,,
"750231","JC454532","2019-09-30T15:56:00","2","DRIVER","1","712728",,"CHEVROLET","SPECTRUM (INCLUDES GEO SPECTRUM IN 1989)","IL","2014","NONE","PASSENGER","PERSONAL","W","STRAIGHT AHEAD","true",,"2",,"E&R","104 doty",,,"true","true","true",,,,,,,,,,"REAR-RIGHT",,,,,,,,,,,,,,,,,,,,,,,,,,,,,,,,,
"750137","JC454555","2019-09-30T15:55:00","2","DRIVER","2","712611",,"JEEP","UNKNOWN","IL","2006","NONE","SPORT UTILITY VEHICLE (SUV)","PERSONAL","S","SLOW/STOP IN TRAFFIC",,,"3",,,,,,,,,,"true",,,,,,,,"REAR-LEFT",,,,,,,,,,,,,,,,,,,,,,,,,,,,,,,,,
"750707","JC455695","2019-09-30T15:50:00","1","DRIVER",,"713174",,"HONDA","CRV","IL","2019","UNKNOWN","SPORT UTILITY VEHICLE (SUV)","UNKNOWN/NA","UNKNOWN","STRAIGHT AHEAD",,,"1",,,,,"true",,,,,,,,,,"false",,,"TOTAL (ALL AREAS)",,,,,,,,,,,,,,,,,,,,,,,,,,,,,,,,,
"750708","JC455695","2019-09-30T15:50:00","2","DRIVER",,"713184",,"TOYOTA MOTOR COMPANY, LTD.","Prius","IL","2008","UNKNOWN","PASSENGER","TAXI/FOR HIRE","UNKNOWN","STRAIGHT AHEAD",,,"1",,,,,,,,,,,,,,,"true",,,"OTHER",,,,,,,,,,,,,,,,,,,,,,,,,,,,,,,,,
"750167","JC454509","2019-09-30T15:50:00","1","DRIVER",,"712630","false","GENERAL MOTORS CORP.","GENERAL MOTORS CORP.","VA","2019","UNKNOWN","TRUCK - SINGLE UNIT","COMMERCIAL - SINGLE UNIT","S","TURNING LEFT",,,"1",,,,,,,,,,,,,"true",,,,,"ROOF",,,,,,,,,,,,,,,,,,,,,,,,,,,,,,,,,
"750162","JC454509","2019-09-30T15:50:00","2","PARKED",,"712679",,"TOYOTA MOTOR COMPANY, LTD.","RAV4 (sport utility)","IL","2008","UNKNOWN","PASSENGER","NOT IN USE","S","PARKED",,,"0",,,,,"true",,,,,,,,,,,,,"FRONT",,,,,,,,,,,,,,,,,,,,,,,,,,,,,,,,,
"750213","JC454616","2019-09-30T15:48:00","2","DRIVER",,"712682",,"DODGE","RAM 3500 PU","IL","2017","UNKNOWN","PICKUP","PERSONAL","S","TURNING LEFT","true",,"1",,"pricate tow",,,,,,,,,"true","true","true",,,,,"FRONT-LEFT",,,,,,,,,,,,,,,,,,,,,,,,,,,,,,,,,
"750173","JC454553","2019-09-30T15:46:00","1","DRIVER",,"712637",,"TOYOTA MOTOR COMPANY, LTD.","Prius","IL","2010","NONE","PASSENGER","PERSONAL","E","TURNING LEFT","true",,"1",,"PRIVATE TOW",,,"true","true",,,,,,,,"false","false","true",,"FRONT",,,,,,,,,,,,,,,,,,,,,,,,,,,,,,,,,
"750104","JC454488","2019-09-30T15:45:00","1","DRIVER",,"712572",,"ISUZU","ISUZU","IL","2017","NONE","PASSENGER","PERSONAL","W","TURNING LEFT",,,"1",,,,,,,,,,,,,,,,"true",,"OTHER",,,,,,,,,,,,,,,,,,,,,,,,,,,,,,,,,
"750105","JC454488","2019-09-30T15:45:00","2","DRIVER",,"712577",,"CHEVROLET","SILVERADO","IL","2011","NONE","PASSENGER","PERSONAL","W","STRAIGHT AHEAD",,,"1",,,,,,,,,,"true",,,,,,,,"REAR-LEFT",,,,,,,,,,,,,,,,,,,,,,,,,,,,,,,,,
"750214","JC454649","2019-09-30T15:40:00","1","DRIVER",,"712668",,"INFINITI","G37","IL","2012","NONE","PASSENGER","PERSONAL","N","TURNING RIGHT",,,"1",,,,,,,,,,,,,,"true","true",,,"TOTAL (ALL AREAS)",,,,,,,,,,,,,,,,,,,,,,,,,,,,,,,,,
"750155","JC454505","2019-09-30T15:35:00","1","DRIVER","1","712621",,"NISSAN","UNKNOWN","IL","2015","UNKNOWN","PASSENGER","PERSONAL","N","STRAIGHT AHEAD",,,"2",,,,,"true",,,,,,,,,,,,,"FRONT",,,,,,,,,,,,,,,,,,,,,,,,,,,,,,,,,
"750156","JC454505","2019-09-30T15:35:00","2","DRIVER","1","712633",,"LEXUS","RX350","IL","2013","UNKNOWN","PASSENGER","PERSONAL","SE","TURNING LEFT",,,"2",,,,,,,,,"true",,,,,,,,,"REAR",,,,,,,,,,,,,,,,,,,,,,,,,,,,,,,,,
"750114","JC454484","2019-09-30T15:31:00","1","DRIVER",,"712581",,"NISSAN","UNKNOWN","IL","2016","UNKNOWN","PASSENGER","UNKNOWN/NA","E","STRAIGHT AHEAD",,,"1",,,,,,,,,,,,,,,,,"true","OTHER",,,,,,,,,,,,,,,,,,,,,,,,,,,,,,,,,
"750223","JC454620","2019-09-30T15:30:00","2","DRIVER",,"712729",,"HONDA","ACCORD","IL","2013","NONE","PASSENGER","PERSONAL","N","STRAIGHT AHEAD",,,"1",,,,,,,,,,,,"true",,,,,,"FRONT-LEFT",,,,,,,,,,,,,,,,,,,,,,,,,,,,,,,,,
"750151","JC454540","2019-09-30T15:30:00","1","DRIVER",,"712612","true","FORD","F550","IL","2008","UNKNOWN","PICKUP","COMMERCIAL - SINGLE UNIT","W","CHANGING LANES",,,"1",,,,,,,,,,,,,,,,,"true","SIDE-LEFT","8285",,,,,"2","OMALLEY QUALITY CONSTRUCTION INC","IL","CHICAGO",,,,"N","U",,"U",,"U","U",,,,,,,,,"TRUCK/TRAILER","FLATBED","UNKNOWN","false","false",
"750152","JC454540","2019-09-30T15:30:00","2","DRIVER",,"712623",,"DODGE","CARAVAN","IL","2006","NONE","PASSENGER","PERSONAL","W","STRAIGHT AHEAD",,,"1",,,,,"true",,,,,,,,,,,,,"FRONT",,,,,,,,,,,,,,,,,,,,,,,,,,,,,,,,,
"750179","JC454519","2019-09-30T15:30:00","1","DRIVER",,"712643",,"TOYOTA MOTOR COMPANY, LTD.","UNKNOWN","IL","2016","UNKNOWN","PASSENGER","PERSONAL","E","PASSING/OVERTAKING",,,"1",,,,,,,,,,,,,,,,,"true","UNKNOWN",,,,,,,,,,,,,,,,,,,,,,,,,,,,,,,,,
"750180","JC454519","2019-09-30T15:30:00","2","DRIVER","1","712658",,"LEXUS","UNKNOWN","IL","2010","UNKNOWN","PASSENGER","PERSONAL","E","STRAIGHT AHEAD",,,"2",,,,,,,,,,"false","true",,,,,,,"SIDE-LEFT",,,,,,,,,,,,,,,,,,,,,,,,,,,,,,,,,
"750159","JC454465","2019-09-30T15:26:00","1","DRIVER","8","712626",,"ICL CARGO TRAILER","ICL CARGO TRAILER","IL","2017","UNKNOWN","BUS OVER 15 PASS.","SCHOOL BUS","E","STRAIGHT AHEAD",,,"9",,,,,"true",,,,,,,,,,"true","true",,"OTHER",,,,,,,,,,,,,,,,,,,,,,,,,,,,,,,,,
"750160","JC454465","2019-09-30T15:26:00","2","DRIVER",,"712662",,"LEXUS","RX350","IL","2019","UNKNOWN","PASSENGER","PERSONAL","E","SLOW/STOP IN TRAFFIC",,,"1",,,,,,,,,"true","true","true",,,,,,,"REAR-LEFT",,,,,,,,,,,,,,,,,,,,,,,,,,,,,,,,,
"750110","JC454472","2019-09-30T15:25:00","1","DRIVER",,"712579",,"HONDA","UNKNOWN","IL","2019","NONE","VAN/MINI-VAN","PERSONAL","S","TURNING RIGHT","true",,"1",,"OWNER",,,,,"true","true","true",,,,,,,,,"SIDE-RIGHT",,,,,,,,,,,,,,,,,,,,,,,,,,,,,,,,,
"750111","JC454472","2019-09-30T15:25:00","2","DRIVER",,"712586",,"TOYOTA MOTOR COMPANY, LTD.","UNKNOWN","IL","2016","NONE","PASSENGER","PERSONAL","S","STRAIGHT AHEAD",,,"1",,,,,,,,,,,,,,"true","true","true",,"TOTAL (ALL AREAS)",,,,,,,,,,,,,,,,,,,,,,,,,,,,,,,,,
"750332","JC454806","2019-09-30T15:19:00","1","DRIVER",,"712796",,"SUBARU","FORESTER",,"2009","UNKNOWN","SPORT UTILITY VEHICLE (SUV)","UNKNOWN/NA","N","UNKNOWN/NA",,,"1",,,,,,,,,,,,,,,"true","true","false","OTHER",,,,,,,,,,,,,,,,,,,,,,,,,,,,,,,,,
"750333","JC454806","2019-09-30T15:19:00","2","DRIVER",,"712806",,"HONDA","ACCORD","IL","2010","NONE","PASSENGER","PERSONAL","E","STRAIGHT AHEAD",,,"1",,,,,,"true","true","true",,,,,,,,,,"SIDE-RIGHT",,,,,,,,,,,,,,,,,,,,,,,,,,,,,,,,,
"750234","JC454654","2019-09-30T15:15:00","1","DRIVER",,"712689",,"FORD","FUSION","IL","2014","UNKNOWN","PASSENGER","PERSONAL","E","STRAIGHT AHEAD",,,"1",,,,,,,,,,,,,,,,"true",,"OTHER",,,,,,,,,,,,,,,,,,,,,,,,,,,,,,,,,
"750235","JC454654","2019-09-30T15:15:00","2","DRIVER",,"712692",,"CHEVROLET","TAHOE","IL","2008","UNKNOWN","SPORT UTILITY VEHICLE (SUV)","UNKNOWN/NA","W","TURNING LEFT",,,"1",,,,,,,"true","true",,,,,,,,,,"SIDE-RIGHT",,,,,,,,,,,,,,,,,,,,,,,,,,,,,,,,,