"crash_unit_id","rd_no","crash_date","unit_no","unit_type","num_passengers","vehicle_id","cmrc_veh_i","make","model","lic_plate_state","vehicle_year","vehicle_defect","vehicle_type","vehicle_use","travel_direction","maneuver","towed_i","fire_i","occupant_cnt","exceed_speed_limit_i","towed_by","towed_to","area_00_i","area_01_i","area_02_i","area_03_i","area_04_i","area_05_i","area_06_i","area_07_i","area_08_i","area_09_i","area_10_i","area_11_i","area_12_i","area_99_i","first_contact_point","cmv_id","usdot_no","ccmc_no","ilcc_no","commercial_src","gvwr","carrier_name","carrier_state","carrier_city","hazmat_placards_i","hazmat_name","un_no","hazmat_present_i","hazmat_report_i","hazmat_report_no","mcs_report_i","mcs_report_no","hazmat_vio_cause_crash_i","mcs_vio_cause_crash_i","idot_permit_no","wide_load_i","trailer1_width","trailer2_width","trailer1_length","trailer2_length","total_vehicle_length","axle_cnt","vehicle_config","cargo_body_type","load_type","hazmat_out_of_service_i","mcs_out_of_service_i","hazmat_class"
"750107","JC454490","2019-09-30T15:15:00","2","DRIVER",,"712584",,"NISSAN","VERSA","IL","2015","NONE","PASSENGER","PERSONAL","N","TURNING LEFT",,,"1",,,,,,,,,,,"true","true",,,,,,"SIDE-LEFT",,,,,,,,,,,,,,,,,,,,,,,,,,,,,,,,,
"750178","JC454608","2019-09-30T15:09:00","2","DRIVER",,"712652",,"MITSUBISHI","Outlander","IL","2017","UNKNOWN","SPORT UTILITY VEHICLE (SUV)","UNKNOWN/NA","N","UNKNOWN/NA",,,"1",,,,,"true",,,,"true",,,,,,,,,"REAR-RIGHT",,,,,,,,,,,,,,,,,,,,,,,,,,,,,,,,,
"750093","JC454439","2019-09-30T15:06:00","1","DRIVER",,"712569",,"JEEP","JEEP - YEAR GREATER 1988","IL","2016","UNKNOWN","PASSENGER","PERSONAL","S","SLOW/STOP IN TRAFFIC",,,"1",,,,,,,,,,"true",,,,,,,,"REAR-LEFT",,,,,,,,,,,,,,,,,,,,,,,,,,,,,,,,,
"750385","JC454770","2019-09-30T15:00:00","1","DRIVER",,"712845",,"CHEVROLET","TAHOE","IL","2006","UNKNOWN","SPORT UTILITY VEHICLE (SUV)","UNKNOWN/NA","S","STRAIGHT AHEAD",,,"2",,,,,,,,,,,,,,,"true",,,"TOTAL (ALL AREAS)",,,,,,,,,,,,,,,,,,,,,,,,,,,,,,,,,
"750337","JC454770","2019-09-30T15:00:00","2","PARKED",,"712804",,"CADILLAC","SRX","IL","2011","NONE","PASSENGER","UNKNOWN/NA","UNKNOWN","PARKED",,,"0",,,,,,,,"true","true",,,,,,,,,"REAR",,,,,,,,,,,,,,,,,,,,,,,,,,,,,,,,,
"750186","JC454623","2019-09-30T15:00:00","2","PARKED",,"712641",,"LAND ROVER","LAND ROVER","IL","2013","NONE","PASSENGER","PERSONAL","E","PARKED",,,"0",,,,,,,,,,,,"true","true","true",,,,"ROOF",,,,,,,,,,,,,,,,,,,,,,,,,,,,,,,,,
"750128","JC454530","2019-09-30T15:00:00","1","DRIVER",,"712594",,"HONDA","CIVIC","IL","2015","NONE","PASSENGER","PERSONAL","NE","TURNING LEFT",,,"1",,,,,"true","true","false","false",,,,,,,,,,"FRONT",,,,,,,,,,,,,,,,,,,,,,,,,,,,,,,,,
"750129","JC454530","2019-09-30T15:00:00","2","DRIVER",,"712596",,"CHEVROLET","IMPALA","IL","2012","NONE","PASSENGER","PERSONAL","NE","TURNING LEFT",,,"1",,,,,,,,,,,,,"true","true",,,,"ROOF",,,,,,,,,,,,,,,,,,,,,,,,,,,,,,,,,
"750869","JC454482","2019-09-30T15:00:00","1","DRIVER",,"713281",,"BLUEBIRD INTERNATIONAL","UNKNOWN","IL","2014","UNKNOWN","UNKNOWN/NA","SCHOOL BUS","W","STRAIGHT AHEAD",,,"1",,,,,"true",,,,,,,,,,,,,"OTHER",,,,,,,,,,,,,,,,,,,,,,,,,,,,,,,,,
"750870","JC454482","2019-09-30T15:00:00","2","PARKED",,"713282",,"HYUNDAI","AZERA","IL","2014","OTHER","PASSENGER","PERSONAL","W","PARKED",,,"0",,,,,,,,,,,,,"true","true","true",,,"ROOF",,,,,,,,,,,,,,,,,,,,,,,,,,,,,,,,,
"751414","JC450508","2019-09-30T15:00:00","2","DRIVER",,"713795",,"DODGE","Avenger","IL","2008","NONE","PASSENGER","PERSONAL","S","STRAIGHT AHEAD",,,"1",,,,,,,,,,,,,,,"true",,,"TOTAL (ALL AREAS)",,,,,,,,,,,,,,,,,,,,,,,,,,,,,,,,,
"750140","JC454552","2019-09-30T14:55:00","2","PARKED","4","712642",,"DODGE","JOURNEY","IL","2018","NONE","SPORT UTILITY VEHICLE (SUV)","PERSONAL","E","PARKED",,,"4",,,,,,,,,,,,,,,,,,"REAR",,,,,,,,,,,,,,,,,,,,,,,,,,,,,,,,,
"750089","JC454453","2019-09-30T14:45:00","2","PARKED",,"712557",,"MERCEDES-BENZ","UNKNOWN","IL","2017","NONE","PASSENGER","PERSONAL","S","PARKED",,,"0",,,,,"true",,,,,,,,,,,,,"FRONT",,,,,,,,,,,,,,,,,,,,,,,,,,,,,,,,,
"750101","JC454409","2019-09-30T14:41:00","1","DRIVER",,"712573","true","VOLVO","UNKNOWN","IN","2014","UNKNOWN","TRUCK - SINGLE UNIT","COMMERCIAL - SINGLE UNIT","W","STRAIGHT AHEAD",,,"1",,,,,,,,,,,,,,,,"true",,"OTHER","8284","0080806",,,"SIDE OF TRUCK","3","JB HUNT","IN","NOBLESVILLE",,,,"N","N",,"N",,"N","U",,,,,,,,,"TRUCK/TRACTOR",,,"false","false",
"750102","JC454409","2019-09-30T14:41:00","2","DRIVER",,"712583",,"HONDA","CIVIC","IN","2008","NONE","PASSENGER","PERSONAL","W","OTHER",,,"1",,,,,,,,,"true","true","true",,,,,,,"REAR-LEFT",,,,,,,,,,,,,,,,,,,,,,,,,,,,,,,,,
"750075","JC454389","2019-09-30T14:30:00","1","DRIVER",,"712552",,"FORD","F550","IL","2016","UNKNOWN","PICKUP","CONSTRUCTION/MAINTENANCE","W","STRAIGHT AHEAD",,,"1",,,,,,,,,"true",,,,,,,,,"SIDE-RIGHT",,,,,,,,,,,,,,,,,,,,,,,,,,,,,,,,,
"750076","JC454389","2019-09-30T14:30:00","2","PARKED",,"712556",,"ISUZU","UNKNOWN","IL","2018","UNKNOWN","TRUCK - SINGLE UNIT","COMMERCIAL - SINGLE UNIT","W","PARKED",,,"0",,,,,,,,,,,"false","true",,,,,,"ROOF",,,,,,,,,,,,,,,,,,,,,,,,,,,,,,,,,
"750124","JC454452","2019-09-30T14:15:00","1","DRIVER",,"712599",,"VOLKSWAGEN","JETTA","IL","2009","NONE","PASSENGER","PERSONAL","W","TURNING LEFT","true",,"1",,"per insurance comp","unk",,"true",,,,,,,,,,"true","true",,"TOTAL (ALL AREAS)",,,,,,,,,,,,,,,,,,,,,,,,,,,,,,,,,
"750125","JC454452","2019-09-30T14:15:00","2","DRIVER",,"712714",,"MERCEDES-BENZ","C280","IL","2008","NONE","PASSENGER","PERSONAL","S","STRAIGHT AHEAD","true",,"1",,"per insurance","unk",,,,,,,,,,"true","true","true","true",,"TOTAL (ALL AREAS)",,,,,,,,,,,,,,,,,,,,,,,,,,,,,,,,,
"750063","JC454375","2019-09-30T14:15:00","1","DRIVER",,"712535",,"HYUNDAI","SONATA","IL","2017","UNKNOWN","PASSENGER","PERSONAL","S","STRAIGHT AHEAD",,,"1",,,,,,,,,,,,,,,"true",,,"TOTAL (ALL AREAS)",,,,,,,,,,,,,,,,,,,,,,,,,,,,,,,,,
"750064","JC454375","2019-09-30T14:15:00","2","DRIVER",,"712542",,"TOYOTA MOTOR COMPANY, LTD.","CAMRY","IL","2013","UNKNOWN","PASSENGER","PERSONAL","S","STRAIGHT AHEAD",,,"1",,,,,"true","true","true","true","true",,,,,,,,,"REAR",,,,,,,,,,,,,,,,,,,,,,,,,,,,,,,,,
"750069","JC454360","2019-09-30T14:14:00","1","DRIVER",,"712540","true","MACK TRUCKS, INC.","MACK TRUCKS, INC.","IL","2006","UNKNOWN","SINGLE UNIT TRUCK WITH TRAILER","OTHER","W","STRAIGHT AHEAD",,,"1",,,,,"true","true","true","true","true",,,,,,,,,"SIDE-RIGHT",,,,,,,,,,,,,,,,,,,,,,,,,,,,,,,,,
"750070","JC454360","2019-09-30T14:14:00","2","PARKED",,"712544",,"DODGE","RAM 2500 PU","IL","2018","UNKNOWN","PICKUP","NOT IN USE","W","PARKED","true",,"0",,,,,"true","true",,,,,"true","true","true","true","true",,,"FRONT-LEFT",,,,,,,,,,,,,,,,,,,,,,,,,,,,,,,,,
"750092","JC454339","2019-09-30T14:09:00","1","DRIVER",,"712570",,"NEW FLYER","NEW FLYER","IL","2012","NONE","BUS OVER 15 PASS.","CTA","N","STRAIGHT AHEAD",,,"1",,,,,,,,,,,,,,,,"true",,"OTHER",,,,,,,,,,,,,,,,,,,,,,,,,,,,,,,,,
"750065","JC454386","2019-09-30T14:00:00","1","DRIVER",,"712536",,"PONTIAC","G6","IL","2009","NONE","PASSENGER","PERSONAL","W","LEAVING TRAFFIC LANE TO PARK",,,"1",,,,,,,,,,,"true",,,"true",,,,"ROOF",,,,,,,,,,,,,,,,,,,,,,,,,,,,,,,,,
"750066","JC454386","2019-09-30T14:00:00","2","DRIVER",,"712539",,"HONDA","Insight","IL","2010","NONE","PASSENGER","PERSONAL","W","STRAIGHT AHEAD",,,"1",,,,,,"true",,,,,,,,,,,,"SIDE-RIGHT",,,,,,,,,,,,,,,,,,,,,,,,,,,,,,,,,
"750112","JC434391","2019-09-30T13:55:00","1","DRIVER",,"712591",,"CHRYSLER","200","IL","2015","UNKNOWN","PASSENGER","UNKNOWN/NA","W","STRAIGHT AHEAD",,,"1",,,,,,,,,,,,,,,,"false","true","OTHER",,,,,,,,,,,,,,,,,,,,,,,,,,,,,,,,,
"750113","JC434391","2019-09-30T13:55:00","2","DRIVER",,"712606",,"FORD","EXPLORER","IL","2018","UNKNOWN","PASSENGER","PERSONAL","W","STRAIGHT AHEAD",,,"1",,,,,,,,,,"true",,,,,,,,"REAR-LEFT",,,,,,,,,,,,,,,,,,,,,,,,,,,,,,,,,
"750685","JC455651","2019-09-30T13:50:00","1","DRIVER",,"713120",,"NISSAN","ROGUE","IL","2016","UNKNOWN","SPORT UTILITY VEHICLE (SUV)","PERSONAL","N","BACKING",,,"1",,,,,,,,,,,"true",,,,,,,"SIDE-LEFT",,,,,,,,,,,,,,,,,,,,,,,,,,,,,,,,,
"750686","JC455651","2019-09-30T13:50:00","2","DRIVER",,"713126",,"SATURN","Ion","IL","2007","UNKNOWN","PASSENGER","PERSONAL","S","BACKING",,,"1",,,,,,,,,,"true",,,,,,,,"REAR-LEFT",,,,,,,,,,,,,,,,,,,,,,,,,,,,,,,,,
"750085","JC454354","2019-09-30T13:48:00","1","DRIVER",,"712565",,"HONDA","Odyssey (minivan)","IL","2011","NONE","VAN/MINI-VAN","PERSONAL","E","TURNING LEFT","true",,"1",,,,,"true","true",,,,,,,,,,,,"FRONT",,,,,,,,,,,,,,,,,,,,,,,,,,,,,,,,,
"750086","JC454354","2019-09-30T13:48:00","2","DRIVER",,"712571",,"JEEP","Wrangler (for vehicle years 1989 to present)","IL","2016","NONE","SPORT UTILITY VEHICLE (SUV)","PERSONAL","E","STRAIGHT AHEAD","true",,"1",,,,,"true","true","true","true",,,"true","true",,,,,,"SIDE-LEFT",,,,,,,,,,,,,,,,,,,,,,,,,,,,,,,,,
"750049","JC454348","2019-09-30T13:45:00","1","DRIVER",,"712514",,"LEXUS","ES350","IL","2010","NONE","PASSENGER","PERSONAL","S","CHANGING LANES",,,"1",,,,,,,,,,,,,"true","true",,,,"ROOF",,,,,,,,,,,,,,,,,,,,,,,,,,,,,,,,,
"750050","JC454348","2019-09-30T13:45:00","2","DRIVER","2","712523",,"TOYOTA MOTOR COMPANY, LTD.","CAMRY","IL","2013","NONE","PASSENGER","TAXI/FOR HIRE","S","STRAIGHT AHEAD",,,"3",,,,,"true","true","true",,,,,,,,,,,"SIDE-RIGHT",,,,,,,,,,,,,,,,,,,,,,,,,,,,,,,,,
"750060","JC454371","2019-09-30T13:40:00","2","DRIVER",,"712533",,"TOYOTA MOTOR COMPANY, LTD.","CAMRY","IL","2014","NONE","PASSENGER","PERSONAL","N","STRAIGHT AHEAD",,,"1",,,,,"true","true","true",,,,,,,,,,,"FRONT",,,,,,,,,,,,,,,,,,,,,,,,,,,,,,,,,
"750081","JC454343","2019-09-30T13:39:00","1","DRIVER",,"712566","true","INTENATIONAL INDUSTRIES, INC.","INTENATIONAL INDUSTRIES, INC.","TN","2006","UNKNOWN","SINGLE UNIT TRUCK WITH TRAILER","OTHER","S","STRAIGHT AHEAD",,,"1",,,,,,,,,,,,,,,,"true",,"OTHER","8283","0296954",,,,"3","DESTINY TRANSPORTATION","TN","CHATTANOOGA",,,,"N","N",,"N",,"N","N",,,,,,,,"3","SINGLE UNIT TRUCK, 3 OR MORE AXLES","OTHER","OTHER","false","false",
"750082","JC454343","2019-09-30T13:39:00","2","DRIVER","2","712582",,"LEXUS","IS250","IL","2007","NONE","PASSENGER","PERSONAL","S","SLOW/STOP IN TRAFFIC",,,"3",,,,,,,,,,"true",,,,,,,,"REAR-LEFT",,,,,,,,,,,,,,,,,,,,,,,,,,,,,,,,,
"751213","JC456664","2019-09-30T13:35:00","1","DRIVER",,"713608",,"BMW","328i","IL","2008","NONE","PASSENGER","PERSONAL","S","STRAIGHT AHEAD",,,"2",,,,,,,,,,,,,,,,"true",,"OTHER",,,,,,,,,,,,,,,,,,,,,,,,,,,,,,,,,
"751214","JC456664","2019-09-30T13:35:00","2","DRIVER",,"713610",,"FORD","ESCAPE (SUV)","IL","2019","NONE","SPORT UTILITY VEHICLE (SUV)","PERSONAL","S","SLOW/STOP IN TRAFFIC",,,"1",,,,,,,,,,"true",,,,,,,,"REAR-LEFT",,,,,,,,,,,,,,,,,,,,,,,,,,,,,,,,,
"750935","JC456059","2019-09-30T13:30:00","1","DRIVER",,"713359",,"CHEVROLET","TAHOE","IL","2006","UNKNOWN","SPORT UTILITY VEHICLE (SUV)","UNKNOWN/NA","W","STRAIGHT AHEAD",,,"1",,,,,,,,,,,,,,,,,,"SIDE-RIGHT",,,,,,,,,,,,,,,,,,,,,,,,,,,,,,,,,
"750936","JC456059","2019-09-30T13:30:00","2","PARKED",,"713345",,"CHEVROLET","EQUINOX","IL","2015","NONE","SPORT UTILITY VEHICLE (SUV)","NOT IN USE","W","PARKED",,,"0",,,,,,,,,,,"true",,,,,,,"SIDE-LEFT",,,,,,,,,,,,,,,,,,,,,,,,,,,,,,,,,
"750048","JC454350","2019-09-30T13:30:00","2","DRIVER","1","712515",,"CHRYSLER","300","IL","2007","NONE","PASSENGER","PERSONAL","S","STRAIGHT AHEAD",,,"2",,,,,,,,,,"true",,,,,,,,"REAR-LEFT",,,,,,,,,,,,,,,,,,,,,,,,,,,,,,,,,
"750038","JC454321","2019-09-30T13:30:00","1","DRIVER",,"712504",,"LEXUS","UNKNOWN","IL","2013","UNKNOWN","PASSENGER","PERSONAL","N","TURNING RIGHT",,,"1",,,,,,,,,,,,,,"true",,,,"ROOF",,,,,,,,,,,,,,,,,,,,,,,,,,,,,,,,,
"750039","JC454321","2019-09-30T13:30:00","2","DRIVER",,"712507",,"SUBARU","UNKNOWN","IL","2018","UNKNOWN","OTHER VEHICLE WITH TRAILER","PERSONAL","N","TURNING RIGHT",,,"1",,,,,,"true",,,,,,,,,,,,"FRONT-RIGHT",,,,,,,,,,,,,,,,,,,,,,,,,,,,,,,,,
"750040","JC454305","2019-09-30T13:20:00","1","DRIVER","1","712502",,"INFINITI","M35","IL","2007","UNKNOWN","PASSENGER","PERSONAL","NE","ENTER FROM DRIVE/ALLEY",,,"2",,,,,"true",,,,,,,,,,,,,"FRONT",,,,,,,,,,,,,,,,,,,,,,,,,,,,,,,,,
"750041","JC454305","2019-09-30T13:20:00","2","DRIVER",,"712516",,"CADILLAC","DTS","IL","2009","UNKNOWN","PASSENGER","PERSONAL","E","STRAIGHT AHEAD",,,"1",,,,,,,,,,,,,,"true",,,,"UNDER CARRIAGE",,,,,,,,,,,,,,,,,,,,,,,,,,,,,,,,,
"750026","JC454282","2019-09-30T13:20:00","1","DRIVER",,"712497",,"FORD","Econoline E-450","IL","2016","NONE","OTHER","OTHER","W","OTHER",,,"1",,,,,,,,,,,,,"true",,,,,"UNDER CARRIAGE",,,,,,,,,,,,,,,,,,,,,,,,,,,,,,,,,
"750051","JC454282","2019-09-30T13:20:00","2","DRIVER",,"712512",,"LAND ROVER","Discovery","IL","2018","NONE","PASSENGER","PERSONAL","W","SLOW/STOP IN TRAFFIC",,,"1",,,,,,"true","true",,,,,,,,,,,"SIDE-RIGHT",,,,,,,,,,,,,,,,,,,,,,,,,,,,,,,,,
"750044","JC454291","2019-09-30T13:18:00","1","DRIVER",,"712513",,"KIA MOTORS CORP","FORTE","IL","2017","NONE","PASSENGER","PERSONAL","S","STRAIGHT AHEAD",,,"1",,,,,,,,,,,,,,,,"true",,"OTHER",,,,,,,,,,,,,,,,,,,,,,,,,,,,,,,,,
"750045","JC454291","2019-09-30T13:18:00","2","DRIVER","1","712524",,"CHRYSLER","TOWN & COUNTRY","IL","2017","NONE","PASSENGER","PERSONAL","S","SLOW/STOP IN TRAFFIC",,,"2",,,,,,,,,,"true",,,,,,"true",,"REAR-LEFT",,,,,,,,,,,,,,,,,,,,,,,,,,,,,,,,,
"750046","JC454291","2019-09-30T13:18:00","3","DRIVER",,"712534",,"FORD","ESCAPE (SUV)","IL","2017","NONE","PASSENGER","PERSONAL","S","SLOW/STOP IN TRAFFIC",,,"1",,,,,,,,,,"true","true",,,,,,,"REAR-LEFT",,,,,,,,,,,,,,,,,,,,,,,,,,,,,,,,,
"750056","JC454310","2019-09-30T13:15:00","2","PARKED",,"712529",,"LINCOLN-CONTINENTAL","UNKNOWN","IL","2016","NONE","SPORT UTILITY VEHICLE (SUV)","NOT IN USE","E","PARKED",,,"0",,,,,,,,,,"true","true",,,,,,,"SIDE-LEFT",,,,,,,,,,,,,,,,,,,,,,,,,,,,,,,,,
"750021","JC454298","2019-09-30T13:14:00","1","DRIVER",,"712493",,"HONDA","ACCORD","IL","2017","NONE","PASSENGER","PERSONAL","E","TURNING LEFT","true",,"1",,,,,"true",,,,,,,,,"true","true","true",,"TOTAL (ALL AREAS)",,,,,,,,,,,,,,,,,,,,,,,,,,,,,,,,,
"750988","JC455951","2019-09-30T13:10:00","1","DRIVER",,"713426",,"RANGE ROVER OF NORTH AMERICA","RANGE ROVER OF NORTH AMERICA","IL","2019","UNKNOWN","SPORT UTILITY VEHICLE (SUV)","PERSONAL","N","STRAIGHT AHEAD",,,"1",,,,,,,,,,,,,,,,"true",,"OTHER",,,,,,,,,,,,,,,,,,,,,,,,,,,,,,,,,
"750989","JC455951","2019-09-30T13:10:00","2","DRIVER",,"713441",,"DODGE","UNKNOWN","IL","2014","UNKNOWN","VAN/MINI-VAN","CONSTRUCTION/MAINTENANCE","N","STRAIGHT AHEAD",,,"1",,,,,,,,,,"true",,,,,,,,"REAR-LEFT",,,,,,,,,,,,,,,,,,,,,,,,,,,,,,,,,
"750424","JC454990","2019-09-30T13:10:00","2","DRIVER",,"712890",,"TOYOTA MOTOR COMPANY, LTD.","CAMRY",,"2018","UNKNOWN","PASSENGER","PERSONAL","UNKNOWN","STRAIGHT AHEAD",,,"1",,,,,,,,,,,,,,,"true",,,"TOTAL (ALL AREAS)",,,,,,,,,,,,,,,,,,,,,,,,,,,,,,,,,
"750015","JC454296","2019-09-30T13:10:00","1","DRIVER",,"712489",,"MERCEDES-BENZ","UNKNOWN","IL","2012","NONE","PASSENGER","PERSONAL","S","STRAIGHT AHEAD",,,"1",,,,,,,,,,,,,,"true","true",,,"TOTAL (ALL AREAS)",,,,,,,,,,,,,,,,,,,,,,,,,,,,,,,,,
"750016","JC454296","2019-09-30T13:10:00","2","DRIVER",,"712491",,"CHEVROLET","SILVERADO","IL","2017","NONE","PICKUP","PERSONAL","N","TURNING LEFT",,,"1",,,,,,,,,,,"true","false",,,,,,"SIDE-LEFT",,,,,,,,,,,,,,,,,,,,,,,,,,,,,,,,,
"750023","JC454265","2019-09-30T13:00:00","1","DRIVER",,"712494",,"MAZDA","Mazda 3","IL","2017","UNKNOWN","PASSENGER","PERSONAL","W","STRAIGHT AHEAD","true",,"1",,"UNK","UNK",,,,,,,,,,,,,"true",,"OTHER",,,,,,,,,,,,,,,,,,,,,,,,,,,,,,,,,
"750024","JC454265","2019-09-30T13:00:00","2","DRIVER",,"712500",,"JEEP","UNKNOWN","IL","2013","UNKNOWN","SPORT UTILITY VEHICLE (SUV)","PERSONAL","W","STRAIGHT AHEAD",,,"1",,,,,,,,,,"true",,,,,,"true",,"REAR-LEFT",,,,,,,,,,,,,,,,,,,,,,,,,,,,,,,,,
"750025","JC454265","2019-09-30T13:00:00","3","DRIVER","1","712941",,"KIA MOTORS CORP","Optima","IL","2020","UNKNOWN","PASSENGER","PERSONAL","W","STRAIGHT AHEAD",,,"2",,,,,,,,,,"true",,,,,,,,"REAR-LEFT",,,,,,,,,,,,,,,,,,,,,,,,,,,,,,,,,
"754443","JC462259","2019-09-30T12:45:00","2","DRIVER",,"716655",,"CHRYSLER","200","MO","2014","NONE","PASSENGER","PERSONAL","W","SLOW/STOP IN TRAFFIC",,,"1",,,,,,,,,,"true",,,,,,,,"REAR-LEFT",,,,,,,,,,,,,,,,,,,,,,,,,,,,,,,,,
"749994","JC454238","2019-09-30T12:45:00","1","DRIVER",,"712464","true","FREIGHTLINER CORP.","FREIGHTLINER CORP.","IL","2016","NONE","TRACTOR W/ SEMI-TRAILER","COMMERCIAL - MULTI-UNIT","S","STRAIGHT AHEAD","true",,"1",,"UNKNOWN","UNKNOWN",,,,,,,,,,,,,,,,,,,,,,,,,,,,,,,,,,,,,,,,,,,,,,,,
"750052","JC454205","2019-09-30T12:45:00","1","DRIVER",,"712520",,"CHEVROLET","HHR","IL","2009","ENGINE/MOTOR","PASSENGER","PERSONAL","N","BACKING",,,"1",,,,"true",,,,,,,,,,,,,,"REAR-LEFT",,,,,,,,,,,,,,,,,,,,,,,,,,,,,,,,,
"750001","JC454259","2019-09-30T12:40:00","1","DRIVER",,"712485",,"FORD","UNKNOWN","AZ","2019","UNKNOWN","VAN/MINI-VAN","OTHER","E","STRAIGHT AHEAD",,,"1",,,,,,,,,,,,,,,,"true",,"OTHER",,,,,,,,,,,,,,,,,,,,,,,,,,,,,,,,,
"750002","JC454259","2019-09-30T12:40:00","2","DRIVER",,"712490",,"HONDA","ACCORD","IL","2011","UNKNOWN","PASSENGER","PERSONAL","E","SLOW/STOP IN TRAFFIC",,,"1",,,,,,,,,,"true",,,,,,,,"REAR-LEFT",,,,,,,,,,,,,,,,,,,,,,,,,,,,,,,,,
"749976","JC454203","2019-09-30T12:40:00","1","DRIVER",,"712450",,"LEXUS","IS250","IL","2010","NONE","PASSENGER","PERSONAL","W","STRAIGHT AHEAD",,,"1",,,,,"true","true","true",,,,,,,,,,,"FRONT",,,,,,,,,,,,,,,,,,,,,,,,,,,,,,,,,
"750011","JC454286","2019-09-30T12:35:00","1","DRIVER",,"712482",,"FORD","UNKNOWN","IL","2019","UNKNOWN","VAN/MINI-VAN","UNKNOWN/NA","UNKNOWN","UNKNOWN/NA",,,"1",,,,,,,,,,,,,,,,,"true","UNKNOWN",,,,,,,,,,,,,,,,,,,,,,,,,,,,,,,,,
"750012","JC454286","2019-09-30T12:35:00","2","PARKED",,"712487",,"BMW","M-5","IL","2019","NONE","PASSENGER","NOT IN USE","N","PARKED",,,"0",,,,,,,,,,,"true",,,,,,,"SIDE-LEFT",,,,,,,,,,,,,,,,,,,,,,,,,,,,,,,,,
"749983","JC454232","2019-09-30T12:35:00","1","DRIVER",,"712451",,"VOLVO","UNKNOWN","IL","2008","NONE","PASSENGER","UNKNOWN/NA","E","BACKING",,,"1",,,,,,,,,,"false",,,,,,,"true","REAR-LEFT",,,,,,,,,,,,,,,,,,,,,,,,,,,,,,,,,
"749984","JC454232","2019-09-30T12:35:00","2","PARKED","1","712446",,"TOYOTA MOTOR COMPANY, LTD.","4RUNNER","IL","2019","UNKNOWN","SPORT UTILITY VEHICLE (SUV)","PERSONAL","E","PARKED",,,"1",,,,,,,,,,,,,,,"true","true",,"OTHER",,,,,,,,,,,,,,,,,,,,,,,,,,,,,,,,,
"750009","JC454218","2019-09-30T12:35:00","1","DRIVER",,"712478",,"DODGE","GRAND CARAVAN","IL","2008","UNKNOWN","VAN/MINI-VAN","PERSONAL","E","CHANGING LANES",,,"1",,,,,,,,,,,,"true","true","true","true",,,"FRONT-LEFT",,,,,,,,,,,,,,,,,,,,,,,,,,,,,,,,,
"750010","JC454218","2019-09-30T12:35:00","2","DRIVER",,"712486",,"FORD","FIESTA","OH","2012","UNKNOWN","PASSENGER","PERSONAL","E","STRAIGHT AHEAD",,,"1",,,,,"true","true",,,,,,,,,,,,"FRONT",,,,,,,,,,,,,,,,,,,,,,,,,,,,,,,,,
"750080","JC454443","2019-09-30T12:30:00","2","PARKED","1","712550",,"CHEVROLET","MALIBU (CHEVELLE)","IL","2013","NONE","PASSENGER","PERSONAL","S","PARKED",,,"1",,,,,,,,,,,,"true","true","true",,,,"ROOF",,,,,,,,,,,,,,,,,,,,,,,,,,,,,,,,,
"749974","JC454215","2019-09-30T12:30:00","1","DRIVER",,"712448",,"LINCOLN-CONTINENTAL","TOWNCAR","IL","2018","NONE","PICKUP","OTHER","E","TURNING LEFT",,,"1",,,,,,,,,,,,,"true",,,,,"ROOF",,,,,,,,,,,,,,,,,,,,,,,,,,,,,,,,,
"749975","JC454215","2019-09-30T12:30:00","2","DRIVER",,"712457",,"JEEP","PATRIOT","IL","2016","NONE","PASSENGER","PERSONAL","E","TURNING LEFT",,,"1",,,,,"true",,,,,,,,,,,,,"FRONT-RIGHT",,,,,,,,,,,,,,,,,,,,,,,,,,,,,,,,,
"749993","JC454214","2019-09-30T12:30:00","2","PARKED",,"712471",,"NISSAN","SENTRA (DATSUN AND NISSAN HAVE MERGED)","IL","2017","NONE","PASSENGER","NOT IN USE","S","PARKED",,,"0",,,,,,,,"true",,,,,,,,,,"REAR-RIGHT",,,,,,,,,,,,,,,,,,,,,,,,,,,,,,,,,
"752232","JC458443","2019-09-30T12:14:00","1","DRIVER",,"714579",,"JEEP","CHEROKEE","IL","2017","UNKNOWN","SPORT UTILITY VEHICLE (SUV)","PERSONAL","E","STRAIGHT AHEAD",,,"1",,,,,,,,,,,,,,,,"true",,"OTHER",,,,,,,,,,,,,,,,,,,,,,,,,,,,,,,,,
"752233","JC458443","2019-09-30T12:14:00","2","DRIVER",,"714585",,"KIA MOTORS CORP","SORENTO","IL","2019","NONE","SPORT UTILITY VEHICLE (SUV)","PERSONAL","S","STRAIGHT AHEAD",,,"1",,,,,"true","true",,,,,,,,,,"true",,"OTHER",,,,,,,,,,,,,,,,,,,,,,,,,,,,,,,,,
"749965","JC454190","2019-09-30T12:10:00","2","DRIVER",,"712454","true","FREIGHTLINER CORP.","UNKNOWN","ME","2019","NONE","TRACTOR W/ SEMI-TRAILER","COMMERCIAL - MULTI-UNIT","E","UNKNOWN/NA",,,"1",,,,,,,,,,,,,,,"true",,,"TOTAL (ALL AREAS)","8280","2085798",,,"PAPERS","3","SCHENK AND SONS","MS","GRENADA",,,,"N","N",,"N",,"N","N",,,,,,,"53",,"TRACTOR/SEMI-TRAILER","OTHER","UNKNOWN","false","false",