"crash_unit_id","rd_no","crash_date","unit_no","unit_type","num_passengers","vehicle_id","cmrc_veh_i","make","model","lic_plate_state","vehicle_year","vehicle_defect","vehicle_type","vehicle_use","travel_direction","maneuver","towed_i","fire_i","occupant_cnt","exceed_speed_limit_i","towed_by","towed_to","area_00_i","area_01_i","area_02_i","area_03_i","area_04_i","area_05_i","area_06_i","area_07_i","area_08_i","area_09_i","area_10_i","area_11_i","area_12_i","area_99_i","first_contact_point","cmv_id","usdot_no","ccmc_no","ilcc_no","commercial_src","gvwr","carrier_name","carrier_state","carrier_city","hazmat_placards_i","hazmat_name","un_no","hazmat_present_i","hazmat_report_i","hazmat_report_no","mcs_report_i","mcs_report_no","hazmat_vio_cause_crash_i","mcs_vio_cause_crash_i","idot_permit_no","wide_load_i","trailer1_width","trailer2_width","trailer1_length","trailer2_length","total_vehicle_length","axle_cnt","vehicle_config","cargo_body_type","load_type","hazmat_out_of_service_i","mcs_out_of_service_i","hazmat_class"
"749959","JC454178","2019-09-30T12:00:00","1","DRIVER",,"712435",,"NISSAN","Murano","IL","2006","UNKNOWN","SPORT UTILITY VEHICLE (SUV)","PERSONAL","E","OTHER",,,"1",,,,,,,,,,,"true","true",,,,,,"FRONT-LEFT",,,,,,,,,,,,,,,,,,,,,,,,,,,,,,,,,
"749960","JC454178","2019-09-30T12:00:00","2","DRIVER",,"712440","true","BLUEBIRD INTERNATIONAL","UNKNOWN","OH","2012","UNKNOWN","TRACTOR W/ SEMI-TRAILER","OTHER","E","OTHER",,,"1",,,,,,,"true",,,,,,,,,,,"SIDE-RIGHT","8278","273301",,"76472","SIDE OF TRUCK","3","DAYTON FREIGHT LINES INC","OH","VANDALIA",,,,,,,,,,,,,"0-96",,,,,,"TRACTOR/SEMI-TRAILER","VAN/ENCLOSED BOX","OTHER",,,
"749981","JC454180","2019-09-30T11:55:00","1","DRIVER","1","712453",,"DODGE","UNKNOWN","IL","2016","NONE","PASSENGER","PERSONAL","E","STRAIGHT AHEAD",,,"2",,,,,,,,,,,,,"true","true","true",,,"ROOF",,,,,,,,,,,,,,,,,,,,,,,,,,,,,,,,,
"749982","JC454180","2019-09-30T11:55:00","2","DRIVER",,"712467","true","VOLVO","UNKNOWN","MO","2015","NONE","TRUCK - SINGLE UNIT","COMMERCIAL - SINGLE UNIT","E","STRAIGHT AHEAD",,,"1",,,,,,,"true","true",,,,,,,,,,"SIDE-RIGHT","8282","579813","294663",,,"3","OZARK MOUNTAIN LEASING INC.","MO","MOUNTAIN VIEW",,,,"N","N",,"N",,"N","N",,,,,,,,,"TRUCK/TRACTOR",,"UNKNOWN","false","false",
"749937","JC454146","2019-09-30T11:48:00","1","PARKED",,"712417",,"TESLA MOTORS","MODEL X","IL","2019","NONE","PASSENGER","NOT IN USE","S","PARKED","true",,"0",,,,,,,,,,,,,"true","false","false",,,,,,,,,,,,,,,,,,,,,,,,,,,,,,,,,,,,
"749938","JC454146","2019-09-30T11:48:00","2","DRIVER",,"712424",,"AUTOCAR","AUTOCAR","IL","2009","NONE","TRUCK - SINGLE UNIT","OTHER","S","STRAIGHT AHEAD",,,"1",,,,,,,"true",,,,,,,,,,,"SIDE-RIGHT",,,,,,,,,,,,,,,,,,,,,,,,,,,,,,,,,
"749970","JC454158","2019-09-30T11:46:00","1","DRIVER",,"712449",,"TOYOTA MOTOR COMPANY, LTD.","COROLLA","IL","2009","UNKNOWN","PASSENGER","PERSONAL","N","STRAIGHT AHEAD","true",,"1",,"Cook County Towing","AutoTech,5156 N Broadway",,"true",,,,,,,,,,"true","true",,"OTHER",,,,,,,,,,,,,,,,,,,,,,,,,,,,,,,,,
"749971","JC454158","2019-09-30T11:46:00","2","DRIVER","1","712460",,"AUDI","UNKNOWN","IL","2018","UNKNOWN","PASSENGER","PERSONAL","N","STRAIGHT AHEAD",,,"2",,,,,,,,,"true","true","true",,,,,,,"REAR-LEFT",,,,,,,,,,,,,,,,,,,,,,,,,,,,,,,,,
"750062","JC454372","2019-09-30T11:45:00","2","DRIVER",,"712532",,"TOYOTA MOTOR COMPANY, LTD.","TOYOTA","IL","2010","NONE","PASSENGER","PERSONAL","S","STRAIGHT AHEAD",,,"1",,,,,,,,,,"true","true",,,,,,,"FRONT-LEFT",,,,,,,,,,,,,,,,,,,,,,,,,,,,,,,,,
"750005","JC454169","2019-09-30T11:44:00","1","DRIVER","1","712472",,"NISSAN","NISSAN ALTIMA","IL","2015","UNKNOWN","PASSENGER","RIDESHARE SERVICE","E","STRAIGHT AHEAD",,,"2",,,,,,,"true","true",,,,,,,,,,"FRONT-RIGHT",,,,,,,,,,,,,,,,,,,,,,,,,,,,,,,,,
"750006","JC454169","2019-09-30T11:44:00","2","DRIVER",,"712483",,"TOYOTA MOTOR COMPANY, LTD.","Prius","IL","2013","UNKNOWN","PASSENGER","PERSONAL","N","STRAIGHT AHEAD","true",,"1",,"STREETS & SANITATION","619 W TAYLOR ST",,"true",,,,,,,,,,"true","true",,"OTHER",,,,,,,,,,,,,,,,,,,,,,,,,,,,,,,,,
"749998","JC454271","2019-09-30T11:37:00","2","DRIVER",,"712468",,"LINCOLN-CONTINENTAL","MKZ","IL","2017","NONE","PASSENGER","PERSONAL","N","STRAIGHT AHEAD",,,"1",,,,,,,,,,,"true","true","true","true","true",,,"ROOF",,,,,,,,,,,,,,,,,,,,,,,,,,,,,,,,,
"749958","JC454133","2019-09-30T11:35:00","2","DRIVER",,"712444",,"FORD","F150","IL","2017","UNKNOWN","PICKUP","PERSONAL","W","SLOW/STOP IN TRAFFIC",,,"1",,,,,,,,,,,"true",,,,,,,"SIDE-LEFT",,,,,,,,,,,,,,,,,,,,,,,,,,,,,,,,,
"750008","JC454141","2019-09-30T11:31:00","2","DRIVER","1","712484",,"MERCEDES-BENZ","E300","IL","2013","NONE","PASSENGER","PERSONAL","S","STRAIGHT AHEAD",,,"2",,,,,,,,,,,"true","true",,,,,,"FRONT-LEFT",,,,,,,,,,,,,,,,,,,,,,,,,,,,,,,,,
"750304","JC454754","2019-09-30T11:30:00","1","DRIVER",,"712770",,"FREIGHTLINER CORP.","FREIGHTLINER CORP.","IL","2011","NONE","TRUCK - SINGLE UNIT","OTHER","N","LEAVING TRAFFIC LANE TO PARK",,,"1",,,,"true",,,,,,,,,,,,,,"NONE",,,,,,,,,,,,,,,,,,,,,,,,,,,,,,,,,
"750305","JC454754","2019-09-30T11:30:00","2","PARKED",,"712759",,"UNKNOWN","UNKNOWN","IL","2013","NONE","OTHER","PERSONAL","N","PARKED",,,"0",,,,,,"true","true",,,,,,,,,"true",,"OTHER",,,,,,,,,,,,,,,,,,,,,,,,,,,,,,,,,
"749945","JC454150","2019-09-30T11:30:00","1","DRIVER",,"712429",,"TOYOTA MOTOR COMPANY, LTD.","UNKNOWN","IL","2019","NONE","PASSENGER","PERSONAL","N","OTHER",,,"1",,,,,,,,,,,,,,,,"true",,"OTHER",,,,,,,,,,,,,,,,,,,,,,,,,,,,,,,,,
"749946","JC454150","2019-09-30T11:30:00","2","DRIVER","1","712437",,"TOYOTA MOTOR COMPANY, LTD.","Sienna (van)","IL","2015","NONE","PASSENGER","PERSONAL","E","STRAIGHT AHEAD",,,"2",,,,,,,"true","true",,,,,,,,,,"SIDE-RIGHT",,,,,,,,,,,,,,,,,,,,,,,,,,,,,,,,,
"749979","JC454123","2019-09-30T11:29:00","2","DRIVER",,"712455",,"CHRYSLER","UNKNOWN","IL","2015","UNKNOWN","PASSENGER","PERSONAL","S","SLOW/STOP IN TRAFFIC","true",,"1",,"PRIVATE",,,,,,,,"true",,,,,,"true",,"REAR-LEFT",,,,,,,,,,,,,,,,,,,,,,,,,,,,,,,,,
"749968","JC454114","2019-09-30T11:27:00","1","DRIVER",,"712456","true","PETERBILT MOTORS CO., DIVISION PACCAR, INC.","PETERBILT MOTORS CO., DIVISION PACCAR, INC.","WI","2016","NONE","TRACTOR W/ SEMI-TRAILER","COMMERCIAL - MULTI-UNIT","W","STRAIGHT AHEAD",,,"1",,,,,"true",,,,,,,,,,,,,"FRONT","8281","568605",,,"LOG BOOK","3","KKJ TRUCKING LLC","WI","GENOA",,,,"N","N",,"N",,"N","N",,,,,,,,,,,,"false","false",
"749969","JC454114","2019-09-30T11:27:00","2","DRIVER","3","712480",,"TOYOTA MOTOR COMPANY, LTD.","CAMRY","IL","2007","NONE","PASSENGER","PERSONAL","W","OTHER","true",,"4",,"owner","home",,,,,,,,"true",,,,,,,"SIDE-LEFT",,,,,,,,,,,,,,,,,,,,,,,,,,,,,,,,,
"749902","JC454099","2019-09-30T11:20:00","1","DRIVER","1","712374",,"FORD","FUSION","IL","2010","UNKNOWN","PASSENGER","UNKNOWN/NA","E","STRAIGHT AHEAD",,,"2",,,,,,,,,,,,,,,,"true",,"OTHER",,,,,,,,,,,,,,,,,,,,,,,,,,,,,,,,,
"749903","JC454099","2019-09-30T11:20:00","2","DRIVER","2","712387",,"TOYOTA MOTOR COMPANY, LTD.","Prius","IL","2015","NONE","PASSENGER","PERSONAL","E","STRAIGHT AHEAD",,,"3",,,,,,,,,,"true",,,,,,,,"REAR-LEFT",,,,,,,,,,,,,,,,,,,,,,,,,,,,,,,,,
"749927","JC454108","2019-09-30T11:06:00","1","DRIVER",,"712420",,"FORD","FUSION","IL","2010","NONE","PASSENGER","PERSONAL","E","STRAIGHT AHEAD",,,"1",,,,,,,,,,,,"true","true",,,,,"FRONT-LEFT",,,,,,,,,,,,,,,,,,,,,,,,,,,,,,,,,
"749928","JC454108","2019-09-30T11:06:00","2","DRIVER","2","712430","true","FORD","UNKNOWN","IL","2007","NONE","UNKNOWN/NA","COMMERCIAL - SINGLE UNIT","E","TURNING LEFT",,,"3",,,,"true",,,,,,,,,,,,,,"FRONT","8277",,,,"DRIVER","2","HANS NOMBACH HOME EXTERIORS","IL","BLUE ISLAND",,,,"N","N",,"N",,"N","N",,,,,,,,,"UNKNOWN HEAVY TRUCK","OTHER","CONSTRUCTION EQUIPMENT","false","false","MISCELLANEOUS"
"749941","JC454137","2019-09-30T11:05:00","2","DRIVER",,"712422",,"KENWORTH MOTOR TRUCK CO.","KENWORTH MOTOR TRUCK CO.","IL","2014","NONE","TRACTOR W/ SEMI-TRAILER","COMMERCIAL - MULTI-UNIT","S","STRAIGHT AHEAD",,,"1",,,,,"true","true",,,,,,,,,,,,"FRONT",,,,,,,,,,,,,,,,,,,,,,,,,,,,,,,,,
"750000","JC454181","2019-09-30T11:04:00","2","PARKED",,"712475",,"AUDI","A6","IL","2008","NONE","PASSENGER","PERSONAL","N","PARKED","true",,"0",,"PRIVATE TOW",,,"true",,,,,,,,,"true","true","true",,"TOTAL (ALL AREAS)",,,,,,,,,,,,,,,,,,,,,,,,,,,,,,,,,
"749915","JC454074","2019-09-30T11:00:00","2","PARKED","3","712403",,"SATURN","AURA","IL","2007","NONE","PASSENGER","PERSONAL","N","PARKED",,,"3",,,,,,,,,,,,,"true","true",,,,"FRONT-RIGHT",,,,,,,,,,,,,,,,,,,,,,,,,,,,,,,,,
"749951","JC454189","2019-09-30T10:45:00","1","DRIVER",,"712425",,"NISSAN","VERSA","IL","2015","UNKNOWN","PASSENGER","PERSONAL","UNKNOWN","BACKING",,,"1",,,,,,,,,"true","true","true",,,,,,,"REAR-LEFT",,,,,,,,,,,,,,,,,,,,,,,,,,,,,,,,,
"749952","JC454189","2019-09-30T10:45:00","2","DRIVER",,"712432",,"JEEP","Liberty","IL","2007","NONE","PASSENGER","PERSONAL","W","SLOW/STOP IN TRAFFIC",,,"1",,,,,"true",,,,,,,,,,"true","true",,"OTHER",,,,,,,,,,,,,,,,,,,,,,,,,,,,,,,,,
"750443","JC455016","2019-09-30T10:44:00","1","DRIVER",,"712898",,"GENERAL MOTORS CORP.","UNKNOWN","AZ","2008","UNKNOWN","TRUCK - SINGLE UNIT","UNKNOWN/NA","N","BACKING",,,"1",,,,"true",,,,,,,,,,,,,,"REAR-LEFT",,,,,,,,,,,,,,,,,,,,,,,,,,,,,,,,,
"750444","JC455016","2019-09-30T10:44:00","2","PARKED",,"712902",,"ACURA","ACURA","OH","2017","NONE","PASSENGER","PERSONAL","S","PARKED",,,"0",,,,,,,,,,,,"true","true",,,,,"ROOF",,,,,,,,,,,,,,,,,,,,,,,,,,,,,,,,,
"749948","JC454072","2019-09-30T10:40:00","1","DRIVER",,"712426","true","UNKNOWN","UNKNOWN","IL","2016","UNKNOWN","UNKNOWN/NA","CONSTRUCTION/MAINTENANCE","E","BACKING",,,"1",,,,"true",,,,,"true",,,,,,,,,"REAR","8276","1709925",,"144420","SIDE OF TRUCK","3","GUERRA TRUCKING INC","IL","BERWYN",,,,"N","N",,"N",,"N","N",,,,,,,,"5","UNKNOWN HEAVY TRUCK","OTHER","UNKNOWN","false","false",
"750322","JC455758","2019-09-30T10:30:00","1","DRIVER",,"712789",,"NISSAN","SENTRA (DATSUN AND NISSAN HAVE MERGED)",,"2017","NONE","PASSENGER","PERSONAL","W","TURNING RIGHT",,,"1",,,,,,,,,,,,,,,"true","true",,"TOTAL (ALL AREAS)",,,,,,,,,,,,,,,,,,,,,,,,,,,,,,,,,
"750323","JC455758","2019-09-30T10:30:00","2","DRIVER",,"712803",,"FORD","FUSION","IL","2016","UNKNOWN","UNKNOWN/NA","UNKNOWN/NA","N","STRAIGHT AHEAD",,,"1",,,,,"true",,,,,,,,,,,"true",,"FRONT",,,,,,,,,,,,,,,,,,,,,,,,,,,,,,,,,
"750275","JC454165","2019-09-30T10:30:00","1","PARKED","1","712721",,"NISSAN","SENTRA (DATSUN AND NISSAN HAVE MERGED)","IL","2014","NONE","PASSENGER","PERSONAL","E","PARKED",,,"1",,,,,,,,,,,,,"true","true","true",,,,,,,,,,,,,,,,,,,,,,,,,,,,,,,,,,,,
"750276","JC454165","2019-09-30T10:30:00","2","DRIVER",,"712722",,"TOYOTA MOTOR COMPANY, LTD.","Prius","IL","2010","NONE","PASSENGER","PERSONAL","E","STRAIGHT AHEAD",,,"1",,,,,"true","true",,,,,,,,,,,,"FRONT-RIGHT",,,,,,,,,,,,,,,,,,,,,,,,,,,,,,,,,
"749913","JC454037","2019-09-30T10:28:00","1","DRIVER","2","712381",,"HYUNDAI","SONATA","IL","2016","NONE","PASSENGER","PERSONAL","W","STRAIGHT AHEAD","true",,"3",,"Private Tow",,,"true",,,,,,,,,,,,,"FRONT",,,,,,,,,,,,,,,,,,,,,,,,,,,,,,,,,
"749879","JC454049","2019-09-30T10:26:00","2","DRIVER","2","712370",,"HONDA","ACCORD",,"2018","NONE","PASSENGER","PERSONAL","E","BACKING",,,"3",,,,,,,,,,,,,,,,,,"REAR-LEFT",,,,,,,,,,,,,,,,,,,,,,,,,,,,,,,,,
"749944","JC454060","2019-09-30T10:10:00","1","DRIVER",,"712421",,"BLUEBIRD INTERNATIONAL","UNKNOWN","IL","2014","UNKNOWN","TRUCK - SINGLE UNIT","UNKNOWN/NA","S","TURNING RIGHT",,,"1",,,,,,,,,,,,,,,,,"true","UNKNOWN",,,,,,,,,,,,,,,,,,,,,,,,,,,,,,,,,
"749891","JC454060","2019-09-30T10:10:00","2","PARKED",,"712363",,"KIA MOTORS CORP","Sportage (sport utility)","IN","2017","UNKNOWN","PASSENGER","UNKNOWN/NA","UNKNOWN","PARKED",,,"0",,,,,"true",,,,,,,,,,"true","true",,"OTHER",,,,,,,,,,,,,,,,,,,,,,,,,,,,,,,,,
"749881","JC454077","2019-09-30T10:00:00","1","DRIVER",,"712358",,"GENERAL MOTORS CORP.","UNKNOWN","AZ","2013","UNKNOWN","TRUCK - SINGLE UNIT","PERSONAL","S","BACKING",,,"1",,,,,,,,,,"true",,,,,,,,"REAR-LEFT",,,,,,,,,,,,,,,,,,,,,,,,,,,,,,,,,
"749882","JC454077","2019-09-30T10:00:00","2","DRIVER",,"712356",,"SUBARU","OUTBACK","IL","2015","NONE","SPORT UTILITY VEHICLE (SUV)","PERSONAL","N","SLOW/STOP IN TRAFFIC",,,"1",,,,,,,,,,,,,,"true","true","true",,"OTHER",,,,,,,,,,,,,,,,,,,,,,,,,,,,,,,,,
"750074","JC454346","2019-09-30T09:57:00","2","PARKED",,"712548",,"DODGE","CHALLENGER","IL","2015","UNKNOWN","PASSENGER","PERSONAL","UNKNOWN","PARKED",,,"0",,,,,,,,,"true","true",,,,,,,,"REAR-LEFT",,,,,,,,,,,,,,,,,,,,,,,,,,,,,,,,,
"750417","JC494904","2019-09-30T09:50:00","1","DRIVER",,"712878",,"NISSAN","NISSAN ALTIMA","IL","2008","UNKNOWN","UNKNOWN/NA","UNKNOWN/NA","W","STRAIGHT AHEAD",,,"1",,,,,,,,,,,,,,,,"true",,"OTHER",,,,,,,,,,,,,,,,,,,,,,,,,,,,,,,,,
"750418","JC494904","2019-09-30T09:50:00","2","DRIVER",,"712879",,"FORD","ESCAPE (SUV)","IL","2014","NONE","PASSENGER","PERSONAL","W","SLOW/STOP IN TRAFFIC",,,"1",,,,,,,,,,"true",,,,,,,,"REAR-LEFT",,,,,,,,,,,,,,,,,,,,,,,,,,,,,,,,,
"750492","JC455261","2019-09-30T09:50:00","1","DRIVER",,"712946",,"FORD","Focus","IL","2008","NONE","PASSENGER","PERSONAL","W","LEAVING TRAFFIC LANE TO PARK",,,"1",,,,,,,"true","true",,,,,,,,,,"SIDE-RIGHT",,,,,,,,,,,,,,,,,,,,,,,,,,,,,,,,,
"750493","JC455261","2019-09-30T09:50:00","2","PARKED",,"712949",,"JEEP","CHEROKEE","IL","2014","NONE","PASSENGER","PERSONAL","W","PARKED",,,"0",,,,,,,,,,,,,,"true","true",,,"TOTAL (ALL AREAS)",,,,,,,,,,,,,,,,,,,,,,,,,,,,,,,,,
"749899","JC454023","2019-09-30T09:48:00","2","DRIVER",,"712392",,"CHRYSLER","200","VA","2019","NONE","PASSENGER","PERSONAL","W","STRAIGHT AHEAD",,,"1",,,,,,,"true","true",,,,,,,,,,"FRONT-RIGHT",,,,,,,,,,,,,,,,,,,,,,,,,,,,,,,,,
"750247","JC454629","2019-09-30T09:45:00","2","DRIVER",,"712709",,"TOYOTA MOTOR COMPANY, LTD.","YARIS","IL","2013","UNKNOWN","PASSENGER","PERSONAL","W","STRAIGHT AHEAD",,,"1",,,,,,,"true",,,,,,,,,"true",,"OTHER",,,,,,,,,,,,,,,,,,,,,,,,,,,,,,,,,
"749870","JC453966","2019-09-30T09:41:00","1","DRIVER",,"712350",,"INFINITI","G37","IL","2009","NONE","PASSENGER","PERSONAL","W","BACKING",,,"1",,,,,,,,,,,"true",,,,,,,"SIDE-LEFT",,,,,,,,,,,,,,,,,,,,,,,,,,,,,,,,,
"749871","JC453966","2019-09-30T09:41:00","2","DRIVER",,"712353",,"FORD","F150","IL","2018","NONE","PICKUP","OTHER","E","TURNING RIGHT",,,"1",,,,,,,,,,,,,,,"true",,,"TOTAL (ALL AREAS)",,,,,,,,,,,,,,,,,,,,,,,,,,,,,,,,,
"749855","JC453972","2019-09-30T09:38:00","1","DRIVER","3","712334",,"NISSAN","Quest","IL","2008","NONE","VAN/MINI-VAN","PERSONAL","SW","TURNING LEFT",,,"4",,,,,,,,,,,,,,,"true","true",,"TOTAL (ALL AREAS)",,,,,,,,,,,,,,,,,,,,,,,,,,,,,,,,,
"749856","JC453972","2019-09-30T09:38:00","2","DRIVER",,"712341",,"TOYOTA MOTOR COMPANY, LTD.","Prius","IL","2007","NONE","PASSENGER","PERSONAL","N","STRAIGHT AHEAD","true",,"1",,"STATE FARM","REPAIR SH(PRIVATE)",,"true",,,,,,,,,,,"true",,"FRONT",,,,,,,,,,,,,,,,,,,,,,,,,,,,,,,,,
"749931","JC453973","2019-09-30T09:32:00","1","DRIVER",,"712406",,"CHEVROLET","CRUZE","IL","2013","NONE","PASSENGER","PERSONAL","S","STRAIGHT AHEAD",,,"1",,,,,,,,,,,,,,"true","true",,,"TOTAL (ALL AREAS)",,,,,,,,,,,,,,,,,,,,,,,,,,,,,,,,,
"749932","JC453973","2019-09-30T09:32:00","2","DRIVER",,"712413",,"NISSAN","VERSA","IL","2014","NONE","PASSENGER","PERSONAL","W","STRAIGHT AHEAD","true",,"1",,"CPD","103 DOTY RD",,"true","true","true","true","true",,,,,,,,,"ROOF",,,,,,,,,,,,,,,,,,,,,,,,,,,,,,,,,
"750221","JC454507","2019-09-30T09:30:00","2","PARKED",,"712683",,"HYUNDAI","GENESIS","IL","2013","NONE","PASSENGER","NOT IN USE","UNKNOWN","PARKED",,,"0",,,,,,,,,,,,,,"true","true",,,"TOTAL (ALL AREAS)",,,,,,,,,,,,,,,,,,,,,,,,,,,,,,,,,
"749860","JC453954","2019-09-30T09:30:00","2","DRIVER",,"712346",,"MERCEDES-BENZ","MERCEDES-BENZ","IL","2019","UNKNOWN","SPORT UTILITY VEHICLE (SUV)","UNKNOWN/NA","UNKNOWN","UNKNOWN/NA",,,"1",,,,,,,,,"true",,,,,,,,,"REAR",,,,,,,,,,,,,,,,,,,,,,,,,,,,,,,,,
"749887","JC453930","2019-09-30T09:26:00","1","DRIVER","2","712366",,"CHRYSLER","Sebring","IL","2009","NONE","PASSENGER","PERSONAL","S","SLOW/STOP IN TRAFFIC",,,"3",,,,,,,,,,,,,,,"true",,,"TOTAL (ALL AREAS)",,,,,,,,,,,,,,,,,,,,,,,,,,,,,,,,,
"749888","JC453930","2019-09-30T09:26:00","2","DRIVER",,"712380",,"TOYOTA MOTOR COMPANY, LTD.","CAMRY","IL","2009","NONE","PASSENGER","PERSONAL","W","STRAIGHT AHEAD",,,"1",,,,,"true","true",,,,,,,,,,,,"FRONT",,,,,,,,,,,,,,,,,,,,,,,,,,,,,,,,,
"749848","JC453908","2019-09-30T09:24:00","1","DRIVER",,"712327",,"TOYOTA MOTOR COMPANY, LTD.","COROLLA","IL","2018","UNKNOWN","PASSENGER","PERSONAL","S","STRAIGHT AHEAD","true",,"1",,"UNKNOWN","UNKNOWN",,"true",,,,,,,,,"true","true","true",,"OTHER",,,,,,,,,,,,,,,,,,,,,,,,,,,,,,,,,
"749845","JC453960","2019-09-30T09:20:00","1","DRIVER",,"712337",,"FORD","UNKNOWN","IL","2011","NONE","VAN/MINI-VAN","OTHER","S","BACKING",,,"1",,,,,,,,"true","true",,,,,,,,,"REAR-RIGHT",,,,,,,,,,,,,,,,,,,,,,,,,,,,,,,,,
"749846","JC453960","2019-09-30T09:20:00","2","PARKED",,"712344","true","GREAT DANE TRAILERS INC.","GREAT DANE TRAILERS INC.","IL","2014","NONE","TRUCK - SINGLE UNIT","OTHER","E","PARKED",,,"0",,,,,,,,,,,,,,,,,,"REAR-LEFT",,,,,,,,,,,,,,,,,,,,,,,,,,,,,,,,,
"749954","JC453981","2019-09-30T09:15:00","2","DRIVER","1","712438",,"CHRYSLER","200","IL","2013","NONE","PASSENGER","PERSONAL","W","STRAIGHT AHEAD",,,"2",,,,,,,,,,,"true","false","false",,,,,"SIDE-LEFT",,,,,,,,,,,,,,,,,,,,,,,,,,,,,,,,,
"749894","JC453962","2019-09-30T09:11:00","1","DRIVER",,"712368",,"KIA MOTORS CORP","Sportage (sport utility)","IL","2019","NONE","SPORT UTILITY VEHICLE (SUV)","PERSONAL","E","STRAIGHT AHEAD",,,"1",,,,,,,,,,,,,,,,"true",,"OTHER",,,,,,,,,,,,,,,,,,,,,,,,,,,,,,,,,
"749895","JC453962","2019-09-30T09:11:00","2","DRIVER",,"712383",,"CHRYSLER","Pacifica (Sport Wagon)","IL","2007","NONE","SPORT UTILITY VEHICLE (SUV)","PERSONAL","E","STRAIGHT AHEAD",,,"1",,,,,,,,,,"true",,,,,,,,"REAR-LEFT",,,,,,,,,,,,,,,,,,,,,,,,,,,,,,,,,
"752283","JC453927","2019-09-30T09:08:00","1","DRIVER",,"714619",,"TOYOTA MOTOR COMPANY, LTD.","COROLLA","IL","2010","UNKNOWN","PASSENGER","PERSONAL","N","STRAIGHT AHEAD",,,"1",,,,,,,,,,,,,,,"true",,,"TOTAL (ALL AREAS)",,,,,,,,,,,,,,,,,,,,,,,,,,,,,,,,,
"752284","JC453927","2019-09-30T09:08:00","2","DRIVER",,"714620",,"TOYOTA MOTOR COMPANY, LTD.","TOYOTA","IL","2006","UNKNOWN","PASSENGER","PERSONAL","N","STRAIGHT AHEAD",,,"3",,,,,,,,,,,"true",,,,"true","true",,"SIDE-LEFT",,,,,,,,,,,,,,,,,,,,,,,,,,,,,,,,,
"752285","JC453927","2019-09-30T09:08:00","3","PARKED",,"714621",,"GENERAL MOTORS CORP.","TERRAIN","IL","2019","UNKNOWN","PASSENGER","PERSONAL","N","PARKED",,,"0",,,,,,,,,,"true","true",,,,,,,"SIDE-LEFT",,,,,,,,,,,,,,,,,,,,,,,,,,,,,,,,,
"749886","JC545063","2019-09-30T09:00:00","2","PARKED",,"712359",,"CHEVROLET","SILVERADO",,"2017","NONE","PICKUP","MILITARY","W","PARKED",,,"0",,,,,"true","true","true","true",,,,,,,,,,"SIDE-RIGHT",,,,,,,,,,,,,,,,,,,,,,,,,,,,,,,,,
"750360","JC454869","2019-09-30T09:00:00","1","DRIVER",,"712838","false","UNKNOWN","UNKNOWN","IN","2010","UNKNOWN","BUS UP TO 15 PASS.","COMMERCIAL - SINGLE UNIT","S","TURNING RIGHT",,,"1",,,,,,,,,,,,,,"true","true",,,"TOTAL (ALL AREAS)",,,,,,,,,,,,,,,,,,,,,,,,,,,,,,,,,
"750253","JC454692","2019-09-30T09:00:00","2","PARKED",,"712708",,"HONDA","CRV","IL","2008","UNKNOWN","MOTORCYCLE (OVER 150CC)","PERSONAL","UNKNOWN","PARKED",,,"0",,,,,,,,,,,,,"true","true",,,,"ROOF",,,,,,,,,,,,,,,,,,,,,,,,,,,,,,,,,
"749929","JC456933","2019-09-30T08:55:00","1","DRIVER",,"712405",,"JEEP","JEEP - YEAR GREATER 1988","IL","2016","NONE","SPORT UTILITY VEHICLE (SUV)","PERSONAL","S","STRAIGHT AHEAD",,,"1",,,,,"true",,,,,,,,,,"true","true",,"FRONT",,,,,,,,,,,,,,,,,,,,,,,,,,,,,,,,,
"749930","JC456933","2019-09-30T08:55:00","2","DRIVER",,"712411",,"GILL MFG. CO.","GILL MFG. CO.","IL","2019","NONE","BUS OVER 15 PASS.","SCHOOL BUS","S","SLOW/STOP IN TRAFFIC",,,"1",,,,,,,,,"true","true","true",,,,"false",,,"SIDE-LEFT",,,,,,,,,,,,,,,,,,,,,,,,,,,,,,,,,
"749831","JC453909","2019-09-30T08:50:00","1","DRIVER",,"712320",,"CHEVROLET","EQUINOX","IL","2013","NONE","PASSENGER","PERSONAL","E","AVOIDING VEHICLES/OBJECTS","true",,"1",,"private",,,"true",,,,,,,,,,"true","true",,"FRONT",,,,,,,,,,,,,,,,,,,,,,,,,,,,,,,,,
"749832","JC453909","2019-09-30T08:50:00","2","PARKED",,"712329",,"VOLKSWAGEN","Touareg","IL","2013","NONE","PASSENGER","PERSONAL","E","PARKED","true",,"0",,"private",,,"true",,,,,,,"true","true","true","true",,,"ROOF",,,,,,,,,,,,,,,,,,,,,,,,,,,,,,,,,
"749833","JC453909","2019-09-30T08:50:00","3","PARKED",,"712333",,"CHEVROLET","CRUZE","FL","2018","NONE","PASSENGER","PERSONAL","E","PARKED",,,"0",,,,,,,,,,"true","true",,,,,,,"SIDE-LEFT",,,,,,,,,,,,,,,,,,,,,,,,,,,,,,,,,