"crash_unit_id","rd_no","crash_date","unit_no","unit_type","num_passengers","vehicle_id","cmrc_veh_i","make","model","lic_plate_state","vehicle_year","vehicle_defect","vehicle_type","vehicle_use","travel_direction","maneuver","towed_i","fire_i","occupant_cnt","exceed_speed_limit_i","towed_by","towed_to","area_00_i","area_01_i","area_02_i","area_03_i","area_04_i","area_05_i","area_06_i","area_07_i","area_08_i","area_09_i","area_10_i","area_11_i","area_12_i","area_99_i","first_contact_point","cmv_id","usdot_no","ccmc_no","ilcc_no","commercial_src","gvwr","carrier_name","carrier_state","carrier_city","hazmat_placards_i","hazmat_name","un_no","hazmat_present_i","hazmat_report_i","hazmat_report_no","mcs_report_i","mcs_report_no","hazmat_vio_cause_crash_i","mcs_vio_cause_crash_i","idot_permit_no","wide_load_i","trailer1_width","trailer2_width","trailer1_length","trailer2_length","total_vehicle_length","axle_cnt","vehicle_config","cargo_body_type","load_type","hazmat_out_of_service_i","mcs_out_of_service_i","hazmat_class"
"749824","JC453889","2019-09-30T08:48:00","2","DRIVER",,"712311",,"TOYOTA MOTOR COMPANY, LTD.","CAMRY","IL","2017","NONE","PASSENGER","PERSONAL","N","SLOW/STOP IN TRAFFIC",,,"1",,,,,"false",,,,"true",,,,,,,,,"REAR",,,,,,,,,,,,,,,,,,,,,,,,,,,,,,,,,
"749751","JC453870","2019-09-30T08:45:00","1","DRIVER",,"712274",,"NISSAN","Murano","IL","2019","NONE","PASSENGER","PERSONAL","N","SLOW/STOP IN TRAFFIC",,,"1",,,,,,,,,,,,,,,,"true",,"TOTAL (ALL AREAS)",,,,,,,,,,,,,,,,,,,,,,,,,,,,,,,,,
"749752","JC453870","2019-09-30T08:45:00","2","DRIVER",,"712279",,"NISSAN","UNKNOWN","IL","2015","UNKNOWN","PASSENGER","PERSONAL","N","SLOW/STOP IN TRAFFIC",,,"1",,,,,,,,,,,,,,,"true",,,"TOTAL (ALL AREAS)",,,,,,,,,,,,,,,,,,,,,,,,,,,,,,,,,
"749771","JC453885","2019-09-30T08:44:00","1","DRIVER",,"712290",,"VOLKSWAGEN","TIGUAN",,"2018","UNKNOWN","SPORT UTILITY VEHICLE (SUV)","PERSONAL","S","STRAIGHT AHEAD",,,"1",,,,,"true",,,,,,,,,,"true","true",,"OTHER",,,,,,,,,,,,,,,,,,,,,,,,,,,,,,,,,
"749772","JC453885","2019-09-30T08:44:00","2","DRIVER",,"712293",,"HONDA","ACCORD",,"2017","UNKNOWN","PASSENGER","PERSONAL","S","SLOW/STOP IN TRAFFIC",,,"1",,,,,,,,,"true","true","true",,,,,,,"REAR-LEFT",,,,,,,,,,,,,,,,,,,,,,,,,,,,,,,,,
"750210","JC454637","2019-09-30T08:30:00","1","DRIVER",,"712665",,"DODGE","RAM 1500 PU","TX","2017","NONE","PICKUP","OTHER","S","CHANGING LANES",,,"1",,,,,"true",,,,,,,,,,,,,"FRONT",,,,,,,,,,,,,,,,,,,,,,,,,,,,,,,,,
"750211","JC454637","2019-09-30T08:30:00","2","DRIVER","1","712678",,"HONDA","FIT","IL","2015","NONE","PASSENGER","PERSONAL","S","STRAIGHT AHEAD",,,"2",,,,,,,,,,,"true",,,,,,,"SIDE-LEFT",,,,,,,,,,,,,,,,,,,,,,,,,,,,,,,,,
"750071","JC454395","2019-09-30T08:30:00","1","DRIVER",,"712543",,"HONDA","CRV","IL","2008","NONE","SPORT UTILITY VEHICLE (SUV)","PERSONAL","S","STRAIGHT AHEAD",,,"1",,,,,,,,,,,,,,,,"true",,"OTHER",,,,,,,,,,,,,,,,,,,,,,,,,,,,,,,,,
"750072","JC454395","2019-09-30T08:30:00","2","DRIVER","1","712547",,"KIA MOTORS CORP","Optima","IL","2016","NONE","PASSENGER","PERSONAL","W","SLOW/STOP IN TRAFFIC",,,"2",,,,,,"true","true","true","true",,,,,,,,,"FRONT-RIGHT",,,,,,,,,,,,,,,,,,,,,,,,,,,,,,,,,
"749876","JC453901","2019-09-30T08:30:00","1","DRIVER",,"712364",,"CADILLAC","UNKNOWN",,"2017","NONE","SPORT UTILITY VEHICLE (SUV)","PERSONAL","S","TURNING LEFT",,,"1",,,,,,,,"true",,,,,,,,,,"SIDE-RIGHT",,,,,,,,,,,,,,,,,,,,,,,,,,,,,,,,,
"751415","JC453891","2019-09-30T08:30:00","1","DRIVER",,"713799",,"TOYOTA MOTOR COMPANY, LTD.","Highlander(beginning vehicle year 2001)","IL","2012","NONE","PASSENGER","PERSONAL","N","STRAIGHT AHEAD",,,"1",,,,,,,"true",,,,,,,,,,,"SIDE-RIGHT",,,,,,,,,,,,,,,,,,,,,,,,,,,,,,,,,
"751416","JC453891","2019-09-30T08:30:00","2","DRIVER",,"713800",,"BUICK","ENCLAVE","IL","2008","NONE","PASSENGER","PERSONAL","W","STRAIGHT AHEAD",,,"1",,,,,,,,,,,,,,,,"true",,"OTHER",,,,,,,,,,,,,,,,,,,,,,,,,,,,,,,,,
"749757","JC453858","2019-09-30T08:26:00","1","DRIVER","1","712285",,"AUTOCAR","AUTOCAR","IL","2006","NONE","TRUCK - SINGLE UNIT","OTHER","N","STRAIGHT AHEAD",,,"2",,,,"true",,,,,,,,,,,,,,"REAR",,,,,,,,,,,,,,,,,,,,,,,,,,,,,,,,,
"749853","JC453971","2019-09-30T08:25:00","2","DRIVER",,"712330",,"UNKNOWN","UNKNOWN","IN","2010","NONE","BUS OVER 15 PASS.","OTHER","S","TURNING RIGHT",,,"1",,,,,,"false","true","true",,,,,,"false","false",,,,,,,,,,,,,,,,,,,,,,,,,,,,,,,,,,,,
"749884","JC453922","2019-09-30T08:20:00","2","DRIVER",,"712372","true","KENWORTH MOTOR TRUCK CO.","UNKNOWN","IL","2013","NONE","TRACTOR W/ SEMI-TRAILER","COMMERCIAL - MULTI-UNIT","SE","SLOW/STOP IN TRAFFIC",,,"1",,,,"true",,,,,,,,,,,,,,"REAR","8275",,,,"PAPERS",,"OZINGA  READY MIX CONCRETE","IL","MOKENA",,,,"N","N",,"N",,"N","N",,,,,,,,,"TRUCK/TRACTOR","CONCRETE MIXER","BUILDING MATERIALS","false","false",
"749825","JC453898","2019-09-30T08:20:00","1","DRIVER","1","712306",,"BLUE BIRD BODY CO.","BLUE BIRD BODY CO.","IL","2014","NONE","BUS OVER 15 PASS.","OTHER","E","STRAIGHT AHEAD",,,"2",,,,,,"false","true","true","true",,,,,,,,,"SIDE-RIGHT",,,,,,,,,,,,,,,,,,,,,,,,,,,,,,,,,
"749765","JC453853","2019-09-30T08:19:00","1","DRIVER",,"712292",,"BUICK","BUICK","IL","2019","NONE","PASSENGER","PERSONAL","E","STRAIGHT AHEAD",,,"1",,,,,,,,,,,,,,,,"true",,"OTHER",,,,,,,,,,,,,,,,,,,,,,,,,,,,,,,,,
"749766","JC453853","2019-09-30T08:19:00","2","DRIVER",,"712297",,"JEEP","PATRIOT","IL","2015","NONE","PASSENGER","PERSONAL","N","STRAIGHT AHEAD","true",,"1",,"PRIVATE",,,,,,,"true","true","true",,,,,,,"REAR-LEFT",,,,,,,,,,,,,,,,,,,,,,,,,,,,,,,,,
"749847","JC453810","2019-09-30T08:16:00","1","DRIVER","4","712338",,"CHRYSLER","300",,"2015","NONE","PASSENGER","PERSONAL","E","DRIVING WRONG WAY",,,"5",,,,"true",,,,,,,,,,,,,,"NONE",,,,,,,,,,,,,,,,,,,,,,,,,,,,,,,,,
"749921","JC454107","2019-09-30T08:15:00","2","DRIVER","1","712404",,"MITSUBISHI","MITSUBISHI","IL","2009","NONE","PASSENGER","PERSONAL","E","STRAIGHT AHEAD",,,"2",,,,,"true","true",,,,,,,,,,,,"SIDE-RIGHT",,,,,,,,,,,,,,,,,,,,,,,,,,,,,,,,,
"749810","JC453888","2019-09-30T08:15:00","2","DRIVER",,"712298",,"HONDA","Odyssey (minivan)","IL","2014","UNKNOWN","VAN/MINI-VAN","PERSONAL","NW","SLOW/STOP IN TRAFFIC",,,"1",,,,,,,,,,"true",,,,,,"true",,"REAR-LEFT",,,,,,,,,,,,,,,,,,,,,,,,,,,,,,,,,
"749811","JC453888","2019-09-30T08:15:00","3","DRIVER",,"712310","true","FORD","FORD-TRUCK,VAN,SUV, ETC","IL","2010","UNKNOWN","VAN/MINI-VAN","COMMERCIAL - SINGLE UNIT","NW","SLOW/STOP IN TRAFFIC",,,"1",,,,,,,,,,"true",,,,,,"true",,"REAR-LEFT","8273",,,,,,"DELGADO TRAVEL AGENCY, INC","IL","CHICAGO",,,,"N","N",,"N",,"N","N",,,,,,,,,,"OTHER","UNKNOWN","false","false",
"749743","JC453857","2019-09-30T08:15:00","1","DRIVER",,"712271",,"JEEP","JEEP - YEAR GREATER 1988","IL","2011","NONE","PASSENGER","PERSONAL","N","SLOW/STOP IN TRAFFIC",,,"1",,,,,,,,,,,,,,,,"true",,"OTHER",,,,,,,,,,,,,,,,,,,,,,,,,,,,,,,,,
"749744","JC453857","2019-09-30T08:15:00","2","DRIVER",,"712278",,"FORD","FORD-TRUCK,VAN,SUV, ETC","IL","2017","NONE","VAN/MINI-VAN","OTHER","N","SLOW/STOP IN TRAFFIC",,,"1",,,,,,,,,,"true",,,,,,,,"REAR-LEFT",,,,,,,,,,,,,,,,,,,,,,,,,,,,,,,,,
"749758","JC453842","2019-09-30T08:07:00","1","DRIVER",,"712282",,"CHEVROLET","TRAVERSE","IL","2014","NONE","PASSENGER","PERSONAL","NE","TURNING RIGHT",,,"1",,,,,"false",,,,,,,,,"true","true","true",,,,,,,,,,,,,,,,,,,,,,,,,,,,,,,,,,,
"749759","JC453842","2019-09-30T08:07:00","2","DRIVER","1","712286",,"TOYOTA MOTOR COMPANY, LTD.","TOYOTA","IL","2013","NONE","OTHER","OTHER","E","STRAIGHT AHEAD",,,"2",,,,,"true","true",,,,,,,,,,"true",,,,,,,,,,,,,,,,,,,,,,,,,,,,,,,,,,,
"750077","JC454427","2019-09-30T08:00:00","1","DRIVER",,"712554",,"FREIGHTLINER CORP.","FREIGHTLINER CORP.","IL","2019","NONE","TRACTOR W/ SEMI-TRAILER","OTHER","W","BACKING",,,"1",,,,,,,,,,,,,,,,,,"REAR-LEFT",,,,,,,,,,,,,,,,,,,,,,,,,,,,,,,,,
"750078","JC454427","2019-09-30T08:00:00","2","DRIVER",,"712562",,"VOLVO","UNKNOWN","IL","2014","NONE","TRACTOR W/ SEMI-TRAILER","OTHER","E","SLOW/STOP IN TRAFFIC",,,"1",,,,,,,,,,,,,,,,"true",,"OTHER",,,,,,,,,,,,,,,,,,,,,,,,,,,,,,,,,
"749893","JC453911","2019-09-30T08:00:00","2","DRIVER",,"712407",,"FORD","F150","IL","2014","NONE","PICKUP","OTHER","N","BACKING",,,"1",,,,,,,,,,,"true",,,,,,,"FRONT-LEFT",,,,,,,,,,,,,,,,,,,,,,,,,,,,,,,,,
"749755","JC453835","2019-09-30T07:53:00","1","DRIVER",,"712280",,"MINI","COOPER","IL","2014","NONE","PASSENGER","PERSONAL","W","STRAIGHT AHEAD","true",,"1",,"SELF",,,,,,,,,,"true",,,"true",,,"FRONT-LEFT",,,,,,,,,,,,,,,,,,,,,,,,,,,,,,,,,
"750434","JC455051","2019-09-30T07:50:00","1","DRIVER",,"712893",,"NISSAN","UNKNOWN","IL","2011","UNKNOWN","UNKNOWN/NA","UNKNOWN/NA","E","STRAIGHT AHEAD",,,"1",,,,,"true",,,,,,,,,,,,,"FRONT",,,,,,,,,,,,,,,,,,,,,,,,,,,,,,,,,
"750435","JC455051","2019-09-30T07:50:00","2","DRIVER",,"712896",,"TOYOTA MOTOR COMPANY, LTD.","RAV4 (sport utility)","IL","2019","NONE","SPORT UTILITY VEHICLE (SUV)","PERSONAL","E","BACKING",,,"1",,,,,,,,,,,,,,,"true",,,"TOTAL (ALL AREAS)",,,,,,,,,,,,,,,,,,,,,,,,,,,,,,,,,
"749747","JC453833","2019-09-30T07:50:00","1","DRIVER",,"712272",,"KIA MOTORS CORP","SOUL","IL","2015","NONE","SPORT UTILITY VEHICLE (SUV)","RIDESHARE SERVICE","W","CHANGING LANES",,,"1",,,,,,"true","true","true","true",,,,,,,,,"SIDE-RIGHT",,,,,,,,,,,,,,,,,,,,,,,,,,,,,,,,,
"749768","JC453851","2019-09-30T07:45:00","2","DRIVER","1","712423",,"INFINITI","G37","IL","2011","NONE","PASSENGER","PERSONAL","W","STRAIGHT AHEAD",,,"2",,,,,"true","true","true","true","true",,,,,,,,,"FRONT-RIGHT",,,,,,,,,,,,,,,,,,,,,,,,,,,,,,,,,
"749742","JC453837","2019-09-30T07:45:00","1","DRIVER",,"712362",,"TOYOTA MOTOR COMPANY, LTD.","Highlander(beginning vehicle year 2001)","IL","2013","NONE","SPORT UTILITY VEHICLE (SUV)","PERSONAL","N","SLOW/STOP IN TRAFFIC",,,"1",,,,,,,,,,,,,,,,"true",,"OTHER",,,,,,,,,,,,,,,,,,,,,,,,,,,,,,,,,
"750488","JC454281","2019-09-30T07:40:00","1","DRIVER",,"712945",,"KENWORTH MOTOR TRUCK CO.","KENWORTH MOTOR TRUCK CO.","CA","2018","UNKNOWN","TRACTOR W/ SEMI-TRAILER","UNKNOWN/NA","NW","TURNING LEFT",,,"1",,,,,,,,,,"true","true",,,,,,,"SIDE-LEFT",,,,,,,,,,,,,,,,,,,,,,,,,,,,,,,,,
"750489","JC454281","2019-09-30T07:40:00","2","DRIVER",,"712950",,"DODGE","RAM 1500 VAN","IL","2018","NONE","VAN/MINI-VAN","OTHER","NW","TURNING LEFT",,,"1",,,,,"true",,"true","true","true",,,,,,,,,"SIDE-RIGHT",,,,,,,,,,,,,,,,,,,,,,,,,,,,,,,,,
"750191","JC454621","2019-09-30T07:35:00","1","DRIVER",,"712654",,"TOYOTA MOTOR COMPANY, LTD.","YARIS","IL","2016","NONE","PASSENGER","PERSONAL","W","STRAIGHT AHEAD",,,"1",,,,,,,,,,,,,,,,,,"OTHER",,,,,,,,,,,,,,,,,,,,,,,,,,,,,,,,,
"750192","JC454621","2019-09-30T07:35:00","2","DRIVER",,"712659",,"NISSAN","SENTRA (DATSUN AND NISSAN HAVE MERGED)","IL","2015","NONE","PASSENGER","PERSONAL","W","STRAIGHT AHEAD",,,"1",,,,"true",,,,,,,,,,,,,,"NONE",,,,,,,,,,,,,,,,,,,,,,,,,,,,,,,,,
"750165","JC454594","2019-09-30T07:30:00","1","DRIVER",,"712629",,"TOYOTA MOTOR COMPANY, LTD.","Highlander(beginning vehicle year 2001)","IL","2013","NONE","SPORT UTILITY VEHICLE (SUV)","PERSONAL","N","UNKNOWN/NA",,,"1",,,,,,,,,,,,,,,,"true",,"OTHER",,,,,,,,,,,,,,,,,,,,,,,,,,,,,,,,,
"750037","JC454345","2019-09-30T07:30:00","2","PARKED",,"712496",,"NISSAN","NISSAN ALTIMA","MO","2019","NONE","PASSENGER","PERSONAL","N","PARKED",,,"0",,,,,,,,,,,,,,"true","true",,,"TOTAL (ALL AREAS)",,,,,,,,,,,,,,,,,,,,,,,,,,,,,,,,,
"749749","JC453846","2019-09-30T07:30:00","1","DRIVER",,"712273",,"DODGE","CHARGER","IL","2010","UNKNOWN","PASSENGER","PERSONAL","N","STARTING IN TRAFFIC",,,"1",,,,,,,,,,,,,,,,"true",,"OTHER",,,,,,,,,,,,,,,,,,,,,,,,,,,,,,,,,
"749750","JC453846","2019-09-30T07:30:00","2","DRIVER","1","712283",,"CADILLAC","UNKNOWN","IL","2018","NONE","SPORT UTILITY VEHICLE (SUV)","PERSONAL","N","SLOW/STOP IN TRAFFIC",,,"2",,,,,,,,,,"true",,,,,,,,"REAR-LEFT",,,,,,,,,,,,,,,,,,,,,,,,,,,,,,,,,
"749778","JC453855","2019-09-30T07:25:00","2","DRIVER",,"712314",,"LAND ROVER","LAND ROVER","IL","2011","NONE","SPORT UTILITY VEHICLE (SUV)","PERSONAL","E","SLOW/STOP IN TRAFFIC",,,"1",,,,,,,,,,"true",,,,,,,,"REAR-LEFT",,,,,,,,,,,,,,,,,,,,,,,,,,,,,,,,,
"749740","JC453829","2019-09-30T07:20:00","2","DRIVER",,"712265",,"NISSAN","ROGUE","IL","2016","UNKNOWN","PASSENGER","PERSONAL","W","STRAIGHT AHEAD",,,"1",,,,,,,,,,,,,,"false","true","true",,"TOTAL (ALL AREAS)",,,,,,,,,,,,,,,,,,,,,,,,,,,,,,,,,
"749717","JC453803","2019-09-30T07:14:00","1","DRIVER",,"712245",,"CHEVROLET","TRAVERSE","IL","2014","NONE","PASSENGER","PERSONAL","S","STRAIGHT AHEAD",,,"1",,,,,,,,,,,,,,,,"true",,"OTHER",,,,,,,,,,,,,,,,,,,,,,,,,,,,,,,,,
"749718","JC453803","2019-09-30T07:14:00","2","DRIVER",,"712246",,"MERCEDES-BENZ","350 Series","IL","2011","NONE","PASSENGER","PERSONAL","S","STRAIGHT AHEAD",,,"1",,,,,,,,,,"true",,,,,,,,"REAR-LEFT",,,,,,,,,,,,,,,,,,,,,,,,,,,,,,,,,
"749773","JC453800","2019-09-30T07:10:00","1","DRIVER",,"712302",,"CHEVROLET","UNKNOWN","IL","2016","UNKNOWN","PASSENGER","PERSONAL","W","SLOW/STOP IN TRAFFIC",,,"1",,,,,,,,,,,,,,,,"true",,"OTHER",,,,,,,,,,,,,,,,,,,,,,,,,,,,,,,,,
"749774","JC453800","2019-09-30T07:10:00","2","DRIVER",,"712317",,"CHRYSLER","300M","IL","2018","UNKNOWN","PASSENGER","PERSONAL","W","SLOW/STOP IN TRAFFIC",,,"1",,,,,,,,,,"true",,,,,,,,"REAR-LEFT",,,,,,,,,,,,,,,,,,,,,,,,,,,,,,,,,
"749770","JC453897","2019-09-30T07:03:00","2","DRIVER",,"712295",,"CHEVROLET","UNKNOWN","IL","2016","NONE","PICKUP","PERSONAL","E","SLOW/STOP IN TRAFFIC",,,"1",,,,,,,,,,"true",,,,,,,,"REAR-LEFT",,,,,,,,,,,,,,,,,,,,,,,,,,,,,,,,,
"749973","JC454216","2019-09-30T07:00:00","2","PARKED",,"712445",,"HYUNDAI","Santa Fe","IL","2011","NONE","PASSENGER","NOT IN USE","E","PARKED",,,"0",,,,,,,,,,,,,,,,,,"ROOF",,,,,,,,,,,,,,,,,,,,,,,,,,,,,,,,,
"749726","JC453798","2019-09-30T07:00:00","2","PARKED",,"712255",,"NISSAN","Quest","IL","2007","NONE","VAN/MINI-VAN","PERSONAL","W","PARKED","true",,"0",,,,,,,,,,"true",,,,,,,,"REAR-LEFT",,,,,,,,,,,,,,,,,,,,,,,,,,,,,,,,,
"749727","JC453798","2019-09-30T07:00:00","3","PARKED",,"712263",,"TOYOTA MOTOR COMPANY, LTD.","COROLLA","IL","2006","NONE","PASSENGER","PERSONAL","W","PARKED",,,"0",,,,,,,,,"true",,,,,,,,,"REAR-LEFT",,,,,,,,,,,,,,,,,,,,,,,,,,,,,,,,,
"749721","JC453796","2019-09-30T07:00:00","1","DRIVER",,"712249",,"TOYOTA MOTOR COMPANY, LTD.","CAMRY","IL","2012","NONE","PASSENGER","PERSONAL","S","TURNING RIGHT",,,"1",,,,,,,,"true",,,,,,,,,,"REAR-RIGHT",,,,,,,,,,,,,,,,,,,,,,,,,,,,,,,,,
"750083","JC454444","2019-09-30T06:45:00","1","DRIVER",,"712553",,"CHRYSLER","300","IL","2018","UNKNOWN","PASSENGER","UNKNOWN/NA","W","UNKNOWN/NA",,,"1",,,,,,,,,,,,"true","false",,,,,"ROOF",,,,,,,,,,,,,,,,,,,,,,,,,,,,,,,,,
"750084","JC454444","2019-09-30T06:45:00","2","DRIVER",,"712555",,"VOLKSWAGEN","PASSAT","IL","2014","UNKNOWN","PASSENGER","UNKNOWN/NA","E","UNKNOWN/NA",,,"1",,,,,,,,,,,,,,,"true",,,"UNDER CARRIAGE",,,,,,,,,,,,,,,,,,,,,,,,,,,,,,,,,
"750464","JC455006","2019-09-30T06:30:00","2","PARKED",,"712920",,"INFINITI","G37","IL","2009","NONE","PASSENGER","PERSONAL","UNKNOWN","PARKED",,,"0",,,,,,,,,,"true","true","true","true","true","true",,,"ROOF",,,,,,,,,,,,,,,,,,,,,,,,,,,,,,,,,
"749712","JC453778","2019-09-30T06:25:00","2","DRIVER","1","712241",,"AUTOCAR","AUTOCAR","IL","2010","NONE","TRUCK - SINGLE UNIT","CONSTRUCTION/MAINTENANCE","S","STRAIGHT AHEAD",,,"2",,,,,,,,,"true",,,,,,,,,"REAR-RIGHT",,,,,,,,,,,,,,,,,,,,,,,,,,,,,,,,,
"749754","JC453838","2019-09-30T06:20:00","2","PARKED",,"712281","true","CHEVROLET","HHR","IL","2007","UNKNOWN","PASSENGER","COMMERCIAL - SINGLE UNIT","W","PARKED",,,"0",,,,,,,,,,,,,,"true",,,,"ROOF",,,,,,,,,,,,,,,,,,,,,,,,,,,,,,,,,
"749861","JC453780","2019-09-30T06:15:00","1","DRIVER","11","712349","false","FORD","FORD-TRUCK,VAN,SUV, ETC","IL","2012","UNKNOWN","BUS UP TO 15 PASS.","COMMERCIAL - MULTI-UNIT","S","STRAIGHT AHEAD","true",,"12",,,,,,,,,,,,"true","true","true","true",,,"OTHER",,,,,,,,,,,,,,,,,,,,,,,,,,,,,,,,,
"749709","JC453767","2019-09-30T06:15:00","1","DRIVER","1","712239",,"CHEVROLET","MALIBU (CHEVELLE)","IL","2009","UNKNOWN","PASSENGER","PERSONAL","E","STRAIGHT AHEAD",,,"1",,,,,"true",,,,,,,,,,"true","true",,"OTHER",,,,,,,,,,,,,,,,,,,,,,,,,,,,,,,,,
"750242","JC454678","2019-09-30T06:05:00","1","DRIVER",,"712701",,"NISSAN","ROGUE","IL","2014","UNKNOWN","PASSENGER","PERSONAL","S","TURNING LEFT",,,"1",,,,,,,,,,,,,,,"true",,,"TOTAL (ALL AREAS)",,,,,,,,,,,,,,,,,,,,,,,,,,,,,,,,,
"750243","JC454678","2019-09-30T06:05:00","2","DRIVER",,"712704",,"TOYOTA MOTOR COMPANY, LTD.","TACOMA","IL","2013","NONE","PASSENGER","PERSONAL","W","TURNING RIGHT",,,"1",,,,,,,,,,,,,,"false","true",,,"TOTAL (ALL AREAS)",,,,,,,,,,,,,,,,,,,,,,,,,,,,,,,,,
"751796","JC457621","2019-09-30T06:00:00","2","PARKED",,"714157",,"VOLKSWAGEN","JETTA","IL","2016","NONE","PASSENGER","NOT IN USE","UNKNOWN","PARKED",,,"0",,,,,,,,,,,,,,"true","true",,,"TOTAL (ALL AREAS)",,,,,,,,,,,,,,,,,,,,,,,,,,,,,,,,,
"750100","JC454458","2019-09-30T05:45:00","2","DRIVER",,"712574",,"KIA MOTORS CORP","Optima","IL","2014","UNKNOWN","PASSENGER","PERSONAL","W","SLOW/STOP IN TRAFFIC",,,"1",,,,,,,,,,,"true",,,,,,,"SIDE-LEFT",,,,,,,,,,,,,,,,,,,,,,,,,,,,,,,,,
"749728","JC453781","2019-09-30T05:45:00","1","DRIVER",,"712256",,"HYUNDAI","TUCSON","IL","2017","NONE","PASSENGER","PERSONAL","N","TURNING RIGHT",,,"1",,,,,,,,,,,,,,,,"true",,"OTHER",,,,,,,,,,,,,,,,,,,,,,,,,,,,,,,,,
"749714","JC453785","2019-09-30T05:30:00","2","PARKED",,"712238",,"CHRYSLER","300","IL","2012","NONE","PASSENGER","PERSONAL","E","PARKED",,,"0",,,,,,,,,,"true","true","true","true","true",,,,"ROOF",,,,,,,,,,,,,,,,,,,,,,,,,,,,,,,,,
"749762","JC453762","2019-09-30T05:21:00","1","DRIVER","1","712287",,"CHEVROLET","CRUZE","IL","2017","NONE","PASSENGER","PERSONAL","N","AVOIDING VEHICLES/OBJECTS","true",,"2",,"WES'S SERVICE",,,,,,,,,"true","true","true","true","false",,,"ROOF",,,,,,,,,,,,,,,,,,,,,,,,,,,,,,,,,
"749764","JC453762","2019-09-30T05:21:00","3","DRIVER",,"712307",,"MERCEDES-BENZ","UNKNOWN","IL","2006","NONE","PASSENGER","PERSONAL","S","STRAIGHT AHEAD","true",,"1",,"WES'S SERVICE",,,"true","true","true",,,,"true","true","true","true","true","true",,"TOTAL (ALL AREAS)",,,,,,,,,,,,,,,,,,,,,,,,,,,,,,,,,
"749695","JC453754","2019-09-30T04:49:00","2","DRIVER",,"712227",,"FREIGHTLINER CORP.","FREIGHTLINER CORP.","CA","2016","UNKNOWN","UNKNOWN/NA","UNKNOWN/NA","UNKNOWN","UNKNOWN/NA",,,"1",,,,,,,,,,,,,,,"true",,,"TOTAL (ALL AREAS)",,,,,,,,,,,,,,,,,,,,,,,,,,,,,,,,,
"749704","JC453743","2019-09-30T03:50:00","1","DRIVER",,"712232",,"FORD","Explorer","IL","2019","UNKNOWN","PASSENGER","OTHER","E","STRAIGHT AHEAD","true",,"1",,,,,"true",,,,,,,,,,"true","true",,"OTHER",,,,,,,,,,,,,,,,,,,,,,,,,,,,,,,,,
"749705","JC453743","2019-09-30T03:50:00","2","DRIVER",,"712240",,"FORD","Club Wagon E350","IL","2016","UNKNOWN","OTHER","OTHER","E","STRAIGHT AHEAD",,,"1",,,,,,,,,"true","true","true",,,,,,,"REAR-LEFT",,,,,,,,,,,,,,,,,,,,,,,,,,,,,,,,,
"750422","JC454874","2019-09-30T02:00:00","2","PARKED",,"712883",,"BUICK","VERANO","KY","2014","NONE","PASSENGER","NOT IN USE","N","PARKED",,,"0",,,,,,,,,,,,"true","true","false",,,,"ROOF",,,,,,,,,,,,,,,,,,,,,,,,,,,,,,,,,
"753370","JC460434","2019-09-30T00:45:00","2","DRIVER",,"715661",,"FORD","FUSION","IL","2015","UNKNOWN","PASSENGER","PERSONAL","S","STRAIGHT AHEAD","true",,"1",,,,,,,,,,,"true","true","true",,,,,"FRONT-LEFT",,,,,,,,,,,,,,,,,,,,,,,,,,,,,,,,,
"749685","JC453693","2019-09-30T00:32:00","1","DRIVER","1","712216",,"TOYOTA MOTOR COMPANY, LTD.","COROLLA","IL","2019","NONE","PASSENGER","PERSONAL","E","STRAIGHT AHEAD",,,"2",,,,,"true","true",,,,,,,,,,"true",,"FRONT",,,,,,,,,,,,,,,,,,,,,,,,,,,,,,,,,
"749687","JC453691","2019-09-30T00:32:00","1","DISABLED VEHICLE",,"712219",,"HYUNDAI","SONATA","IL","2019","NONE","PASSENGER","PERSONAL","W","DISABLED","true",,"0",,"E&R","103/DOTY",,,,,"true","true","true","true","true","true",,,,,"SIDE-RIGHT",,,,,,,,,,,,,,,,,,,,,,,,,,,,,,,,,
"749688","JC453691","2019-09-30T00:32:00","2","DRIVER",,"712222",,"MINI","COOPER","IL","2015","NONE","PASSENGER","PERSONAL","S","STRAIGHT AHEAD",,,"1",,,,,"true",,,,,,,,,,"true","true",,"OTHER",,,,,,,,,,,,,,,,,,,,,,,,,,,,,,,,,
"749682","JC453683","2019-09-30T00:10:00","2","DRIVER",,"712213",,"MERCEDES-BENZ","450 SERIES","IL","2015","NONE","PASSENGER","PERSONAL","E","STRAIGHT AHEAD",,,"1",,,,,,,,,"true",,,,,,,,,"REAR-RIGHT",,,,,,,,,,,,,,,,,,,,,,,,,,,,,,,,,
"749683","JC453707","2019-09-30T00:02:00","1","DRIVER",,"712215",,"DODGE","CALIBER","IL","2007","UNKNOWN","PASSENGER","PERSONAL","N","BACKING",,,"1",,,,,,,,,,"true",,,,,,"false",,"REAR-LEFT",,,,,,,,,,,,,,,,,,,,,,,,,,,,,,,,,
"749684","JC453707","2019-09-30T00:02:00","2","DRIVER",,"712217",,"NISSAN","NISSAN ALTIMA","IL","2010","UNKNOWN","PASSENGER","PERSONAL","S","STRAIGHT AHEAD",,,"1",,,,,,,,,,,,,,,,"true",,"OTHER",,,,,,,,,,,,,,,,,,,,,,,,,,,,,,,,,